timestamp,glucose_mgdl,trend
2021-01-11T12:00:07,125,Flat
2021-01-11T12:05:07,125,Flat
2021-01-11T12:10:07,125,Flat
2021-01-11T12:15:07,126,Flat
2021-01-11T12:20:07,126,Flat
2021-01-11T12:25:07,125,Flat
2021-01-11T12:30:07,124,Flat
2021-01-11T12:35:07,125,Flat
2021-01-11T12:40:07,125,Flat
2021-01-11T12:45:07,122,Flat
2021-01-11T12:50:07,125,Flat
2021-01-11T12:55:07,127,Flat
2021-01-11T13:00:07,127,Flat
2021-01-11T13:05:07,127,Flat
2021-01-11T13:10:07,126,Flat
2021-01-11T13:15:07,128,Flat
2021-01-11T13:20:07,131,Flat
2021-01-11T13:25:07,127,Flat
2021-01-11T13:30:06,128,Flat
2021-01-11T13:35:07,130,Flat
2021-01-11T13:40:07,132,Flat
2021-01-11T13:45:06,131,Flat
2021-01-11T13:50:06,134,Flat
2021-01-11T13:55:07,141,FortyFiveUp
2021-01-11T14:00:07,138,Flat
2021-01-11T14:05:06,154,DoubleUp
2021-01-11T14:10:06,168,SingleUp
2021-01-11T14:15:07,183,SingleUp
2021-01-11T14:20:07,189,FortyFiveUp
2021-01-11T14:25:07,182,FortyFiveDown
2021-01-11T14:30:07,180,Flat
2021-01-11T14:35:07,175,FortyFiveDown
2021-01-11T14:40:07,173,Flat
2021-01-11T14:45:07,171,Flat
2021-01-11T14:50:06,173,Flat
2021-01-11T14:55:07,173,Flat
2021-01-11T15:00:06,171,Flat
2021-01-11T15:05:07,179,FortyFiveUp
2021-01-11T15:10:06,185,FortyFiveUp
2021-01-11T15:15:07,199,SingleUp
2021-01-11T15:20:06,202,Flat
2021-01-11T15:25:07,209,FortyFiveUp
2021-01-11T15:30:07,217,FortyFiveUp
2021-01-11T15:35:06,219,Flat
2021-01-11T15:40:07,230,SingleUp
2021-01-11T15:45:07,228,Flat
2021-01-11T15:50:07,225,Flat
2021-01-11T15:55:07,229,Flat
2021-01-11T16:00:07,235,FortyFiveUp
2021-01-11T16:05:07,244,FortyFiveUp
2021-01-11T16:10:07,246,Flat
2021-01-11T16:15:07,252,FortyFiveUp
2021-01-11T16:20:07,255,Flat
2021-01-11T16:25:07,266,SingleUp
2021-01-11T16:30:07,266,Flat
2021-01-11T16:35:07,271,FortyFiveUp
2021-01-11T16:40:07,269,Flat
2021-01-11T16:45:06,272,Flat
2021-01-11T16:50:06,270,Flat
2021-01-11T16:55:06,270,Flat
2021-01-11T17:00:07,273,Flat
2021-01-11T17:05:07,279,FortyFiveUp
2021-01-11T17:10:06,293,SingleUp
2021-01-11T17:15:06,279,SingleDown
2021-01-11T17:20:07,271,FortyFiveDown
2021-01-11T17:25:06,269,Flat
2021-01-11T17:30:07,270,Flat
2021-01-11T17:35:06,283,SingleUp
2021-01-11T17:40:06,286,Flat
2021-01-11T17:45:06,288,Flat
2021-01-11T17:50:06,287,Flat
2021-01-11T17:55:06,288,Flat
2021-01-11T18:00:07,295,FortyFiveUp
2021-01-11T18:05:06,316,DoubleUp
2021-01-11T18:10:07,340,DoubleUp
2021-01-11T18:15:07,334,FortyFiveDown
2021-01-11T18:20:07,312,DoubleDown
2021-01-11T18:25:07,302,SingleDown
2021-01-11T18:30:07,296,FortyFiveDown
2021-01-11T18:35:07,282,SingleDown
2021-01-11T18:40:07,270,SingleDown
2021-01-11T18:45:06,261,FortyFiveDown
2021-01-11T18:50:06,254,FortyFiveDown
2021-01-11T18:55:07,251,Flat
2021-01-11T19:00:07,246,FortyFiveDown
2021-01-11T19:05:07,249,Flat
2021-01-11T19:10:07,251,Flat
2021-01-11T19:15:07,251,Flat
2021-01-11T19:20:06,260,FortyFiveUp
2021-01-11T19:25:06,276,DoubleUp
2021-01-11T19:30:07,287,SingleUp
2021-01-11T19:35:07,297,SingleUp
2021-01-11T19:40:07,304,FortyFiveUp
2021-01-11T19:45:07,303,Flat
2021-01-11T19:50:06,299,Flat
2021-01-11T19:55:07,291,FortyFiveDown
2021-01-11T20:00:07,270,DoubleDown
2021-01-11T20:05:06,267,Flat
2021-01-11T20:10:07,265,Flat
2021-01-11T20:15:07,251,SingleDown
2021-01-11T20:20:07,253,Flat
2021-01-11T20:25:07,256,Flat
2021-01-11T20:30:07,253,Flat
2021-01-11T20:35:06,237,DoubleDown
2021-01-11T20:40:07,229,FortyFiveDown
2021-01-11T20:45:06,233,Flat
2021-01-11T20:50:07,232,Flat
2021-01-11T20:55:07,229,Flat
2021-01-11T21:00:06,239,SingleUp
2021-01-11T21:05:07,256,DoubleUp
2021-01-11T21:10:07,256,Flat
2021-01-11T21:15:07,242,SingleDown
2021-01-11T21:20:06,243,Flat
2021-01-11T21:25:06,239,Flat
2021-01-11T21:30:07,252,SingleUp
2021-01-11T21:35:07,248,Flat
2021-01-11T21:40:07,238,SingleDown
2021-01-11T21:45:07,263,DoubleUp
2021-01-11T21:50:06,285,DoubleUp
2021-01-11T21:55:06,291,FortyFiveUp
2021-01-11T22:00:07,290,Flat
2021-01-11T22:05:07,289,Flat
2021-01-11T22:10:06,288,Flat
2021-01-11T22:15:07,303,SingleUp
2021-01-11T22:20:07,305,Flat
2021-01-11T22:25:07,317,SingleUp
2021-01-11T22:30:06,333,DoubleUp
2021-01-11T22:35:06,338,FortyFiveUp
2021-01-11T22:40:06,338,Flat
2021-01-11T22:45:07,348,FortyFiveUp
2021-01-11T22:50:07,352,Flat
2021-01-11T22:55:06,367,DoubleUp
2021-01-11T23:00:06,375,FortyFiveUp
2021-01-11T23:05:06,369,FortyFiveDown
2021-01-11T23:10:07,359,FortyFiveDown
2021-01-11T23:15:07,364,FortyFiveUp
2021-01-11T23:20:07,374,SingleUp
2021-01-11T23:25:07,377,Flat
2021-01-11T23:30:06,369,FortyFiveDown
2021-01-11T23:35:07,358,SingleDown
2021-01-11T23:40:07,360,Flat
2021-01-11T23:45:07,358,Flat
2021-01-11T23:50:06,357,Flat
2021-01-11T23:55:06,369,SingleUp
2021-01-12T00:00:07,370,Flat
2021-01-12T00:05:06,355,DoubleDown
2021-01-12T00:10:07,338,DoubleDown
2021-01-12T00:15:06,337,Flat
2021-01-12T00:20:07,327,FortyFiveDown
2021-01-12T00:25:07,301,DoubleDown
2021-01-12T00:30:06,288,SingleDown
2021-01-12T00:35:06,276,SingleDown
2021-01-12T00:40:07,253,DoubleDown
2021-01-12T00:45:07,225,DoubleDown
2021-01-12T00:50:07,215,SingleDown
2021-01-12T00:55:06,210,FortyFiveDown
2021-01-12T01:00:06,202,FortyFiveDown
2021-01-12T01:05:07,193,FortyFiveDown
2021-01-12T01:10:06,198,FortyFiveUp
2021-01-12T01:15:07,193,Flat
2021-01-12T01:20:07,186,FortyFiveDown
2021-01-12T01:25:07,174,SingleDown
2021-01-12T01:30:07,161,SingleDown
2021-01-12T01:35:06,155,FortyFiveDown
2021-01-12T01:40:07,150,Flat
2021-01-12T01:45:07,146,Flat
2021-01-12T01:50:07,141,FortyFiveDown
2021-01-12T01:55:07,135,FortyFiveDown
2021-01-12T02:00:07,129,FortyFiveDown
2021-01-12T02:05:06,124,FortyFiveDown
2021-01-12T02:10:07,120,Flat
2021-01-12T02:15:06,116,Flat
2021-01-12T02:20:07,115,Flat
2021-01-12T02:25:07,113,Flat
2021-01-12T02:30:06,111,Flat
2021-01-12T02:35:07,109,Flat
2021-01-12T02:40:07,107,Flat
2021-01-12T02:45:07,107,Flat
2021-01-12T02:50:07,106,Flat
2021-01-12T02:55:07,105,Flat
2021-01-12T03:00:07,104,Flat
2021-01-12T03:05:07,103,Flat
2021-01-12T03:10:07,106,Flat
2021-01-12T03:15:07,108,Flat
2021-01-12T03:20:06,108,Flat
2021-01-12T03:25:07,110,Flat
2021-01-12T03:30:07,110,Flat
2021-01-12T03:35:06,115,FortyFiveUp
2021-01-12T03:40:07,120,Flat
2021-01-12T03:45:07,120,Flat
2021-01-12T03:50:07,124,Flat
2021-01-12T03:55:07,127,Flat
2021-01-12T04:00:07,131,Flat
2021-01-12T04:05:06,133,Flat
2021-01-12T04:10:07,132,Flat
2021-01-12T04:15:07,136,Flat
2021-01-12T04:20:07,141,FortyFiveUp
2021-01-12T04:25:07,143,Flat
2021-01-12T04:30:07,143,Flat
2021-01-12T04:35:06,144,Flat
2021-01-12T04:40:06,145,Flat
2021-01-12T04:45:07,151,FortyFiveUp
2021-01-12T04:50:07,155,Flat
2021-01-12T04:55:07,164,FortyFiveUp
2021-01-12T05:00:07,166,Flat
2021-01-12T05:05:07,166,Flat
2021-01-12T05:10:06,165,Flat
2021-01-12T05:15:06,159,FortyFiveDown
2021-01-12T05:20:07,167,FortyFiveUp
2021-01-12T05:25:07,172,FortyFiveUp
2021-01-12T05:30:07,173,Flat
2021-01-12T05:35:07,176,Flat
2021-01-12T05:40:07,179,Flat
2021-01-12T05:45:07,186,FortyFiveUp
2021-01-12T05:50:06,190,Flat
2021-01-12T05:55:07,194,Flat
2021-01-12T06:00:07,194,Flat
2021-01-12T06:05:06,198,Flat
2021-01-12T06:10:06,201,Flat
2021-01-12T06:15:07,203,Flat
2021-01-12T06:20:07,207,Flat
2021-01-12T06:25:07,208,Flat
2021-01-12T06:30:07,214,FortyFiveUp
2021-01-12T06:35:07,213,Flat
2021-01-12T06:40:07,216,Flat
2021-01-12T06:45:07,220,Flat
2021-01-12T06:50:06,222,Flat
2021-01-12T06:55:06,227,FortyFiveUp
2021-01-12T07:00:07,230,Flat
2021-01-12T07:05:07,231,Flat
2021-01-12T07:10:06,237,FortyFiveUp
2021-01-12T07:15:06,229,FortyFiveDown
2021-01-12T07:20:07,226,Flat
2021-01-12T07:25:07,236,SingleUp
2021-01-12T07:30:06,243,FortyFiveUp
2021-01-12T07:35:07,245,Flat
2021-01-12T07:40:07,251,FortyFiveUp
2021-01-12T07:45:07,241,SingleDown
2021-01-12T07:50:07,225,DoubleDown
2021-01-12T07:55:06,224,Flat
2021-01-12T08:00:07,238,SingleUp
2021-01-12T08:05:07,262,DoubleUp
2021-01-12T08:10:07,278,DoubleUp
2021-01-12T08:15:06,289,SingleUp
2021-01-12T08:20:07,279,FortyFiveDown
2021-01-12T08:25:06,278,Flat
2021-01-12T08:30:07,309,DoubleUp
2021-01-12T08:35:07,351,DoubleUp
2021-01-12T08:40:06,378,DoubleUp
2021-01-12T08:45:06,384,FortyFiveUp
2021-01-12T08:50:07,377,FortyFiveDown
2021-01-12T08:55:07,373,Flat
2021-01-12T09:00:06,373,Flat
2021-01-12T09:05:06,369,Flat
2021-01-12T09:10:07,359,FortyFiveDown
2021-01-12T09:15:07,345,SingleDown
2021-01-12T09:20:06,329,DoubleDown
2021-01-12T09:25:06,320,FortyFiveDown
2021-01-12T09:30:06,307,SingleDown
2021-01-12T09:35:07,288,DoubleDown
2021-01-12T09:40:07,267,DoubleDown
2021-01-12T09:45:07,253,SingleDown
2021-01-12T09:50:06,238,DoubleDown
2021-01-12T09:55:07,230,FortyFiveDown
2021-01-12T10:00:07,217,SingleDown
2021-01-12T10:05:07,201,DoubleDown
2021-01-12T10:10:07,195,FortyFiveDown
2021-01-12T10:15:07,185,SingleDown
2021-01-12T10:20:06,176,FortyFiveDown
2021-01-12T10:25:07,163,SingleDown
2021-01-12T10:30:07,149,SingleDown
2021-01-12T10:35:07,145,Flat
2021-01-12T10:40:07,133,SingleDown
2021-01-12T10:45:07,127,FortyFiveDown
2021-01-12T10:50:06,123,Flat
2021-01-12T10:55:07,116,FortyFiveDown
2021-01-12T11:00:06,108,FortyFiveDown
2021-01-12T11:05:06,104,Flat
2021-01-12T11:10:06,99,FortyFiveDown
2021-01-12T11:15:07,95,Flat
2021-01-12T11:20:07,90,FortyFiveDown
2021-01-12T11:25:06,89,Flat
2021-01-12T11:30:07,90,Flat
2021-01-12T11:35:06,97,FortyFiveUp
2021-01-12T11:40:07,101,Flat
2021-01-12T11:45:07,106,FortyFiveUp
2021-01-12T11:50:06,105,Flat
2021-01-12T11:55:07,104,Flat
2021-01-12T12:00:07,102,Flat
2021-01-12T12:05:07,101,Flat
2021-01-12T12:10:07,103,Flat
2021-01-12T12:15:07,101,Flat
2021-01-12T12:20:06,101,Flat
2021-01-12T12:25:06,102,Flat
2021-01-12T12:30:07,102,Flat
2021-01-12T12:35:07,103,Flat
2021-01-12T12:40:07,105,Flat
2021-01-12T12:45:07,114,FortyFiveUp
2021-01-12T12:50:06,120,FortyFiveUp
2021-01-12T12:55:07,118,Flat
2021-01-12T13:00:06,123,FortyFiveUp
2021-01-12T13:05:07,124,Flat
2021-01-12T13:10:06,122,Flat
2021-01-12T13:15:07,122,Flat
2021-01-12T13:20:06,116,FortyFiveDown
2021-01-12T13:25:07,107,FortyFiveDown
2021-01-12T13:30:07,105,Flat
2021-01-12T13:35:07,107,Flat
2021-01-12T13:40:07,111,Flat
2021-01-12T13:45:07,106,FortyFiveDown
2021-01-12T13:50:07,106,Flat
2021-01-12T13:55:06,103,Flat
2021-01-12T14:00:07,104,Flat
2021-01-12T14:05:07,107,Flat
2021-01-12T14:10:07,113,FortyFiveUp
2021-01-12T14:15:07,109,Flat
2021-01-12T14:20:07,107,Flat
2021-01-12T14:25:07,114,FortyFiveUp
2021-01-12T14:30:06,113,Flat
2021-01-12T14:35:07,116,Flat
2021-01-12T14:40:07,120,Flat
2021-01-12T14:45:07,119,Flat
2021-01-12T14:50:07,125,FortyFiveUp
2021-01-12T14:55:06,132,FortyFiveUp
2021-01-12T15:00:06,135,Flat
2021-01-12T15:05:07,141,FortyFiveUp
2021-01-12T15:10:07,153,SingleUp
2021-01-12T15:15:07,156,Flat
2021-01-12T15:20:07,166,SingleUp
2021-01-12T15:25:07,169,Flat
2021-01-12T15:30:07,178,FortyFiveUp
2021-01-12T15:35:07,181,Flat
2021-01-12T15:40:06,188,FortyFiveUp
2021-01-12T15:45:07,197,FortyFiveUp
2021-01-12T15:50:07,215,DoubleUp
2021-01-12T15:55:07,234,DoubleUp
2021-01-12T16:00:06,235,Flat
2021-01-12T16:05:07,245,FortyFiveUp
2021-01-12T16:10:06,250,FortyFiveUp
2021-01-12T16:15:07,237,SingleDown
2021-01-12T16:20:07,235,Flat
2021-01-12T16:25:07,237,Flat
2021-01-12T16:30:07,238,Flat
2021-01-12T16:35:06,231,FortyFiveDown
2021-01-12T16:40:07,229,Flat
2021-01-12T16:45:07,231,Flat
2021-01-12T16:50:06,233,Flat
2021-01-12T16:55:06,237,Flat
2021-01-12T17:00:07,246,FortyFiveUp
2021-01-12T17:05:07,238,FortyFiveDown
2021-01-12T17:10:06,254,DoubleUp
2021-01-12T17:15:06,264,SingleUp
2021-01-12T17:20:07,270,FortyFiveUp
2021-01-12T17:25:07,267,Flat
2021-01-12T17:30:06,270,Flat
2021-01-12T17:35:06,266,Flat
2021-01-12T17:40:07,264,Flat
2021-01-12T17:45:07,271,FortyFiveUp
2021-01-12T17:50:06,287,DoubleUp
2021-01-12T17:55:06,288,Flat
2021-01-12T18:00:07,287,Flat
2021-01-12T18:05:07,279,FortyFiveDown
2021-01-12T18:10:07,257,DoubleDown
2021-01-12T18:15:07,249,FortyFiveDown
2021-01-12T18:20:07,244,FortyFiveDown
2021-01-12T18:25:07,239,FortyFiveDown
2021-01-12T18:30:07,233,FortyFiveDown
2021-01-12T18:35:07,234,Flat
2021-01-12T18:40:06,240,FortyFiveUp
2021-01-12T18:45:06,240,Flat
2021-01-12T18:50:06,241,Flat
2021-01-12T18:55:06,242,Flat
2021-01-12T19:00:06,253,SingleUp
2021-01-12T19:05:06,279,DoubleUp
2021-01-12T19:10:06,288,FortyFiveUp
2021-01-12T19:15:07,276,SingleDown
2021-01-12T19:20:06,265,SingleDown
2021-01-12T19:25:07,267,Flat
2021-01-12T19:30:07,262,FortyFiveDown
2021-01-12T19:35:07,263,Flat
2021-01-12T19:40:06,264,Flat
2021-01-12T19:45:07,268,Flat
2021-01-12T19:50:07,274,FortyFiveUp
2021-01-12T19:55:06,273,Flat
2021-01-12T20:00:06,274,Flat
2021-01-12T20:05:06,272,Flat
2021-01-12T20:10:06,273,Flat
2021-01-12T20:15:06,271,Flat
2021-01-12T20:20:06,254,DoubleDown
2021-01-12T20:25:06,256,Flat
2021-01-12T20:30:07,258,Flat
2021-01-12T20:35:07,243,DoubleDown
2021-01-12T20:40:07,204,DoubleDown
2021-01-12T20:45:07,167,DoubleDown
2021-01-12T20:50:06,147,DoubleDown
2021-01-12T20:55:06,145,Flat
2021-01-12T21:15:07,198,SingleUp
2021-01-12T21:20:06,245,DoubleUp
2021-01-12T21:25:06,264,DoubleUp
2021-01-12T21:35:06,233,DoubleDown
2021-01-12T21:40:07,242,FortyFiveUp
2021-01-12T21:45:06,235,FortyFiveDown
2021-01-12T21:50:07,243,FortyFiveUp
2021-01-12T21:55:06,257,SingleUp
2021-01-12T22:00:07,262,Flat
2021-01-12T22:05:07,258,Flat
2021-01-12T22:10:06,247,SingleDown
2021-01-12T22:15:06,259,SingleUp
2021-01-12T22:20:07,277,DoubleUp
2021-01-12T22:25:06,300,DoubleUp
2021-01-12T22:30:06,287,SingleDown
2021-01-12T22:35:07,269,DoubleDown
2021-01-12T22:40:06,258,SingleDown
2021-01-12T22:45:06,253,FortyFiveDown
2021-01-12T22:50:07,252,Flat
2021-01-12T22:55:06,246,FortyFiveDown
2021-01-12T23:00:07,239,FortyFiveDown
2021-01-12T23:05:07,231,FortyFiveDown
2021-01-12T23:10:06,224,FortyFiveDown
2021-01-12T23:15:07,222,Flat
2021-01-12T23:20:06,220,Flat
2021-01-12T23:25:07,217,Flat
2021-01-12T23:30:07,211,FortyFiveDown
2021-01-12T23:35:06,204,FortyFiveDown
2021-01-12T23:40:07,199,Flat
2021-01-12T23:45:06,196,Flat
2021-01-12T23:50:07,189,FortyFiveDown
2021-01-12T23:55:06,185,Flat
2021-01-13T00:00:07,183,Flat
2021-01-13T00:05:06,181,Flat
2021-01-13T00:10:07,178,Flat
2021-01-13T00:15:06,175,Flat
2021-01-13T00:20:07,177,Flat
2021-01-13T00:25:06,175,Flat
2021-01-13T00:30:06,169,FortyFiveDown
2021-01-13T00:35:06,167,Flat
2021-01-13T00:40:07,164,Flat
2021-01-13T00:45:06,163,Flat
2021-01-13T00:50:07,163,Flat
2021-01-13T00:55:07,163,Flat
2021-01-13T01:00:07,162,Flat
2021-01-13T01:05:06,160,Flat
2021-01-13T01:10:07,159,Flat
2021-01-13T01:15:06,163,Flat
2021-01-13T01:20:07,166,Flat
2021-01-13T01:25:07,169,Flat
2021-01-13T01:30:07,173,Flat
2021-01-13T01:35:06,170,Flat
2021-01-13T01:40:07,172,Flat
2021-01-13T01:45:06,169,Flat
2021-01-13T01:50:06,172,Flat
2021-01-13T01:55:06,174,Flat
2021-01-13T02:00:07,178,Flat
2021-01-13T02:05:06,182,Flat
2021-01-13T02:10:07,187,Flat
2021-01-13T02:15:06,191,Flat
2021-01-13T02:20:07,192,Flat
2021-01-13T02:25:07,191,Flat
2021-01-13T02:30:06,191,Flat
2021-01-13T02:35:06,194,Flat
2021-01-13T02:40:06,192,Flat
2021-01-13T02:45:06,194,Flat
2021-01-13T02:50:06,194,Flat
2021-01-13T02:55:06,194,Flat
2021-01-13T03:00:06,193,Flat
2021-01-13T03:05:06,196,Flat
2021-01-13T03:10:07,195,Flat
2021-01-13T03:15:06,196,Flat
2021-01-13T03:20:07,197,Flat
2021-01-13T03:25:06,197,Flat
2021-01-13T03:30:07,194,Flat
2021-01-13T03:35:06,199,FortyFiveUp
2021-01-13T03:40:07,199,Flat
2021-01-13T03:45:06,201,Flat
2021-01-13T03:50:06,201,Flat
2021-01-13T03:55:07,197,Flat
2021-01-13T04:00:06,199,Flat
2021-01-13T04:05:07,201,Flat
2021-01-13T04:10:06,201,Flat
2021-01-13T04:15:07,202,Flat
2021-01-13T04:20:07,205,Flat
2021-01-13T04:25:07,207,Flat
2021-01-13T04:30:06,208,Flat
2021-01-13T04:35:07,208,Flat
2021-01-13T04:40:06,204,Flat
2021-01-13T04:45:07,201,Flat
2021-01-13T04:50:07,212,SingleUp
2021-01-13T04:55:07,214,Flat
2021-01-13T05:00:07,217,Flat
2021-01-13T05:05:07,219,Flat
2021-01-13T05:10:06,224,FortyFiveUp
2021-01-13T05:15:07,226,Flat
2021-01-13T05:20:07,228,Flat
2021-01-13T05:25:07,233,FortyFiveUp
2021-01-13T05:30:07,229,Flat
2021-01-13T05:35:07,231,Flat
2021-01-13T05:40:07,233,Flat
2021-01-13T05:45:07,233,Flat
2021-01-13T05:50:07,232,Flat
2021-01-13T05:55:07,233,Flat
2021-01-13T06:00:07,236,Flat
2021-01-13T06:05:06,239,Flat
2021-01-13T06:10:07,238,Flat
2021-01-13T06:15:06,238,Flat
2021-01-13T06:20:07,234,Flat
2021-01-13T06:25:06,230,Flat
2021-01-13T06:30:07,231,Flat
2021-01-13T06:35:07,234,Flat
2021-01-13T06:40:07,234,Flat
2021-01-13T06:45:07,233,Flat
2021-01-13T06:50:07,225,FortyFiveDown
2021-01-13T06:55:06,226,Flat
2021-01-13T07:00:07,232,FortyFiveUp
2021-01-13T07:05:06,228,Flat
2021-01-13T07:10:06,230,Flat
2021-01-13T07:15:06,235,FortyFiveUp
2021-01-13T07:20:07,235,Flat
2021-01-13T07:25:07,235,Flat
2021-01-13T07:30:07,239,Flat
2021-01-13T07:35:06,230,FortyFiveDown
2021-01-13T07:40:07,204,DoubleDown
2021-01-13T07:45:06,204,Flat
2021-01-13T07:50:07,204,Flat
2021-01-13T07:55:07,208,Flat
2021-01-13T08:00:07,233,DoubleUp
2021-01-13T08:05:06,256,DoubleUp
2021-01-13T08:10:06,265,FortyFiveUp
2021-01-13T08:15:07,263,Flat
2021-01-13T08:20:07,287,DoubleUp
2021-01-13T08:25:07,304,DoubleUp
2021-01-13T08:30:07,315,SingleUp
2021-01-13T08:35:07,327,SingleUp
2021-01-13T08:40:07,332,FortyFiveUp
2021-01-13T08:45:06,327,FortyFiveDown
2021-01-13T08:50:06,313,SingleDown
2021-01-13T08:55:07,305,FortyFiveDown
2021-01-13T09:00:07,288,DoubleDown
2021-01-13T09:05:06,274,SingleDown
2021-01-13T09:10:07,243,DoubleDown
2021-01-13T09:15:07,221,DoubleDown
2021-01-13T09:20:07,202,DoubleDown
2021-01-13T09:25:07,176,DoubleDown
2021-01-13T09:30:07,162,SingleDown
2021-01-13T09:35:07,150,SingleDown
2021-01-13T09:40:06,138,SingleDown
2021-01-13T09:45:07,128,FortyFiveDown
2021-01-13T09:50:06,119,FortyFiveDown
2021-01-13T09:55:07,115,Flat
2021-01-13T10:00:06,111,Flat
2021-01-13T10:05:07,106,Flat
2021-01-13T10:10:07,106,Flat
2021-01-13T10:15:06,103,Flat
2021-01-13T10:20:07,102,Flat
2021-01-13T10:25:06,101,Flat
2021-01-13T10:30:06,100,Flat
2021-01-13T10:35:07,98,Flat
2021-01-13T10:40:06,96,Flat
2021-01-13T10:45:07,94,Flat
2021-01-13T10:50:07,100,FortyFiveUp
2021-01-13T10:55:07,100,Flat
2021-01-13T11:00:06,101,Flat
2021-01-13T11:05:06,104,Flat
2021-01-13T11:10:06,103,Flat
2021-01-13T11:15:07,112,FortyFiveUp
2021-01-13T11:20:07,131,DoubleUp
2021-01-13T11:25:06,154,DoubleUp
2021-01-13T11:30:07,181,DoubleUp
2021-01-13T11:35:07,183,Flat
2021-01-13T11:40:06,181,Flat
2021-01-13T11:45:07,179,Flat
2021-01-13T11:50:07,174,FortyFiveDown
2021-01-13T11:55:06,169,FortyFiveDown
2021-01-13T12:00:07,164,Flat
2021-01-13T12:05:07,162,Flat
2021-01-13T12:10:06,162,Flat
2021-01-13T12:15:07,164,Flat
2021-01-13T12:20:06,183,DoubleUp
2021-01-13T12:25:07,200,DoubleUp
2021-01-13T12:30:06,214,SingleUp
2021-01-13T12:35:06,214,Flat
2021-01-13T12:40:07,193,DoubleDown
2021-01-13T12:45:07,173,DoubleDown
2021-01-13T12:50:07,161,SingleDown
2021-01-13T12:55:06,150,SingleDown
2021-01-13T13:00:07,137,SingleDown
2021-01-13T13:05:06,132,FortyFiveDown
2021-01-13T13:10:07,129,Flat
2021-01-13T13:15:07,130,Flat
2021-01-13T13:20:07,131,Flat
2021-01-13T13:25:07,133,Flat
2021-01-13T13:30:06,134,Flat
2021-01-13T13:35:06,134,Flat
2021-01-13T13:40:07,133,Flat
2021-01-13T13:45:07,130,Flat
2021-01-13T13:50:06,128,Flat
2021-01-13T13:55:07,131,Flat
2021-01-13T14:00:07,128,Flat
2021-01-13T14:05:06,128,Flat
2021-01-13T14:10:07,126,Flat
2021-01-13T14:15:07,131,FortyFiveUp
2021-01-13T14:20:07,134,Flat
2021-01-13T14:25:07,132,Flat
2021-01-13T14:30:07,136,Flat
2021-01-13T14:35:06,133,Flat
2021-01-13T14:40:07,130,Flat
2021-01-13T14:45:07,132,Flat
2021-01-13T14:50:07,130,Flat
2021-01-13T14:55:07,132,Flat
2021-01-13T15:00:06,126,FortyFiveDown
2021-01-13T15:05:07,125,Flat
2021-01-13T15:10:06,130,FortyFiveUp
2021-01-13T15:15:07,134,Flat
2021-01-13T15:20:06,133,Flat
2021-01-13T15:25:06,126,FortyFiveDown
2021-01-13T15:30:06,119,FortyFiveDown
2021-01-13T15:35:07,112,FortyFiveDown
2021-01-13T15:40:07,110,Flat
2021-01-13T15:45:06,110,Flat
2021-01-13T15:50:06,115,FortyFiveUp
2021-01-13T15:55:06,118,Flat
2021-01-13T16:00:06,128,SingleUp
2021-01-13T16:05:06,138,SingleUp
2021-01-13T16:10:06,147,FortyFiveUp
2021-01-13T16:15:06,153,FortyFiveUp
2021-01-13T16:20:06,166,SingleUp
2021-01-13T16:25:07,173,FortyFiveUp
2021-01-13T16:30:07,174,Flat
2021-01-13T16:35:06,175,Flat
2021-01-13T16:40:06,181,FortyFiveUp
2021-01-13T16:45:06,197,DoubleUp
2021-01-13T16:50:07,212,SingleUp
2021-01-13T16:55:06,218,FortyFiveUp
2021-01-13T17:00:07,212,FortyFiveDown
2021-01-13T17:05:07,214,Flat
2021-01-13T17:10:06,219,FortyFiveUp
2021-01-13T17:15:07,221,Flat
2021-01-13T17:20:07,234,SingleUp
2021-01-13T17:25:06,262,DoubleUp
2021-01-13T17:30:06,273,SingleUp
2021-01-13T17:35:07,277,Flat
2021-01-13T17:40:06,275,Flat
2021-01-13T17:45:06,263,SingleDown
2021-01-13T17:50:07,269,FortyFiveUp
2021-01-13T17:55:06,271,Flat
2021-01-13T18:00:06,266,FortyFiveDown
2021-01-13T18:05:07,261,Flat
2021-01-13T18:10:06,260,Flat
2021-01-13T18:15:07,260,Flat
2021-01-13T18:20:06,253,FortyFiveDown
2021-01-13T18:25:07,262,FortyFiveUp
2021-01-13T18:30:07,268,FortyFiveUp
2021-01-13T18:35:07,272,Flat
2021-01-13T18:40:06,274,Flat
2021-01-13T18:45:06,276,Flat
2021-01-13T18:50:06,270,FortyFiveDown
2021-01-13T18:55:06,272,Flat
2021-01-13T19:00:07,275,Flat
2021-01-13T19:05:06,271,Flat
2021-01-13T19:10:06,268,Flat
2021-01-13T19:15:07,276,FortyFiveUp
2021-01-13T19:20:07,279,Flat
2021-01-13T19:25:06,270,FortyFiveDown
2021-01-13T19:30:06,259,SingleDown
2021-01-13T19:35:06,260,Flat
2021-01-13T19:40:07,265,Flat
2021-01-13T19:45:06,269,Flat
2021-01-13T19:50:06,270,Flat
2021-01-13T19:55:07,269,Flat
2021-01-13T20:00:06,263,FortyFiveDown
2021-01-13T20:05:07,250,SingleDown
2021-01-13T20:10:06,270,DoubleUp
2021-01-13T20:15:07,278,FortyFiveUp
2021-01-13T20:20:07,271,FortyFiveDown
2021-01-13T20:25:06,232,DoubleDown
2021-01-13T20:30:07,212,DoubleDown
2021-01-13T20:35:07,208,Flat
2021-01-13T20:40:07,218,SingleUp
2021-01-13T20:45:07,227,FortyFiveUp
2021-01-13T20:50:07,215,SingleDown
2021-01-13T20:55:06,217,Flat
2021-01-13T21:00:06,239,DoubleUp
2021-01-13T21:05:07,234,Flat
2021-01-13T21:10:07,225,FortyFiveDown
2021-01-13T21:15:06,223,Flat
2021-01-13T21:20:06,235,SingleUp
2021-01-13T21:25:06,250,DoubleUp
2021-01-13T21:30:07,262,SingleUp
2021-01-13T21:35:06,270,FortyFiveUp
2021-01-13T21:40:06,280,SingleUp
2021-01-13T21:45:06,277,Flat
2021-01-13T21:50:07,280,Flat
2021-01-13T21:55:06,280,Flat
2021-01-13T22:00:07,269,SingleDown
2021-01-13T22:05:07,275,FortyFiveUp
2021-01-13T22:10:06,274,Flat
2021-01-13T22:15:07,275,Flat
2021-01-13T22:20:06,266,FortyFiveDown
2021-01-13T22:25:06,256,SingleDown
2021-01-13T22:30:06,254,Flat
2021-01-13T22:35:06,272,DoubleUp
2021-01-13T22:40:07,290,DoubleUp
2021-01-13T22:45:07,296,FortyFiveUp
2021-01-13T22:50:07,298,Flat
2021-01-13T22:55:07,299,Flat
2021-01-13T23:00:07,305,FortyFiveUp
2021-01-13T23:05:06,313,FortyFiveUp
2021-01-13T23:10:06,314,Flat
2021-01-13T23:15:06,315,Flat
2021-01-13T23:20:06,307,FortyFiveDown
2021-01-13T23:25:07,300,FortyFiveDown
2021-01-13T23:30:07,285,DoubleDown
2021-01-13T23:35:07,263,DoubleDown
2021-01-13T23:40:07,250,SingleDown
2021-01-13T23:45:07,252,Flat
2021-01-13T23:50:06,259,FortyFiveUp
2021-01-13T23:55:07,259,Flat
2021-01-14T00:00:06,261,Flat
2021-01-14T00:05:07,269,FortyFiveUp
2021-01-14T00:10:07,269,Flat
2021-01-14T00:15:06,271,Flat
2021-01-14T00:20:06,276,FortyFiveUp
2021-01-14T00:25:07,272,Flat
2021-01-14T00:30:06,275,Flat
2021-01-14T00:35:07,264,SingleDown
2021-01-14T00:40:06,265,Flat
2021-01-14T00:45:06,273,FortyFiveUp
2021-01-14T00:50:07,265,FortyFiveDown
2021-01-14T00:55:07,271,FortyFiveUp
2021-01-14T01:00:07,287,DoubleUp
2021-01-14T01:05:06,286,Flat
2021-01-14T01:10:06,291,FortyFiveUp
2021-01-14T01:15:06,292,Flat
2021-01-14T01:20:07,291,Flat
2021-01-14T01:25:06,296,FortyFiveUp
2021-01-14T01:30:07,306,FortyFiveUp
2021-01-14T01:35:06,303,Flat
2021-01-14T01:40:07,302,Flat
2021-01-14T01:45:07,308,FortyFiveUp
2021-01-14T01:50:07,311,Flat
2021-01-14T01:55:07,314,Flat
2021-01-14T02:00:07,310,Flat
2021-01-14T02:05:07,325,DoubleUp
2021-01-14T02:10:07,321,Flat
2021-01-14T02:15:06,319,Flat
2021-01-14T02:20:06,299,DoubleDown
2021-01-14T02:25:07,279,DoubleDown
2021-01-14T02:30:06,247,DoubleDown
2021-01-14T02:35:06,228,DoubleDown
2021-01-14T02:40:07,220,FortyFiveDown
2021-01-14T02:45:06,201,DoubleDown
2021-01-14T02:50:06,179,DoubleDown
2021-01-14T02:55:06,158,DoubleDown
2021-01-14T03:00:07,163,Flat
2021-01-14T03:05:06,161,Flat
2021-01-14T03:10:06,156,FortyFiveDown
2021-01-14T03:15:06,142,SingleDown
2021-01-14T03:20:06,136,FortyFiveDown
2021-01-14T03:25:07,125,SingleDown
2021-01-14T03:30:06,122,Flat
2021-01-14T03:35:06,123,Flat
2021-01-14T03:40:06,120,Flat
2021-01-14T03:45:07,111,FortyFiveDown
2021-01-14T03:50:06,103,FortyFiveDown
2021-01-14T03:55:06,103,Flat
2021-01-14T04:00:07,104,Flat
2021-01-14T04:05:07,112,FortyFiveUp
2021-01-14T04:10:06,123,SingleUp
2021-01-14T04:15:07,124,Flat
2021-01-14T04:20:07,130,FortyFiveUp
2021-01-14T04:25:06,137,FortyFiveUp
2021-01-14T04:30:07,137,Flat
2021-01-14T04:35:07,141,Flat
2021-01-14T04:40:06,147,FortyFiveUp
2021-01-14T04:45:07,152,Flat
2021-01-14T04:50:06,158,FortyFiveUp
2021-01-14T04:55:07,155,Flat
2021-01-14T05:00:06,161,FortyFiveUp
2021-01-14T05:05:07,168,FortyFiveUp
2021-01-14T05:10:06,172,Flat
2021-01-14T05:15:06,175,Flat
2021-01-14T05:20:06,175,Flat
2021-01-14T05:25:07,179,Flat
2021-01-14T05:30:07,182,Flat
2021-01-14T05:35:06,185,Flat
2021-01-14T05:40:07,177,FortyFiveDown
2021-01-14T05:45:07,182,FortyFiveUp
2021-01-14T05:50:07,189,FortyFiveUp
2021-01-14T05:55:06,195,FortyFiveUp
2021-01-14T06:00:07,196,Flat
2021-01-14T06:05:06,203,FortyFiveUp
2021-01-14T06:10:06,208,FortyFiveUp
2021-01-14T06:15:06,212,Flat
2021-01-14T06:20:06,215,Flat
2021-01-14T06:25:07,218,Flat
2021-01-14T06:30:07,220,Flat
2021-01-14T06:35:06,221,Flat
2021-01-14T06:40:07,224,Flat
2021-01-14T06:45:07,228,Flat
2021-01-14T06:50:06,232,Flat
2021-01-14T06:55:06,237,FortyFiveUp
2021-01-14T07:00:06,243,FortyFiveUp
2021-01-14T07:05:06,245,Flat
2021-01-14T07:10:07,246,Flat
2021-01-14T07:15:06,251,FortyFiveUp
2021-01-14T07:20:06,240,SingleDown
2021-01-14T07:25:06,237,Flat
2021-01-14T07:30:06,249,SingleUp
2021-01-14T07:35:07,254,Flat
2021-01-14T07:40:06,264,SingleUp
2021-01-14T07:45:06,267,Flat
2021-01-14T07:50:06,268,Flat
2021-01-14T07:55:06,269,Flat
2021-01-14T08:00:07,274,Flat
2021-01-14T08:05:07,275,Flat
2021-01-14T08:10:07,269,FortyFiveDown
2021-01-14T08:15:06,271,Flat
2021-01-14T08:20:07,271,Flat
2021-01-14T08:25:07,278,FortyFiveUp
2021-01-14T08:30:06,276,Flat
2021-01-14T08:35:07,277,Flat
2021-01-14T08:40:06,284,FortyFiveUp
2021-01-14T08:45:06,283,Flat
2021-01-14T08:50:07,288,Flat
2021-01-14T08:55:06,288,Flat
2021-01-14T09:00:06,293,FortyFiveUp
2021-01-14T09:05:07,292,Flat
2021-01-14T09:10:06,295,Flat
2021-01-14T09:15:07,296,Flat
2021-01-14T09:20:06,298,Flat
2021-01-14T09:25:06,296,Flat
2021-01-14T09:30:07,292,Flat
2021-01-14T09:35:06,296,Flat
2021-01-14T09:40:06,298,Flat
2021-01-14T09:45:07,299,Flat
2021-01-14T09:50:07,303,Flat
2021-01-14T09:55:07,303,Flat
2021-01-14T10:00:06,304,Flat
2021-01-14T10:05:06,309,FortyFiveUp
2021-01-14T10:10:07,309,Flat
2021-01-14T10:15:06,310,Flat
2021-01-14T10:20:06,310,Flat
2021-01-14T10:25:07,310,Flat
2021-01-14T10:30:06,307,Flat
2021-01-14T10:35:06,296,SingleDown
2021-01-14T10:40:07,300,Flat
2021-01-14T10:45:06,304,Flat
2021-01-14T10:50:07,297,FortyFiveDown
2021-01-14T10:55:07,277,DoubleDown
2021-01-14T11:00:06,277,Flat
2021-01-14T11:05:07,299,DoubleUp
2021-01-14T11:10:07,310,SingleUp
2021-01-14T11:15:07,304,FortyFiveDown
2021-01-14T11:20:07,296,FortyFiveDown
2021-01-14T11:25:07,296,Flat
2021-01-14T11:30:07,308,SingleUp
2021-01-14T11:35:07,324,DoubleUp
2021-01-14T11:40:06,324,Flat
2021-01-14T11:45:06,344,DoubleUp
2021-01-14T11:50:06,336,FortyFiveDown
2021-01-14T11:55:06,307,DoubleDown
2021-01-14T12:00:06,300,FortyFiveDown
2021-01-14T12:05:06,310,SingleUp
2021-01-14T12:10:07,312,Flat
2021-01-14T12:15:07,314,Flat
2021-01-14T12:20:07,319,FortyFiveUp
2021-01-14T12:25:06,310,FortyFiveDown
2021-01-14T12:30:06,308,Flat
2021-01-14T12:35:07,304,Flat
2021-01-14T12:40:07,292,SingleDown
2021-01-14T12:45:06,279,SingleDown
2021-01-14T12:50:06,273,FortyFiveDown
2021-01-14T12:55:06,269,Flat
2021-01-14T13:00:07,268,Flat
2021-01-14T13:05:06,271,Flat
2021-01-14T13:10:06,270,Flat
2021-01-14T13:15:06,288,DoubleUp
2021-01-14T13:20:07,299,SingleUp
2021-01-14T13:25:07,319,DoubleUp
2021-01-14T13:30:06,312,FortyFiveDown
2021-01-14T13:35:06,308,Flat
2021-01-14T13:40:07,315,FortyFiveUp
2021-01-14T13:45:06,328,SingleUp
2021-01-14T13:50:06,337,FortyFiveUp
2021-01-14T13:55:06,335,Flat
2021-01-14T14:00:06,323,SingleDown
2021-01-14T14:05:07,314,FortyFiveDown
2021-01-14T14:10:06,301,SingleDown
2021-01-14T14:15:06,273,DoubleDown
2021-01-14T14:20:07,265,FortyFiveDown
2021-01-14T14:25:06,262,Flat
2021-01-14T14:30:06,262,Flat
2021-01-14T14:35:06,241,DoubleDown
2021-01-14T14:40:07,224,DoubleDown
2021-01-14T14:45:06,216,FortyFiveDown
2021-01-14T14:50:06,203,SingleDown
2021-01-14T14:55:07,200,Flat
2021-01-14T15:00:06,200,Flat
2021-01-14T15:05:06,187,SingleDown
2021-01-14T15:10:06,182,FortyFiveDown
2021-01-14T15:15:06,182,Flat
2021-01-14T15:20:06,188,FortyFiveUp
2021-01-14T15:25:07,186,Flat
2021-01-14T15:30:07,183,Flat
2021-01-14T15:35:07,189,FortyFiveUp
2021-01-14T15:40:07,168,DoubleDown
2021-01-14T15:45:07,157,SingleDown
2021-01-14T15:50:07,153,Flat
2021-01-14T15:55:07,142,SingleDown
2021-01-14T16:00:07,144,Flat
2021-01-14T16:05:07,144,Flat
2021-01-14T16:10:07,140,Flat
2021-01-14T16:15:06,138,Flat
2021-01-14T16:20:07,129,FortyFiveDown
2021-01-14T16:25:07,125,Flat
2021-01-14T16:30:06,129,Flat
2021-01-14T16:35:07,130,Flat
2021-01-14T16:40:07,130,Flat
2021-01-14T16:45:07,125,FortyFiveDown
2021-01-14T16:50:07,122,Flat
2021-01-14T16:55:07,119,Flat
2021-01-14T17:00:06,124,FortyFiveUp
2021-01-14T17:05:07,124,Flat
2021-01-14T17:10:07,121,Flat
2021-01-14T17:15:07,121,Flat
2021-01-14T17:20:07,108,SingleDown
2021-01-14T17:25:07,110,Flat
2021-01-14T17:30:07,114,Flat
2021-01-14T17:35:06,97,DoubleDown
2021-01-14T17:40:06,89,FortyFiveDown
2021-01-14T17:45:06,102,SingleUp
2021-01-14T17:50:07,117,SingleUp
2021-01-14T17:55:07,126,FortyFiveUp
2021-01-14T18:00:06,137,SingleUp
2021-01-14T18:05:07,154,DoubleUp
2021-01-14T18:10:06,166,SingleUp
2021-01-14T18:15:07,176,FortyFiveUp
2021-01-14T18:20:06,179,Flat
2021-01-14T18:25:07,172,FortyFiveDown
2021-01-14T18:30:06,164,FortyFiveDown
2021-01-14T18:35:06,162,Flat
2021-01-14T18:40:07,167,Flat
2021-01-14T18:45:07,179,SingleUp
2021-01-14T18:50:06,181,Flat
2021-01-14T18:55:07,170,SingleDown
2021-01-14T19:00:07,152,DoubleDown
2021-01-14T19:05:07,167,DoubleUp
2021-01-14T19:10:06,184,DoubleUp
2021-01-14T19:15:07,173,SingleDown
2021-01-14T19:20:06,164,FortyFiveDown
2021-01-14T19:25:07,163,Flat
2021-01-14T19:30:06,156,FortyFiveDown
2021-01-14T19:35:06,163,FortyFiveUp
2021-01-14T19:40:07,180,DoubleUp
2021-01-14T19:45:06,186,FortyFiveUp
2021-01-14T19:50:06,192,FortyFiveUp
2021-01-14T19:55:07,194,Flat
2021-01-14T20:00:06,196,Flat
2021-01-14T20:05:06,185,SingleDown
2021-01-14T20:10:06,200,DoubleUp
2021-01-14T20:15:06,201,Flat
2021-01-14T20:20:06,200,Flat
2021-01-14T20:25:06,207,FortyFiveUp
2021-01-14T20:30:06,208,Flat
2021-01-14T20:35:06,198,SingleDown
2021-01-14T20:40:06,216,DoubleUp
2021-01-14T20:45:06,219,Flat
2021-01-14T20:50:07,218,Flat
2021-01-14T20:55:07,210,FortyFiveDown
2021-01-14T21:00:07,217,FortyFiveUp
2021-01-14T21:05:07,220,Flat
2021-01-14T21:10:06,230,SingleUp
2021-01-14T21:15:06,230,Flat
2021-01-14T21:20:06,228,Flat
2021-01-14T21:25:06,234,FortyFiveUp
2021-01-14T21:30:06,238,Flat
2021-01-14T21:35:07,238,Flat
2021-01-14T21:40:06,230,FortyFiveDown
2021-01-14T21:45:06,230,Flat
2021-01-14T21:50:06,259,DoubleUp
2021-01-14T21:55:07,294,DoubleUp
2021-01-14T22:00:07,296,Flat
2021-01-14T22:05:06,297,Flat
2021-01-14T22:10:07,306,FortyFiveUp
2021-01-14T22:15:06,301,FortyFiveDown
2021-01-14T22:20:07,282,DoubleDown
2021-01-14T22:25:07,264,DoubleDown
2021-01-14T22:30:07,249,DoubleDown
2021-01-14T22:35:07,248,Flat
2021-01-14T22:40:06,248,Flat
2021-01-14T22:45:06,248,Flat
2021-01-14T22:50:06,241,FortyFiveDown
2021-01-14T22:55:07,227,SingleDown
2021-01-14T23:00:06,216,SingleDown
2021-01-14T23:05:07,201,SingleDown
2021-01-14T23:10:07,186,DoubleDown
2021-01-14T23:15:06,173,SingleDown
2021-01-14T23:20:06,172,Flat
2021-01-14T23:25:07,173,Flat
2021-01-14T23:30:07,166,FortyFiveDown
2021-01-14T23:35:06,159,FortyFiveDown
2021-01-14T23:40:06,159,Flat
2021-01-14T23:45:06,149,SingleDown
2021-01-14T23:50:07,138,SingleDown
2021-01-14T23:55:07,134,Flat
2021-01-15T00:00:06,125,FortyFiveDown
2021-01-15T00:05:06,136,SingleUp
2021-01-15T00:10:07,154,DoubleUp
2021-01-15T00:15:07,150,Flat
2021-01-15T00:20:07,172,DoubleUp
2021-01-15T00:25:06,190,DoubleUp
2021-01-15T00:30:06,192,Flat
2021-01-15T00:35:06,180,SingleDown
2021-01-15T00:40:06,177,Flat
2021-01-15T00:45:06,168,FortyFiveDown
2021-01-15T00:50:06,166,Flat
2021-01-15T00:55:07,168,Flat
2021-01-15T01:00:07,171,Flat
2021-01-15T01:05:07,170,Flat
2021-01-15T01:10:06,169,Flat
2021-01-15T01:15:07,159,FortyFiveDown
2021-01-15T01:20:06,156,Flat
2021-01-15T01:25:06,156,Flat
2021-01-15T01:30:06,159,Flat
2021-01-15T01:35:07,163,Flat
2021-01-15T01:40:07,164,Flat
2021-01-15T01:45:06,164,Flat
2021-01-15T01:50:06,162,Flat
2021-01-15T01:55:06,158,Flat
2021-01-15T02:00:06,152,FortyFiveDown
2021-01-15T02:05:07,156,Flat
2021-01-15T02:10:06,159,Flat
2021-01-15T02:15:06,165,FortyFiveUp
2021-01-15T02:20:07,166,Flat
2021-01-15T02:25:06,167,Flat
2021-01-15T02:30:06,168,Flat
2021-01-15T02:35:06,168,Flat
2021-01-15T02:40:06,168,Flat
2021-01-15T02:45:06,165,Flat
2021-01-15T02:50:07,161,Flat
2021-01-15T02:55:06,169,FortyFiveUp
2021-01-15T03:00:07,173,Flat
2021-01-15T03:05:06,179,FortyFiveUp
2021-01-15T03:10:07,184,Flat
2021-01-15T03:15:06,189,FortyFiveUp
2021-01-15T03:20:06,191,Flat
2021-01-15T03:25:06,194,Flat
2021-01-15T03:30:07,197,Flat
2021-01-15T03:35:07,192,FortyFiveDown
2021-01-15T03:40:06,207,DoubleUp
2021-01-15T03:45:06,218,SingleUp
2021-01-15T03:50:06,232,SingleUp
2021-01-15T03:55:07,239,FortyFiveUp
2021-01-15T04:00:07,230,FortyFiveDown
2021-01-15T04:05:06,233,Flat
2021-01-15T04:10:07,231,Flat
2021-01-15T04:15:07,240,FortyFiveUp
2021-01-15T04:20:07,235,FortyFiveDown
2021-01-15T04:25:06,229,FortyFiveDown
2021-01-15T04:30:07,224,Flat
2021-01-15T04:35:07,217,FortyFiveDown
2021-01-15T04:40:06,215,Flat
2021-01-15T04:45:06,217,Flat
2021-01-15T04:50:06,214,Flat
2021-01-15T04:55:06,220,FortyFiveUp
2021-01-15T05:00:06,228,FortyFiveUp
2021-01-15T05:05:07,239,SingleUp
2021-01-15T05:10:07,239,Flat
2021-01-15T05:15:07,253,SingleUp
2021-01-15T05:20:07,274,DoubleUp
2021-01-15T05:25:06,295,DoubleUp
2021-01-15T05:30:06,307,SingleUp
2021-01-15T05:35:07,304,Flat
2021-01-15T05:40:07,305,Flat
2021-01-15T05:45:06,308,Flat
2021-01-15T05:50:07,322,SingleUp
2021-01-15T05:55:07,328,FortyFiveUp
2021-01-15T06:00:06,333,FortyFiveUp
2021-01-15T06:05:07,332,Flat
2021-01-15T06:10:06,332,Flat
2021-01-15T06:15:06,329,Flat
2021-01-15T06:20:07,323,FortyFiveDown
2021-01-15T06:25:06,308,DoubleDown
2021-01-15T06:30:07,296,SingleDown
2021-01-15T06:35:07,285,SingleDown
2021-01-15T06:40:06,275,SingleDown
2021-01-15T06:45:06,276,Flat
2021-01-15T06:50:06,261,DoubleDown
2021-01-15T06:55:06,260,Flat
2021-01-15T07:00:07,259,Flat
2021-01-15T07:05:07,256,Flat
2021-01-15T07:10:06,257,Flat
2021-01-15T07:15:07,251,FortyFiveDown
2021-01-15T07:20:07,244,FortyFiveDown
2021-01-15T07:25:07,240,Flat
2021-01-15T07:30:06,224,DoubleDown
2021-01-15T07:35:07,213,SingleDown
2021-01-15T07:40:07,217,Flat
2021-01-15T07:45:06,216,Flat
2021-01-15T07:50:07,204,SingleDown
2021-01-15T07:55:07,207,Flat
2021-01-15T08:00:06,219,SingleUp
2021-01-15T08:05:06,222,Flat
2021-01-15T08:10:06,219,Flat
2021-01-15T08:15:06,220,Flat
2021-01-15T08:20:07,221,Flat
2021-01-15T08:25:07,223,Flat
2021-01-15T08:30:07,222,Flat
2021-01-15T08:35:06,203,DoubleDown
2021-01-15T08:40:06,196,FortyFiveDown
2021-01-15T08:45:07,214,DoubleUp
2021-01-15T08:50:06,204,SingleDown
2021-01-15T08:55:07,190,SingleDown
2021-01-15T09:00:07,193,Flat
2021-01-15T09:05:07,209,DoubleUp
2021-01-15T09:10:07,218,FortyFiveUp
2021-01-15T09:15:07,201,DoubleDown
2021-01-15T09:20:06,184,DoubleDown
2021-01-15T09:25:07,184,Flat
2021-01-15T09:30:07,201,DoubleUp
2021-01-15T09:35:07,213,SingleUp
2021-01-15T09:40:06,218,FortyFiveUp
2021-01-15T09:45:07,213,Flat
2021-01-15T09:50:06,216,Flat
2021-01-15T09:55:07,217,Flat
2021-01-15T10:00:07,212,FortyFiveDown
2021-01-15T10:05:07,222,SingleUp
2021-01-15T10:10:06,240,DoubleUp
2021-01-15T10:15:06,251,SingleUp
2021-01-15T10:20:07,240,SingleDown
2021-01-15T10:25:06,243,Flat
2021-01-15T10:30:06,234,FortyFiveDown
2021-01-15T10:35:06,216,DoubleDown
2021-01-15T10:40:07,205,SingleDown
2021-01-15T10:45:06,210,FortyFiveUp
2021-01-15T10:50:07,202,FortyFiveDown
2021-01-15T10:55:06,207,FortyFiveUp
2021-01-15T11:00:06,205,Flat
2021-01-15T11:05:06,195,SingleDown
2021-01-15T11:10:06,186,FortyFiveDown
2021-01-15T11:15:06,180,FortyFiveDown
2021-01-15T11:20:07,168,SingleDown
2021-01-15T11:25:07,166,Flat
2021-01-15T11:30:07,157,FortyFiveDown
2021-01-15T11:35:07,148,FortyFiveDown
2021-01-15T11:40:07,138,SingleDown
2021-01-15T16:16:23,175,Flat
2021-01-15T16:21:23,206,DoubleUp
2021-01-15T16:26:23,212,FortyFiveUp
2021-01-15T16:31:23,211,Flat
2021-01-15T16:36:22,225,SingleUp
2021-01-15T16:41:23,220,Flat
2021-01-15T16:46:23,202,DoubleDown
2021-01-15T16:51:23,209,FortyFiveUp
2021-01-15T16:56:23,219,SingleUp
2021-01-15T17:01:23,230,SingleUp
2021-01-15T17:06:23,228,Flat
2021-01-15T17:11:22,234,FortyFiveUp
2021-01-15T17:16:23,226,FortyFiveDown
2021-01-15T17:21:23,194,DoubleDown
2021-01-15T17:26:22,205,SingleUp
2021-01-15T17:31:23,217,SingleUp
2021-01-15T17:36:23,223,FortyFiveUp
2021-01-15T17:41:22,230,FortyFiveUp
2021-01-15T17:46:23,229,Flat
2021-01-15T17:51:22,218,SingleDown
2021-01-15T17:56:23,215,Flat
2021-01-15T18:01:23,224,FortyFiveUp
2021-01-15T18:06:23,231,FortyFiveUp
2021-01-15T18:11:23,226,FortyFiveDown
2021-01-15T18:16:23,218,FortyFiveDown
2021-01-15T18:21:22,215,Flat
2021-01-15T18:26:22,220,FortyFiveUp
2021-01-15T18:31:23,208,SingleDown
2021-01-15T18:36:23,207,Flat
2021-01-15T18:41:23,221,SingleUp
2021-01-15T18:46:23,250,DoubleUp
2021-01-15T18:51:23,255,FortyFiveUp
2021-01-15T18:56:23,248,FortyFiveDown
2021-01-15T19:01:23,251,Flat
2021-01-15T19:06:23,259,FortyFiveUp
2021-01-15T19:11:23,272,SingleUp
2021-01-15T19:16:22,261,SingleDown
2021-01-15T19:21:22,250,SingleDown
2021-01-15T19:26:23,235,SingleDown
2021-01-15T19:31:23,233,Flat
2021-01-15T19:36:23,231,Flat
2021-01-15T19:41:23,214,DoubleDown
2021-01-15T19:46:23,191,DoubleDown
2021-01-15T19:51:23,205,SingleUp
2021-01-15T19:56:23,216,SingleUp
2021-01-15T20:01:23,217,Flat
2021-01-15T20:06:23,240,DoubleUp
2021-01-15T20:11:23,240,Flat
2021-01-15T20:16:23,235,FortyFiveDown
2021-01-15T20:21:23,256,DoubleUp
2021-01-15T20:26:23,250,FortyFiveDown
2021-01-15T20:31:23,247,Flat
2021-01-15T20:36:23,241,FortyFiveDown
2021-01-15T20:41:23,257,DoubleUp
2021-01-15T20:46:23,269,SingleUp
2021-01-15T20:51:23,285,DoubleUp
2021-01-15T20:56:23,285,Flat
2021-01-15T21:01:23,279,FortyFiveDown
2021-01-15T21:06:23,282,Flat
2021-01-15T21:11:23,280,Flat
2021-01-15T21:16:23,276,Flat
2021-01-15T21:21:23,267,FortyFiveDown
2021-01-15T21:26:23,257,SingleDown
2021-01-15T21:31:23,252,FortyFiveDown
2021-01-15T21:36:23,250,Flat
2021-01-15T21:41:23,244,FortyFiveDown
2021-01-15T21:46:23,242,Flat
2021-01-15T21:51:23,242,Flat
2021-01-15T21:56:23,241,Flat
2021-01-15T22:01:23,236,FortyFiveDown
2021-01-15T22:06:23,227,FortyFiveDown
2021-01-15T22:11:23,214,SingleDown
2021-01-15T22:16:23,214,Flat
2021-01-15T22:21:23,206,FortyFiveDown
2021-01-15T22:26:24,195,SingleDown
2021-01-15T22:31:23,177,DoubleDown
2021-01-15T22:36:23,166,SingleDown
2021-01-15T22:41:24,161,Flat
2021-01-15T22:46:23,155,FortyFiveDown
2021-01-15T22:51:23,153,Flat
2021-01-15T22:56:23,155,Flat
2021-01-15T23:01:23,161,FortyFiveUp
2021-01-15T23:06:24,167,FortyFiveUp
2021-01-15T23:11:23,171,Flat
2021-01-15T23:16:23,181,SingleUp
2021-01-15T23:21:24,179,Flat
2021-01-15T23:26:23,168,SingleDown
2021-01-15T23:31:24,181,SingleUp
2021-01-15T23:36:24,176,FortyFiveDown
2021-01-15T23:41:23,163,SingleDown
2021-01-15T23:46:23,158,FortyFiveDown
2021-01-15T23:51:24,153,Flat
2021-01-15T23:56:24,148,FortyFiveDown
2021-01-16T00:01:23,144,Flat
2021-01-16T00:06:23,137,FortyFiveDown
2021-01-16T00:11:23,139,Flat
2021-01-16T00:16:23,151,SingleUp
2021-01-16T00:21:24,145,FortyFiveDown
2021-01-16T00:26:23,139,FortyFiveDown
2021-01-16T00:31:23,141,Flat
2021-01-16T00:36:24,152,SingleUp
2021-01-16T00:41:23,149,Flat
2021-01-16T00:46:23,152,Flat
2021-01-16T00:51:23,163,SingleUp
2021-01-16T00:56:23,175,SingleUp
2021-01-16T01:01:24,172,Flat
2021-01-16T01:06:23,170,Flat
2021-01-16T01:11:24,172,Flat
2021-01-16T01:16:23,178,FortyFiveUp
2021-01-16T01:21:24,187,FortyFiveUp
2021-01-16T01:26:23,189,Flat
2021-01-16T01:31:23,195,FortyFiveUp
2021-01-16T01:36:23,204,FortyFiveUp
2021-01-16T01:41:23,205,Flat
2021-01-16T01:46:24,206,Flat
2021-01-16T01:51:23,209,Flat
2021-01-16T01:56:24,215,FortyFiveUp
2021-01-16T02:01:24,220,FortyFiveUp
2021-01-16T02:06:24,224,Flat
2021-01-16T02:11:24,225,Flat
2021-01-16T02:16:23,231,FortyFiveUp
2021-01-16T02:21:23,245,SingleUp
2021-01-16T02:26:24,252,FortyFiveUp
2021-01-16T02:31:24,259,FortyFiveUp
2021-01-16T02:36:24,269,SingleUp
2021-01-16T02:41:23,270,Flat
2021-01-16T02:46:23,266,Flat
2021-01-16T02:51:24,272,FortyFiveUp
2021-01-16T02:56:24,278,FortyFiveUp
2021-01-16T03:01:24,283,FortyFiveUp
2021-01-16T03:06:23,288,FortyFiveUp
2021-01-16T03:11:23,287,Flat
2021-01-16T03:16:24,283,Flat
2021-01-16T03:21:24,285,Flat
2021-01-16T03:26:23,286,Flat
2021-01-16T03:31:24,295,FortyFiveUp
2021-01-16T03:36:24,295,Flat
2021-01-16T03:41:24,295,Flat
2021-01-16T03:46:24,297,Flat
2021-01-16T03:51:23,293,Flat
2021-01-16T03:56:24,298,Flat
2021-01-16T04:01:24,286,SingleDown
2021-01-16T04:06:24,283,Flat
2021-01-16T04:11:24,298,DoubleUp
2021-01-16T04:16:24,297,Flat
2021-01-16T04:21:23,290,FortyFiveDown
2021-01-16T04:26:24,296,FortyFiveUp
2021-01-16T04:31:24,302,FortyFiveUp
2021-01-16T04:36:23,295,FortyFiveDown
2021-01-16T04:41:24,291,Flat
2021-01-16T04:46:24,290,Flat
2021-01-16T04:51:23,289,Flat
2021-01-16T04:56:24,294,Flat
2021-01-16T05:01:24,299,FortyFiveUp
2021-01-16T05:06:24,288,SingleDown
2021-01-16T05:11:24,293,FortyFiveUp
2021-01-16T05:16:24,302,FortyFiveUp
2021-01-16T05:21:24,301,Flat
2021-01-16T05:26:24,298,Flat
2021-01-16T05:31:23,296,Flat
2021-01-16T05:36:24,297,Flat
2021-01-16T05:41:24,291,FortyFiveDown
2021-01-16T05:46:24,290,Flat
2021-01-16T05:51:24,298,FortyFiveUp
2021-01-16T05:56:24,298,Flat
2021-01-16T06:01:24,296,Flat
2021-01-16T06:06:24,288,FortyFiveDown
2021-01-16T06:11:24,291,Flat
2021-01-16T06:16:24,297,FortyFiveUp
2021-01-16T06:21:24,295,Flat
2021-01-16T06:26:24,286,FortyFiveDown
2021-01-16T06:31:24,291,FortyFiveUp
2021-01-16T06:36:24,298,FortyFiveUp
2021-01-16T06:41:24,299,Flat
2021-01-16T06:46:24,297,Flat
2021-01-16T06:51:24,299,Flat
2021-01-16T06:56:24,296,Flat
2021-01-16T07:01:24,285,SingleDown
2021-01-16T07:06:24,292,FortyFiveUp
2021-01-16T07:11:24,289,Flat
2021-01-16T07:16:24,284,FortyFiveDown
2021-01-16T07:21:24,278,FortyFiveDown
2021-01-16T07:26:24,268,SingleDown
2021-01-16T07:31:24,283,DoubleUp
2021-01-16T07:36:25,284,Flat
2021-01-16T07:41:24,288,Flat
2021-01-16T07:46:24,265,DoubleDown
2021-01-16T07:51:24,260,FortyFiveDown
2021-01-16T07:56:24,276,DoubleUp
2021-01-16T08:01:24,281,FortyFiveUp
2021-01-16T08:06:24,291,SingleUp
2021-01-16T08:11:24,287,Flat
2021-01-16T08:16:24,291,Flat
2021-01-16T08:21:24,306,DoubleUp
2021-01-16T08:26:24,324,DoubleUp
2021-01-16T08:31:24,328,Flat
2021-01-16T08:36:24,334,FortyFiveUp
2021-01-16T08:41:24,364,DoubleUp
2021-01-16T08:46:24,378,SingleUp
2021-01-16T08:51:24,392,SingleUp
2021-01-16T08:56:24,387,FortyFiveDown
2021-01-16T09:01:25,371,DoubleDown
2021-01-16T09:06:24,349,DoubleDown
2021-01-16T09:11:24,345,Flat
2021-01-16T09:16:25,353,FortyFiveUp
2021-01-16T09:21:24,351,Flat
2021-01-16T09:26:25,340,SingleDown
2021-01-16T09:31:25,335,FortyFiveDown
2021-01-16T09:36:24,327,FortyFiveDown
2021-01-16T09:41:24,315,SingleDown
2021-01-16T09:46:25,307,FortyFiveDown
2021-01-16T09:51:25,301,FortyFiveDown
2021-01-16T09:56:24,288,SingleDown
2021-01-16T10:01:24,281,FortyFiveDown
2021-01-16T10:06:25,271,FortyFiveDown
2021-01-16T10:11:25,261,SingleDown
2021-01-16T10:16:24,252,FortyFiveDown
2021-01-16T10:21:24,243,FortyFiveDown
2021-01-16T10:26:24,235,FortyFiveDown
2021-01-16T10:31:24,225,SingleDown
2021-01-16T10:36:24,218,FortyFiveDown
2021-01-16T10:41:25,208,FortyFiveDown
2021-01-16T10:46:24,200,FortyFiveDown
2021-01-16T10:51:25,193,FortyFiveDown
2021-01-16T10:56:25,185,FortyFiveDown
2021-01-16T11:01:24,176,FortyFiveDown
2021-01-16T11:06:24,167,FortyFiveDown
2021-01-16T11:11:25,160,FortyFiveDown
2021-01-16T11:16:25,149,SingleDown
2021-01-16T11:21:24,142,FortyFiveDown
2021-01-16T11:26:25,135,FortyFiveDown
2021-01-16T11:31:24,127,FortyFiveDown
2021-01-16T11:36:24,118,FortyFiveDown
2021-01-16T11:41:25,114,Flat
2021-01-16T11:46:24,108,FortyFiveDown
2021-01-16T11:51:25,106,Flat
2021-01-16T11:56:24,101,FortyFiveDown
2021-01-16T12:01:25,92,FortyFiveDown
2021-01-16T12:06:25,69,DoubleDown
2021-01-16T12:11:24,54,DoubleDown
2021-01-16T12:16:24,54,Flat
2021-01-16T12:21:24,68,SingleUp
2021-01-16T12:26:24,74,FortyFiveUp
2021-01-16T12:31:24,103,DoubleUp
2021-01-16T12:36:25,136,DoubleUp
2021-01-16T12:41:24,141,FortyFiveUp
2021-01-16T12:46:24,136,FortyFiveDown
2021-01-16T12:51:24,150,SingleUp
2021-01-16T12:56:24,155,FortyFiveUp
2021-01-16T13:01:25,157,Flat
2021-01-16T13:06:25,151,FortyFiveDown
2021-01-16T13:11:24,155,Flat
2021-01-16T13:16:25,160,Flat
2021-01-16T13:21:24,141,DoubleDown
2021-01-16T13:26:25,144,Flat
2021-01-16T13:31:24,152,FortyFiveUp
2021-01-16T13:36:24,152,Flat
2021-01-16T13:41:25,180,DoubleUp
2021-01-16T13:46:25,185,FortyFiveUp
2021-01-16T13:51:25,160,DoubleDown
2021-01-16T13:56:25,147,SingleDown
2021-01-16T14:01:25,142,FortyFiveDown
2021-01-16T14:06:25,136,FortyFiveDown
2021-01-16T14:11:24,129,FortyFiveDown
2021-01-16T14:16:24,101,DoubleDown
2021-01-16T14:21:25,83,DoubleDown
2021-01-16T14:26:24,68,DoubleDown
2021-01-16T14:31:25,69,Flat
2021-01-16T14:36:25,85,DoubleUp
2021-01-16T14:41:25,134,DoubleUp
2021-01-16T14:46:25,148,SingleUp
2021-01-16T14:51:25,147,Flat
2021-01-16T14:56:25,160,SingleUp
2021-01-16T15:01:24,170,SingleUp
2021-01-16T15:06:24,185,DoubleUp
2021-01-16T15:11:25,197,SingleUp
2021-01-16T15:16:25,210,SingleUp
2021-01-16T15:21:25,226,DoubleUp
2021-01-16T15:26:25,231,FortyFiveUp
2021-01-16T15:31:25,244,SingleUp
2021-01-16T15:36:25,254,SingleUp
2021-01-16T15:41:26,267,SingleUp
2021-01-16T15:46:25,278,SingleUp
2021-01-16T15:51:24,298,DoubleUp
2021-01-16T15:56:25,296,Flat
2021-01-16T16:01:25,302,FortyFiveUp
2021-01-16T16:06:25,337,DoubleUp
2021-01-16T16:11:25,374,DoubleUp
2021-01-16T16:16:25,366,FortyFiveDown
2021-01-16T16:21:25,347,DoubleDown
2021-01-16T16:26:25,330,DoubleDown
2021-01-16T16:31:25,334,Flat
2021-01-16T16:36:25,329,FortyFiveDown
2021-01-16T16:41:25,316,SingleDown
2021-01-16T16:46:24,302,SingleDown
2021-01-16T16:51:25,291,SingleDown
2021-01-16T16:56:25,281,SingleDown
2021-01-16T17:01:25,268,SingleDown
2021-01-16T17:06:25,256,SingleDown
2021-01-16T17:11:25,240,DoubleDown
2021-01-16T17:16:25,207,DoubleDown
2021-01-16T17:21:25,190,DoubleDown
2021-01-16T17:26:25,186,Flat
2021-01-16T17:31:25,183,Flat
2021-01-16T17:36:25,185,Flat
2021-01-16T17:41:25,192,FortyFiveUp
2021-01-16T17:46:25,209,DoubleUp
2021-01-16T17:51:25,246,DoubleUp
2021-01-16T17:56:25,239,FortyFiveDown
2021-01-16T18:01:25,218,DoubleDown
2021-01-16T18:06:25,202,DoubleDown
2021-01-16T18:11:25,197,FortyFiveDown
2021-01-16T18:16:25,196,Flat
2021-01-16T18:21:25,189,FortyFiveDown
2021-01-16T18:26:25,181,FortyFiveDown
2021-01-16T18:31:25,172,FortyFiveDown
2021-01-16T18:36:25,161,SingleDown
2021-01-16T18:41:25,152,FortyFiveDown
2021-01-16T18:46:25,146,FortyFiveDown
2021-01-16T18:51:25,138,FortyFiveDown
2021-01-16T18:56:25,131,FortyFiveDown
2021-01-16T19:01:25,125,FortyFiveDown
2021-01-16T19:06:25,119,FortyFiveDown
2021-01-16T19:11:25,109,SingleDown
2021-01-16T19:16:25,106,Flat
2021-01-16T19:21:25,98,FortyFiveDown
2021-01-16T19:26:25,91,FortyFiveDown
2021-01-16T19:31:25,83,FortyFiveDown
2021-01-16T19:36:25,79,Flat
2021-01-16T19:41:26,80,Flat
2021-01-16T19:46:25,84,Flat
2021-01-16T19:51:25,88,Flat
2021-01-16T19:56:25,96,FortyFiveUp
2021-01-16T20:01:25,119,DoubleUp
2021-01-16T20:06:25,137,DoubleUp
2021-01-16T20:11:25,142,FortyFiveUp
2021-01-16T20:16:25,147,FortyFiveUp
2021-01-16T20:21:25,148,Flat
2021-01-16T20:26:25,148,Flat
2021-01-16T20:31:26,145,Flat
2021-01-16T20:36:25,148,Flat
2021-01-16T20:41:25,145,Flat
2021-01-16T20:46:26,140,Flat
2021-01-16T20:51:26,136,Flat
2021-01-16T20:56:25,122,SingleDown
2021-01-16T21:01:25,129,FortyFiveUp
2021-01-16T21:06:25,146,DoubleUp
2021-01-16T21:11:25,163,DoubleUp
2021-01-16T21:16:25,163,Flat
2021-01-16T21:21:25,150,SingleDown
2021-01-16T21:26:25,153,Flat
2021-01-16T21:31:25,147,FortyFiveDown
2021-01-16T21:36:25,145,Flat
2021-01-16T21:41:25,147,Flat
2021-01-16T21:46:26,151,Flat
2021-01-16T21:51:26,150,Flat
2021-01-16T21:56:25,158,FortyFiveUp
2021-01-16T22:01:25,151,FortyFiveDown
2021-01-16T22:06:25,143,FortyFiveDown
2021-01-16T22:11:26,136,FortyFiveDown
2021-01-16T22:16:26,127,FortyFiveDown
2021-01-16T22:21:26,120,FortyFiveDown
2021-01-16T22:26:26,122,Flat
2021-01-16T22:31:26,120,Flat
2021-01-16T22:36:25,114,FortyFiveDown
2021-01-16T22:41:25,113,Flat
2021-01-16T22:46:26,113,Flat
2021-01-16T22:51:25,110,Flat
2021-01-16T22:56:25,113,Flat
2021-01-16T23:01:25,114,Flat
2021-01-16T23:06:26,117,Flat
2021-01-16T23:11:26,115,Flat
2021-01-16T23:16:25,113,Flat
2021-01-16T23:21:26,114,Flat
2021-01-16T23:26:25,117,Flat
2021-01-16T23:31:25,118,Flat
2021-01-16T23:36:25,120,Flat
2021-01-16T23:41:26,125,Flat
2021-01-16T23:46:26,132,FortyFiveUp
2021-01-16T23:51:26,134,Flat
2021-01-16T23:56:25,134,Flat
2021-01-17T00:01:25,140,FortyFiveUp
2021-01-17T00:06:25,137,Flat
2021-01-17T00:11:26,136,Flat
2021-01-17T00:16:26,141,FortyFiveUp
2021-01-17T00:21:26,146,FortyFiveUp
2021-01-17T00:26:25,146,Flat
2021-01-17T00:31:26,155,FortyFiveUp
2021-01-17T00:36:26,159,Flat
2021-01-17T00:41:25,169,SingleUp
2021-01-17T00:46:25,175,FortyFiveUp
2021-01-17T00:51:26,182,FortyFiveUp
2021-01-17T00:56:25,190,FortyFiveUp
2021-01-17T01:01:26,199,FortyFiveUp
2021-01-17T01:06:26,205,FortyFiveUp
2021-01-17T01:11:25,205,Flat
2021-01-17T01:16:25,212,FortyFiveUp
2021-01-17T01:21:26,218,FortyFiveUp
2021-01-17T01:26:26,215,Flat
2021-01-17T01:31:26,219,Flat
2021-01-17T01:36:25,221,Flat
2021-01-17T01:41:26,223,Flat
2021-01-17T01:46:26,226,Flat
2021-01-17T01:51:26,227,Flat
2021-01-17T01:56:25,226,Flat
2021-01-17T02:01:26,229,Flat
2021-01-17T02:06:26,231,Flat
2021-01-17T02:11:26,229,Flat
2021-01-17T02:16:26,221,FortyFiveDown
2021-01-17T02:21:26,219,Flat
2021-01-17T02:26:26,227,FortyFiveUp
2021-01-17T02:31:26,233,FortyFiveUp
2021-01-17T02:36:26,233,Flat
2021-01-17T02:41:26,239,FortyFiveUp
2021-01-17T02:46:26,232,FortyFiveDown
2021-01-17T02:51:26,216,DoubleDown
2021-01-17T02:56:26,232,DoubleUp
2021-01-17T03:01:25,224,FortyFiveDown
2021-01-17T03:06:25,230,FortyFiveUp
2021-01-17T03:11:25,257,DoubleUp
2021-01-17T03:16:26,261,Flat
2021-01-17T03:21:26,255,FortyFiveDown
2021-01-17T03:26:26,255,Flat
2021-01-17T03:31:26,254,Flat
2021-01-17T03:36:26,256,Flat
2021-01-17T03:41:26,257,Flat
2021-01-17T03:46:26,259,Flat
2021-01-17T03:51:26,260,Flat
2021-01-17T03:56:26,263,Flat
2021-01-17T04:01:26,266,Flat
2021-01-17T04:06:26,266,Flat
2021-01-17T04:11:26,265,Flat
2021-01-17T04:16:26,270,FortyFiveUp
2021-01-17T04:21:26,273,Flat
2021-01-17T04:26:26,273,Flat
2021-01-17T04:31:26,270,Flat
2021-01-17T04:36:26,272,Flat
2021-01-17T04:41:26,278,FortyFiveUp
2021-01-17T04:46:26,283,FortyFiveUp
2021-01-17T04:51:26,288,FortyFiveUp
2021-01-17T04:56:26,290,Flat
2021-01-17T05:01:26,291,Flat
2021-01-17T05:06:26,298,FortyFiveUp
2021-01-17T05:11:27,302,Flat
2021-01-17T05:16:26,290,SingleDown
2021-01-17T05:21:26,293,Flat
2021-01-17T05:26:26,297,Flat
2021-01-17T05:31:26,289,FortyFiveDown
2021-01-17T05:36:26,280,FortyFiveDown
2021-01-17T05:41:26,299,DoubleUp
2021-01-17T05:46:27,308,FortyFiveUp
2021-01-17T05:51:26,296,SingleDown
2021-01-17T05:56:26,258,DoubleDown
2021-01-17T06:01:27,262,Flat
2021-01-17T06:06:26,289,DoubleUp
2021-01-17T06:11:26,282,FortyFiveDown
2021-01-17T06:16:26,273,FortyFiveDown
2021-01-17T06:21:26,270,Flat
2021-01-17T06:26:27,262,FortyFiveDown
2021-01-17T06:31:26,259,Flat
2021-01-17T06:36:26,258,Flat
2021-01-17T06:41:26,253,FortyFiveDown
2021-01-17T06:46:26,247,FortyFiveDown
2021-01-17T06:51:26,243,Flat
2021-01-17T06:56:27,240,Flat
2021-01-17T07:01:26,218,DoubleDown
2021-01-17T07:06:26,224,FortyFiveUp
2021-01-17T07:11:26,229,FortyFiveUp
2021-01-17T07:16:27,219,FortyFiveDown
2021-01-17T07:21:27,215,Flat
2021-01-17T07:26:27,219,Flat
2021-01-17T07:31:26,205,SingleDown
2021-01-17T07:36:27,211,FortyFiveUp
2021-01-17T07:41:27,203,FortyFiveDown
2021-01-17T07:46:26,185,DoubleDown
2021-01-17T07:51:26,182,Flat
2021-01-17T07:56:26,189,FortyFiveUp
2021-01-17T08:01:27,192,Flat
2021-01-17T08:06:26,193,Flat
2021-01-17T08:11:26,185,FortyFiveDown
2021-01-17T08:16:27,181,Flat
2021-01-17T08:21:27,185,Flat
2021-01-17T08:26:27,203,DoubleUp
2021-01-17T08:31:26,215,SingleUp
2021-01-17T08:36:26,204,SingleDown
2021-01-17T08:41:26,199,FortyFiveDown
2021-01-17T08:46:27,206,FortyFiveUp
2021-01-17T08:51:26,222,DoubleUp
2021-01-17T08:56:27,224,Flat
2021-01-17T09:01:26,222,Flat
2021-01-17T09:06:27,217,Flat
2021-01-17T09:11:26,221,Flat
2021-01-17T09:16:26,220,Flat
2021-01-17T09:21:27,219,Flat
2021-01-17T09:26:26,220,Flat
2021-01-17T09:31:27,218,Flat
2021-01-17T09:36:26,212,FortyFiveDown
2021-01-17T09:41:26,209,Flat
2021-01-17T09:46:26,211,Flat
2021-01-17T09:51:27,209,Flat
2021-01-17T09:56:27,209,Flat
2021-01-17T10:01:27,207,Flat
2021-01-17T10:06:26,205,Flat
2021-01-17T10:11:27,205,Flat
2021-01-17T10:16:27,207,Flat
2021-01-17T10:21:27,205,Flat
2021-01-17T10:26:27,205,Flat
2021-01-17T10:31:27,207,Flat
2021-01-17T10:36:27,212,FortyFiveUp
2021-01-17T10:41:27,208,Flat
2021-01-17T10:46:26,206,Flat
2021-01-17T10:51:27,203,Flat
2021-01-17T10:56:26,213,SingleUp
2021-01-17T11:01:26,213,Flat
2021-01-17T11:06:27,223,FortyFiveUp
2021-01-17T11:11:27,229,FortyFiveUp
2021-01-17T11:16:27,240,SingleUp
2021-01-17T11:21:27,250,SingleUp
2021-01-17T11:26:27,254,Flat
2021-01-17T11:31:27,248,FortyFiveDown
2021-01-17T11:36:27,262,SingleUp
2021-01-17T11:41:27,251,SingleDown
2021-01-17T11:46:27,243,FortyFiveDown
2021-01-17T11:51:27,251,FortyFiveUp
2021-01-17T11:56:27,257,FortyFiveUp
2021-01-17T12:01:27,243,SingleDown
2021-01-17T12:06:27,226,DoubleDown
2021-01-17T12:11:27,217,FortyFiveDown
2021-01-17T12:16:26,211,FortyFiveDown
2021-01-17T12:21:27,206,Flat
2021-01-17T12:26:27,200,FortyFiveDown
2021-01-17T12:31:27,202,Flat
2021-01-17T12:36:27,195,FortyFiveDown
2021-01-17T12:41:27,179,DoubleDown
2021-01-17T12:46:27,178,Flat
2021-01-17T12:51:27,201,DoubleUp
2021-01-17T12:56:26,211,SingleUp
2021-01-17T13:01:27,208,Flat
2021-01-17T13:06:27,218,SingleUp
2021-01-17T13:11:27,207,SingleDown
2021-01-17T13:16:26,199,FortyFiveDown
2021-01-17T13:21:27,200,Flat
2021-01-17T13:26:26,196,Flat
2021-01-17T13:31:27,196,Flat
2021-01-17T13:36:27,195,Flat
2021-01-17T13:41:27,193,Flat
2021-01-17T13:46:27,193,Flat
2021-01-17T13:51:27,189,Flat
2021-01-17T13:56:27,190,Flat
2021-01-17T14:01:27,206,DoubleUp
2021-01-17T14:06:27,215,FortyFiveUp
2021-01-17T14:11:27,223,FortyFiveUp
2021-01-17T14:16:27,228,FortyFiveUp
2021-01-17T14:21:27,210,DoubleDown
2021-01-17T14:26:27,211,Flat
2021-01-17T14:31:27,230,DoubleUp
2021-01-17T14:36:27,220,SingleDown
2021-01-17T14:41:27,212,FortyFiveDown
2021-01-17T14:46:27,206,FortyFiveDown
2021-01-17T14:51:27,200,FortyFiveDown
2021-01-17T14:56:28,196,Flat
2021-01-17T15:01:27,196,Flat
2021-01-17T15:06:27,192,Flat
2021-01-17T15:11:27,191,Flat
2021-01-17T15:16:27,189,Flat
2021-01-17T15:21:27,191,Flat
2021-01-17T15:26:27,191,Flat
2021-01-17T15:31:28,192,Flat
2021-01-17T15:36:27,196,Flat
2021-01-17T15:41:27,199,Flat
2021-01-17T15:46:27,201,Flat
2021-01-17T15:51:27,200,Flat
2021-01-17T15:56:27,199,Flat
2021-01-17T16:01:27,208,FortyFiveUp
2021-01-17T16:06:27,215,FortyFiveUp
2021-01-17T16:11:27,239,DoubleUp
2021-01-17T16:16:27,227,SingleDown
2021-01-17T16:21:27,208,DoubleDown
2021-01-17T16:26:27,214,FortyFiveUp
2021-01-17T16:31:27,215,Flat
2021-01-17T16:36:28,218,Flat
2021-01-17T16:41:27,238,DoubleUp
2021-01-17T16:46:27,235,Flat
2021-01-17T16:51:28,220,SingleDown
2021-01-17T16:56:27,217,Flat
2021-01-17T17:01:27,215,Flat
2021-01-17T17:06:27,224,FortyFiveUp
2021-01-17T17:11:28,218,FortyFiveDown
2021-01-17T17:16:27,220,Flat
2021-01-17T17:21:27,224,Flat
2021-01-17T17:26:27,223,Flat
2021-01-17T17:31:27,224,Flat
2021-01-17T17:36:28,229,Flat
2021-01-17T17:41:27,226,Flat
2021-01-17T17:46:28,229,Flat
2021-01-17T17:51:27,237,FortyFiveUp
2021-01-17T17:56:27,237,Flat
2021-01-17T18:01:27,242,FortyFiveUp
2021-01-17T18:06:28,238,Flat
2021-01-17T18:11:28,232,FortyFiveDown
2021-01-17T18:16:27,249,DoubleUp
2021-01-17T18:21:28,247,Flat
2021-01-17T18:26:28,243,Flat
2021-01-17T18:31:27,241,Flat
2021-01-17T18:36:27,245,Flat
2021-01-17T18:41:27,250,FortyFiveUp
2021-01-17T18:46:28,232,DoubleDown
2021-01-17T18:51:28,206,DoubleDown
2021-01-17T18:56:27,206,Flat
2021-01-17T19:01:28,238,DoubleUp
2021-01-17T19:06:27,252,SingleUp
2021-01-17T19:11:27,243,FortyFiveDown
2021-01-17T19:16:28,241,Flat
2021-01-17T19:21:27,243,Flat
2021-01-17T19:26:28,241,Flat
2021-01-17T19:31:27,238,Flat
2021-01-17T19:36:27,229,FortyFiveDown
2021-01-17T19:41:28,225,Flat
2021-01-17T19:46:27,231,FortyFiveUp
2021-01-17T19:51:27,223,FortyFiveDown
2021-01-17T19:56:28,221,Flat
2021-01-17T20:01:28,222,Flat
2021-01-17T20:06:28,227,FortyFiveUp
2021-01-17T20:11:27,220,FortyFiveDown
2021-01-17T20:16:28,229,FortyFiveUp
2021-01-17T20:21:28,233,Flat
2021-01-17T20:26:27,247,SingleUp
2021-01-17T20:31:28,251,Flat
2021-01-17T20:36:27,241,SingleDown
2021-01-17T20:41:27,247,FortyFiveUp
2021-01-17T20:46:28,272,DoubleUp
2021-01-17T20:51:28,267,FortyFiveDown
2021-01-17T20:56:28,232,DoubleDown
2021-01-17T21:01:28,227,FortyFiveDown
2021-01-17T21:06:28,252,DoubleUp
2021-01-17T21:11:28,271,DoubleUp
2021-01-17T21:16:27,267,Flat
2021-01-17T21:21:28,254,SingleDown
2021-01-17T21:26:28,271,DoubleUp
2021-01-17T21:31:27,266,FortyFiveDown
2021-01-17T21:36:27,256,SingleDown
2021-01-17T21:41:27,278,DoubleUp
2021-01-17T21:46:27,303,DoubleUp
2021-01-17T21:51:28,299,Flat
2021-01-17T21:56:28,296,Flat
2021-01-17T22:01:27,304,FortyFiveUp
2021-01-17T22:06:28,313,FortyFiveUp
2021-01-17T22:11:28,323,SingleUp
2021-01-17T22:16:27,334,SingleUp
2021-01-17T22:21:28,331,Flat
2021-01-17T22:26:28,352,DoubleUp
2021-01-17T22:31:28,362,SingleUp
2021-01-17T22:36:28,373,SingleUp
2021-01-17T22:41:28,390,DoubleUp
2021-01-17T22:46:27,390,Flat
2021-01-17T22:51:28,394,Flat
2021-01-17T22:56:27,401,FortyFiveUp
2021-01-17T23:01:28,401,Flat
2021-01-17T23:06:28,397,Flat
2021-01-17T23:11:28,400,Flat
2021-01-17T23:16:28,398,Flat
2021-01-17T23:21:28,384,SingleDown
2021-01-17T23:26:28,369,DoubleDown
2021-01-17T23:31:28,343,DoubleDown
2021-01-17T23:36:28,338,FortyFiveDown
2021-01-17T23:41:28,328,SingleDown
2021-01-17T23:46:28,318,SingleDown
2021-01-17T23:51:28,308,SingleDown
2021-01-17T23:56:28,294,SingleDown
2021-01-18T00:01:27,276,DoubleDown
2021-01-18T00:06:28,258,DoubleDown
2021-01-18T00:11:28,245,SingleDown
2021-01-18T00:16:28,235,SingleDown
2021-01-18T00:21:28,222,SingleDown
2021-01-18T00:26:28,210,SingleDown
2021-01-18T00:31:28,201,FortyFiveDown
2021-01-18T00:36:28,187,SingleDown
2021-01-18T00:41:28,187,Flat
2021-01-18T00:46:28,188,Flat
2021-01-18T00:51:28,185,Flat
2021-01-18T00:56:28,179,FortyFiveDown
2021-01-18T01:01:28,171,FortyFiveDown
2021-01-18T01:06:28,173,Flat
2021-01-18T01:11:28,170,Flat
2021-01-18T01:16:27,171,Flat
2021-01-18T01:21:28,170,Flat
2021-01-18T01:26:28,168,Flat
2021-01-18T01:31:28,163,FortyFiveDown
2021-01-18T01:36:28,162,Flat
2021-01-18T01:41:28,159,Flat
2021-01-18T01:46:28,154,FortyFiveDown
2021-01-18T01:51:28,152,Flat
2021-01-18T01:56:28,146,FortyFiveDown
2021-01-18T02:01:28,149,Flat
2021-01-18T02:06:28,151,Flat
2021-01-18T02:11:28,155,Flat
2021-01-18T02:16:28,160,FortyFiveUp
2021-01-18T02:21:28,153,FortyFiveDown
2021-01-18T02:26:28,147,FortyFiveDown
2021-01-18T02:31:28,152,FortyFiveUp
2021-01-18T02:36:28,165,SingleUp
2021-01-18T02:41:28,170,FortyFiveUp
2021-01-18T02:46:28,178,FortyFiveUp
2021-01-18T02:51:28,181,Flat
2021-01-18T02:56:28,179,Flat
2021-01-18T03:01:28,177,Flat
2021-01-18T03:06:28,177,Flat
2021-01-18T03:11:29,178,Flat
2021-01-18T03:16:28,185,FortyFiveUp
2021-01-18T03:21:28,182,Flat
2021-01-18T03:26:28,188,FortyFiveUp
2021-01-18T03:31:29,191,Flat
2021-01-18T03:36:28,194,Flat
2021-01-18T03:41:28,198,Flat
2021-01-18T03:46:28,203,FortyFiveUp
2021-01-18T03:51:28,206,Flat
2021-01-18T03:56:28,206,Flat
2021-01-18T04:01:29,204,Flat
2021-01-18T04:06:29,204,Flat
2021-01-18T04:11:29,200,Flat
2021-01-18T04:16:28,202,Flat
2021-01-18T04:21:28,201,Flat
2021-01-18T04:26:28,209,FortyFiveUp
2021-01-18T04:31:28,207,Flat
2021-01-18T04:36:29,208,Flat
2021-01-18T04:41:29,211,Flat
2021-01-18T04:46:29,213,Flat
2021-01-18T04:51:28,210,Flat
2021-01-18T04:56:28,207,Flat
2021-01-18T05:01:29,215,FortyFiveUp
2021-01-18T05:06:28,216,Flat
2021-01-18T05:11:28,218,Flat
2021-01-18T05:16:28,219,Flat
2021-01-18T05:21:28,219,Flat
2021-01-18T05:26:29,225,FortyFiveUp
2021-01-18T05:31:29,225,Flat
2021-01-18T05:36:29,229,Flat
2021-01-18T05:41:29,228,Flat
2021-01-18T05:46:29,228,Flat
2021-01-18T05:51:28,237,FortyFiveUp
2021-01-18T05:56:29,241,Flat
2021-01-18T06:01:29,241,Flat
2021-01-18T06:06:29,240,Flat
2021-01-18T06:11:28,237,Flat
2021-01-18T06:16:29,241,Flat
2021-01-18T06:21:28,237,Flat
2021-01-18T06:26:28,239,Flat
2021-01-18T06:31:28,236,Flat
2021-01-18T06:36:29,237,Flat
2021-01-18T06:41:28,238,Flat
2021-01-18T06:46:29,237,Flat
2021-01-18T06:51:28,239,Flat
2021-01-18T06:56:29,237,Flat
2021-01-18T07:01:29,236,Flat
2021-01-18T07:06:28,240,Flat
2021-01-18T07:11:29,240,Flat
2021-01-18T07:16:29,236,Flat
2021-01-18T07:21:28,245,FortyFiveUp
2021-01-18T07:26:29,243,Flat
2021-01-18T07:31:28,241,Flat
2021-01-18T07:36:29,234,FortyFiveDown
2021-01-18T07:41:29,233,Flat
2021-01-18T07:46:28,232,Flat
2021-01-18T07:51:29,228,Flat
2021-01-18T07:56:29,242,SingleUp
2021-01-18T08:01:29,256,SingleUp
2021-01-18T08:06:28,259,Flat
2021-01-18T08:11:29,264,Flat
2021-01-18T08:16:28,265,Flat
2021-01-18T08:21:28,264,Flat
2021-01-18T08:26:28,283,DoubleUp
2021-01-18T08:31:29,332,DoubleUp
2021-01-18T08:36:28,366,DoubleUp
2021-01-18T08:41:29,374,FortyFiveUp
2021-01-18T08:46:28,348,DoubleDown
2021-01-18T08:51:29,333,SingleDown
2021-01-18T08:56:29,328,FortyFiveDown
2021-01-18T09:01:29,328,Flat
2021-01-18T09:06:29,309,DoubleDown
2021-01-18T09:11:29,293,DoubleDown
2021-01-18T09:16:28,276,DoubleDown
2021-01-18T09:21:29,258,DoubleDown
2021-01-18T09:26:29,240,DoubleDown
2021-01-18T09:31:28,230,SingleDown
2021-01-18T09:36:29,215,SingleDown
2021-01-18T09:41:29,197,DoubleDown
2021-01-18T09:46:29,175,DoubleDown
2021-01-18T09:51:29,167,FortyFiveDown
2021-01-18T09:56:29,157,SingleDown
2021-01-18T10:01:29,147,SingleDown
2021-01-18T10:06:29,144,Flat
2021-01-18T10:11:29,129,DoubleDown
2021-01-18T10:16:29,113,DoubleDown
2021-01-18T10:21:29,98,DoubleDown
2021-01-18T10:26:29,94,Flat
2021-01-18T10:31:29,96,Flat
2021-01-18T10:36:29,104,FortyFiveUp
2021-01-18T10:41:29,105,Flat
2021-01-18T10:46:28,93,SingleDown
2021-01-18T10:51:29,94,Flat
2021-01-18T10:56:29,114,DoubleUp
2021-01-18T11:01:29,117,Flat
2021-01-18T11:06:29,118,Flat
2021-01-18T11:11:29,120,Flat
2021-01-18T11:16:29,120,Flat
2021-01-18T11:21:29,138,DoubleUp
2021-01-18T11:26:30,140,Flat
2021-01-18T11:31:29,136,Flat
2021-01-18T11:36:29,122,SingleDown
2021-01-18T11:41:29,113,FortyFiveDown
2021-01-18T11:46:29,109,Flat
2021-01-18T11:51:29,97,SingleDown
2021-01-18T11:56:29,95,Flat
2021-01-18T12:01:29,92,Flat
2021-01-18T12:06:29,94,Flat
2021-01-18T12:11:29,94,Flat
2021-01-18T12:16:29,95,Flat
2021-01-18T12:21:29,106,SingleUp
2021-01-18T12:26:29,126,DoubleUp
2021-01-18T12:31:29,154,DoubleUp
2021-01-18T12:36:29,169,DoubleUp
2021-01-18T12:41:30,187,DoubleUp
2021-01-18T12:46:29,197,SingleUp
2021-01-18T12:51:29,195,Flat
2021-01-18T12:56:29,192,Flat
2021-01-18T13:01:29,187,FortyFiveDown
2021-01-18T13:06:29,179,FortyFiveDown
2021-01-18T13:11:29,175,Flat
2021-01-18T13:16:29,184,FortyFiveUp
2021-01-18T13:21:29,192,FortyFiveUp
2021-01-18T13:26:29,188,Flat
2021-01-18T13:31:30,198,FortyFiveUp
2021-01-18T13:36:29,201,Flat
2021-01-18T13:41:29,208,FortyFiveUp
2021-01-18T13:46:29,212,Flat
2021-01-18T13:51:29,239,DoubleUp
2021-01-18T13:56:29,252,SingleUp
2021-01-18T14:01:30,245,FortyFiveDown
2021-01-18T14:06:29,252,FortyFiveUp
2021-01-18T14:11:29,251,Flat
2021-01-18T14:16:29,234,DoubleDown
2021-01-18T14:21:29,227,FortyFiveDown
2021-01-18T14:26:30,225,Flat
2021-01-18T14:31:29,222,Flat
2021-01-18T14:36:30,228,FortyFiveUp
2021-01-18T14:41:29,225,Flat
2021-01-18T14:46:30,224,Flat
2021-01-18T14:51:30,222,Flat
2021-01-18T14:56:30,227,FortyFiveUp
2021-01-18T15:01:29,225,Flat
2021-01-18T15:06:29,227,Flat
2021-01-18T15:11:29,233,FortyFiveUp
2021-01-18T15:16:29,233,Flat
2021-01-18T15:21:29,234,Flat
2021-01-18T15:26:30,237,Flat
2021-01-18T15:31:30,236,Flat
2021-01-18T15:36:29,235,Flat
2021-01-18T15:41:30,238,Flat
2021-01-18T15:46:30,234,Flat
2021-01-18T15:51:29,237,Flat
2021-01-18T15:56:29,238,Flat
2021-01-18T16:01:30,250,SingleUp
2021-01-18T16:06:30,248,Flat
2021-01-18T16:11:30,247,Flat
2021-01-18T16:16:30,245,Flat
2021-01-18T16:21:29,246,Flat
2021-01-18T16:26:29,244,Flat
2021-01-18T16:31:29,245,Flat
2021-01-18T16:36:29,243,Flat
2021-01-18T16:41:30,243,Flat
2021-01-18T16:46:30,246,Flat
2021-01-18T16:51:29,240,FortyFiveDown
2021-01-18T16:56:30,240,Flat
2021-01-18T17:01:29,242,Flat
2021-01-18T17:06:29,239,Flat
2021-01-18T17:11:30,226,SingleDown
2021-01-18T17:16:30,222,Flat
2021-01-18T17:21:29,225,Flat
2021-01-18T17:26:30,226,Flat
2021-01-18T17:31:29,231,FortyFiveUp
2021-01-18T17:36:30,221,FortyFiveDown
2021-01-18T17:41:30,216,FortyFiveDown
2021-01-18T17:46:30,202,SingleDown
2021-01-18T17:51:30,218,DoubleUp
2021-01-18T17:56:29,231,SingleUp
2021-01-18T18:01:29,219,SingleDown
2021-01-18T18:06:30,215,Flat
2021-01-18T18:11:30,212,Flat
2021-01-18T18:16:29,218,FortyFiveUp
2021-01-18T18:21:29,197,DoubleDown
2021-01-18T18:26:30,191,FortyFiveDown
2021-01-18T18:31:30,211,DoubleUp
2021-01-18T18:36:30,220,FortyFiveUp
2021-01-18T18:41:29,215,FortyFiveDown
2021-01-18T18:46:29,210,FortyFiveDown
2021-01-18T18:51:29,211,Flat
2021-01-18T18:56:29,214,Flat
2021-01-18T19:01:30,216,Flat
2021-01-18T19:06:30,218,Flat
2021-01-18T19:11:29,221,Flat
2021-01-18T19:16:30,222,Flat
2021-01-18T19:21:29,225,Flat
2021-01-18T19:26:29,229,Flat
2021-01-18T19:31:30,228,Flat
2021-01-18T19:36:30,229,Flat
2021-01-18T19:41:30,230,Flat
2021-01-18T19:46:30,228,Flat
2021-01-18T19:51:29,227,Flat
2021-01-18T19:56:30,230,Flat
2021-01-18T20:01:30,229,Flat
2021-01-18T20:06:30,233,Flat
2021-01-18T20:11:29,234,Flat
2021-01-18T20:16:30,248,SingleUp
2021-01-18T20:21:30,271,DoubleUp
2021-01-18T20:26:30,295,DoubleUp
2021-01-18T20:31:29,316,DoubleUp
2021-01-18T20:36:30,315,Flat
2021-01-18T20:41:30,332,DoubleUp
2021-01-18T20:46:30,351,DoubleUp
2021-01-18T20:51:29,356,FortyFiveUp
2021-01-18T20:56:30,340,DoubleDown
2021-01-18T21:01:30,342,Flat
2021-01-18T21:06:29,336,FortyFiveDown
2021-01-18T21:11:30,324,SingleDown
2021-01-18T21:16:29,311,SingleDown
2021-01-18T21:21:30,306,Flat
2021-01-18T21:26:30,299,FortyFiveDown
2021-01-18T21:31:30,298,Flat
2021-01-18T21:36:30,292,FortyFiveDown
2021-01-18T21:41:30,282,SingleDown
2021-01-18T21:46:30,277,FortyFiveDown
2021-01-18T21:51:30,270,FortyFiveDown
2021-01-18T21:56:29,267,Flat
2021-01-18T22:01:30,267,Flat
2021-01-18T22:06:30,263,Flat
2021-01-18T22:11:30,263,Flat
2021-01-18T22:16:30,255,FortyFiveDown
2021-01-18T22:21:30,262,FortyFiveUp
2021-01-18T22:26:30,253,FortyFiveDown
2021-01-18T22:31:30,240,SingleDown
2021-01-18T22:36:30,244,Flat
2021-01-18T22:41:30,261,DoubleUp
2021-01-18T22:46:30,249,SingleDown
2021-01-18T22:51:30,242,FortyFiveDown
2021-01-18T22:56:30,247,FortyFiveUp
2021-01-18T23:01:30,254,FortyFiveUp
2021-01-18T23:06:30,266,SingleUp
2021-01-18T23:11:30,267,Flat
2021-01-18T23:16:30,268,Flat
2021-01-18T23:21:30,276,FortyFiveUp
2021-01-18T23:26:30,276,Flat
2021-01-18T23:31:30,272,Flat
2021-01-18T23:36:30,273,Flat
2021-01-18T23:41:30,292,DoubleUp
2021-01-18T23:46:30,302,SingleUp
2021-01-18T23:51:30,293,FortyFiveDown
2021-01-18T23:56:30,286,FortyFiveDown
2021-01-19T00:01:30,274,SingleDown
2021-01-19T00:06:30,291,DoubleUp
2021-01-19T00:11:30,299,FortyFiveUp
2021-01-19T00:16:30,289,SingleDown
2021-01-19T00:21:30,285,Flat
2021-01-19T00:26:30,266,DoubleDown
2021-01-19T00:31:30,251,DoubleDown
2021-01-19T00:36:30,262,SingleUp
2021-01-19T00:41:30,270,FortyFiveUp
2021-01-19T00:46:30,264,FortyFiveDown
2021-01-19T00:51:30,263,Flat
2021-01-19T00:56:30,277,SingleUp
2021-01-19T01:01:30,278,Flat
2021-01-19T01:06:30,284,FortyFiveUp
2021-01-19T01:11:30,324,DoubleUp
2021-01-19T01:16:30,346,DoubleUp
2021-01-19T01:21:30,339,FortyFiveDown
2021-01-19T01:26:30,344,FortyFiveUp
2021-01-19T01:31:30,338,FortyFiveDown
2021-01-19T01:36:30,326,SingleDown
2021-01-19T01:41:31,323,Flat
2021-01-19T01:46:30,314,FortyFiveDown
2021-01-19T01:51:30,314,Flat
2021-01-19T01:56:31,301,SingleDown
2021-01-19T02:01:31,286,DoubleDown
2021-01-19T02:06:30,276,SingleDown
2021-01-19T02:11:30,262,SingleDown
2021-01-19T02:16:30,248,SingleDown
2021-01-19T02:21:30,238,SingleDown
2021-01-19T02:26:30,228,SingleDown
2021-01-19T02:31:30,226,Flat
2021-01-19T02:36:30,223,Flat
2021-01-19T02:41:30,221,Flat
2021-01-19T02:46:30,220,Flat
2021-01-19T02:51:30,219,Flat
2021-01-19T02:56:31,220,Flat
2021-01-19T03:01:30,221,Flat
2021-01-19T03:06:30,213,FortyFiveDown
2021-01-19T03:11:30,208,FortyFiveDown
2021-01-19T03:16:31,209,Flat
2021-01-19T03:21:30,201,FortyFiveDown
2021-01-19T03:26:30,198,Flat
2021-01-19T03:31:30,189,FortyFiveDown
2021-01-19T03:36:31,197,FortyFiveUp
2021-01-19T03:41:31,187,SingleDown
2021-01-19T03:46:30,193,FortyFiveUp
2021-01-19T03:51:31,203,FortyFiveUp
2021-01-19T03:56:31,208,FortyFiveUp
2021-01-19T04:01:31,213,FortyFiveUp
2021-01-19T04:06:30,217,Flat
2021-01-19T04:11:30,214,Flat
2021-01-19T04:16:30,216,Flat
2021-01-19T04:21:31,224,FortyFiveUp
2021-01-19T04:26:31,230,FortyFiveUp
2021-01-19T04:31:31,231,Flat
2021-01-19T04:36:30,231,Flat
2021-01-19T04:41:31,234,Flat
2021-01-19T04:46:30,232,Flat
2021-01-19T04:51:30,229,Flat
2021-01-19T04:56:30,235,FortyFiveUp
2021-01-19T05:01:31,236,Flat
2021-01-19T05:06:31,234,Flat
2021-01-19T05:11:30,246,SingleUp
2021-01-19T05:16:31,256,FortyFiveUp
2021-01-19T05:21:31,253,Flat
2021-01-19T05:26:30,258,FortyFiveUp
2021-01-19T05:31:30,259,Flat
2021-01-19T05:36:31,258,Flat
2021-01-19T05:41:31,263,FortyFiveUp
2021-01-19T05:46:31,269,FortyFiveUp
2021-01-19T05:51:30,265,Flat
2021-01-19T05:56:31,266,Flat
2021-01-19T06:01:30,270,Flat
2021-01-19T06:06:31,267,Flat
2021-01-19T06:11:31,266,Flat
2021-01-19T06:16:31,270,Flat
2021-01-19T06:21:31,272,Flat
2021-01-19T06:26:31,275,Flat
2021-01-19T06:31:31,273,Flat
2021-01-19T06:36:31,271,Flat
2021-01-19T06:41:30,274,Flat
2021-01-19T06:46:30,277,Flat
2021-01-19T06:51:31,277,Flat
2021-01-19T06:56:31,278,Flat
2021-01-19T07:01:31,282,Flat
2021-01-19T07:06:31,283,Flat
2021-01-19T07:11:31,283,Flat
2021-01-19T07:16:31,283,Flat
2021-01-19T07:21:30,275,FortyFiveDown
2021-01-19T07:26:31,282,FortyFiveUp
2021-01-19T07:31:31,286,Flat
2021-01-19T07:36:31,279,FortyFiveDown
2021-01-19T07:41:31,275,Flat
2021-01-19T07:46:30,264,SingleDown
2021-01-19T07:51:31,265,Flat
2021-01-19T07:56:30,289,DoubleUp
2021-01-19T08:01:30,299,SingleUp
2021-01-19T08:06:30,303,Flat
2021-01-19T08:11:31,312,FortyFiveUp
2021-01-19T08:16:31,321,FortyFiveUp
2021-01-19T08:21:31,341,DoubleUp
2021-01-19T08:26:31,364,DoubleUp
2021-01-19T08:31:31,401,DoubleUp
2021-01-19T08:36:31,401,Flat
2021-01-19T08:41:31,401,Flat
2021-01-19T08:46:31,396,FortyFiveDown
2021-01-19T08:51:31,380,DoubleDown
2021-01-19T08:56:30,350,DoubleDown
2021-01-19T09:01:31,322,DoubleDown
2021-01-19T09:06:30,297,DoubleDown
2021-01-19T09:11:31,264,DoubleDown
2021-01-19T09:16:30,243,DoubleDown
2021-01-19T09:21:30,213,DoubleDown
2021-01-19T09:26:31,199,SingleDown
2021-01-19T09:31:31,180,DoubleDown
2021-01-19T09:36:31,159,DoubleDown
2021-01-19T09:41:31,147,SingleDown
2021-01-19T09:46:31,138,FortyFiveDown
2021-01-19T09:51:31,123,DoubleDown
2021-01-19T09:56:31,118,FortyFiveDown
2021-01-19T10:01:31,106,SingleDown
2021-01-19T10:06:31,104,Flat
2021-01-19T10:11:30,101,Flat
2021-01-19T10:16:31,103,Flat
2021-01-19T10:21:31,111,FortyFiveUp
2021-01-19T10:26:31,118,FortyFiveUp
2021-01-19T10:31:31,130,SingleUp
2021-01-19T10:36:31,146,DoubleUp
2021-01-19T10:41:31,157,SingleUp
2021-01-19T10:46:31,161,Flat
2021-01-19T10:51:31,170,FortyFiveUp
2021-01-19T10:56:31,176,FortyFiveUp
2021-01-19T11:01:31,189,SingleUp
2021-01-19T11:06:31,196,FortyFiveUp
2021-01-19T11:11:31,200,Flat
2021-01-19T11:16:32,204,Flat
2021-01-19T11:21:31,205,Flat
2021-01-19T11:26:31,230,DoubleUp
2021-01-19T11:31:31,239,FortyFiveUp
2021-01-19T11:36:31,251,SingleUp
2021-01-19T11:41:31,249,Flat
2021-01-19T11:46:31,231,DoubleDown
2021-01-19T11:51:31,235,Flat
2021-01-19T11:56:31,237,Flat
2021-01-19T12:01:31,230,FortyFiveDown
2021-01-19T12:06:31,249,DoubleUp
2021-01-19T12:11:31,257,FortyFiveUp
2021-01-19T12:16:32,247,FortyFiveDown
2021-01-19T12:21:31,251,Flat
2021-01-19T12:26:31,237,SingleDown
2021-01-19T12:31:31,217,DoubleDown
2021-01-19T12:36:31,201,DoubleDown
2021-01-19T12:41:31,194,FortyFiveDown
2021-01-19T12:46:31,188,FortyFiveDown
2021-01-19T12:51:31,187,Flat
2021-01-19T12:56:31,185,Flat
2021-01-19T13:01:31,191,FortyFiveUp
2021-01-19T13:06:31,191,Flat
2021-01-19T13:11:31,186,FortyFiveDown
2021-01-19T13:16:31,182,Flat
2021-01-19T13:21:32,179,Flat
2021-01-19T13:26:31,173,FortyFiveDown
2021-01-19T13:31:31,168,FortyFiveDown
2021-01-19T13:36:31,163,FortyFiveDown
2021-01-19T13:41:31,161,Flat
2021-01-19T13:46:31,156,FortyFiveDown
2021-01-19T13:51:32,156,Flat
2021-01-19T13:56:31,149,FortyFiveDown
2021-01-19T14:01:31,139,SingleDown
2021-01-19T14:06:32,148,FortyFiveUp
2021-01-19T14:11:32,149,Flat
2021-01-19T14:16:31,149,Flat
2021-01-19T14:21:31,159,SingleUp
2021-01-19T14:26:32,173,SingleUp
2021-01-19T14:31:31,176,Flat
2021-01-19T14:36:31,173,Flat
2021-01-19T14:41:31,184,SingleUp
2021-01-19T14:46:32,188,Flat
2021-01-19T14:51:32,185,Flat
2021-01-19T14:56:32,207,DoubleUp
2021-01-19T15:01:31,232,DoubleUp
2021-01-19T15:06:31,254,DoubleUp
2021-01-19T15:11:31,251,Flat
2021-01-19T15:16:31,269,DoubleUp
2021-01-19T15:21:31,284,DoubleUp
2021-01-19T15:26:32,262,DoubleDown
2021-01-19T15:31:32,253,FortyFiveDown
2021-01-19T15:36:31,252,Flat
2021-01-19T15:41:31,253,Flat
2021-01-19T15:46:31,259,FortyFiveUp
2021-01-19T15:51:32,264,Flat
2021-01-19T15:56:32,267,Flat
2021-01-19T16:01:32,283,DoubleUp
2021-01-19T16:06:32,280,Flat
2021-01-19T16:11:32,258,DoubleDown
2021-01-19T16:16:32,250,FortyFiveDown
2021-01-19T16:21:32,275,DoubleUp
2021-01-19T16:26:32,324,DoubleUp
2021-01-19T16:31:31,340,DoubleUp
2021-01-19T16:36:32,335,Flat
2021-01-19T16:41:32,329,FortyFiveDown
2021-01-19T16:46:32,319,SingleDown
2021-01-19T16:51:32,309,SingleDown
2021-01-19T16:56:31,297,SingleDown
2021-01-19T17:01:32,287,FortyFiveDown
2021-01-19T17:06:31,274,SingleDown
2021-01-19T17:11:31,263,SingleDown
2021-01-19T17:16:32,255,FortyFiveDown
2021-01-19T17:21:32,271,DoubleUp
2021-01-19T17:26:32,275,Flat
2021-01-19T17:31:32,277,Flat
2021-01-19T17:36:31,265,SingleDown
2021-01-19T17:41:31,249,DoubleDown
2021-01-19T17:46:32,246,Flat
2021-01-19T17:51:31,237,FortyFiveDown
2021-01-19T17:56:31,232,FortyFiveDown
2021-01-19T18:01:32,236,Flat
2021-01-19T18:06:32,227,FortyFiveDown
2021-01-19T18:11:32,228,Flat
2021-01-19T18:16:32,219,FortyFiveDown
2021-01-19T18:21:31,213,FortyFiveDown
2021-01-19T18:26:31,220,FortyFiveUp
2021-01-19T18:31:31,220,Flat
2021-01-19T18:36:31,214,FortyFiveDown
2021-01-19T18:41:32,200,SingleDown
2021-01-19T18:46:31,198,Flat
2021-01-19T18:51:32,196,Flat
2021-01-19T18:56:31,189,FortyFiveDown
2021-01-19T19:01:32,180,FortyFiveDown
2021-01-19T19:06:32,178,Flat
2021-01-19T19:11:32,175,Flat
2021-01-19T19:16:32,180,FortyFiveUp
2021-01-19T19:21:32,185,FortyFiveUp
2021-01-19T19:26:32,173,SingleDown
2021-01-19T19:31:31,171,Flat
2021-01-19T19:36:31,172,Flat
2021-01-19T19:41:31,171,Flat
2021-01-19T19:46:31,174,Flat
2021-01-19T19:51:32,179,Flat
2021-01-19T19:56:32,178,Flat
2021-01-19T20:01:31,181,Flat
2021-01-19T20:06:31,161,DoubleDown
2021-01-19T20:11:32,166,Flat
2021-01-19T20:16:32,184,DoubleUp
2021-01-19T20:21:32,191,FortyFiveUp
2021-01-19T20:26:32,197,FortyFiveUp
2021-01-19T20:31:32,199,Flat
2021-01-19T20:36:31,181,DoubleDown
2021-01-19T20:41:32,158,DoubleDown
2021-01-19T20:46:32,156,Flat
2021-01-19T20:51:32,159,Flat
2021-01-19T20:56:32,150,FortyFiveDown
2021-01-19T21:01:32,162,SingleUp
2021-01-19T21:06:32,180,DoubleUp
2021-01-19T21:11:32,172,FortyFiveDown
2021-01-19T21:16:31,152,DoubleDown
2021-01-19T21:21:32,134,DoubleDown
2021-01-19T21:26:32,125,FortyFiveDown
2021-01-19T21:31:32,107,DoubleDown
2021-01-19T21:36:32,104,Flat
2021-01-19T21:41:32,94,SingleDown
2021-01-19T21:46:32,78,DoubleDown
2021-01-19T21:51:32,76,Flat
2021-01-19T21:56:32,77,Flat
2021-01-19T22:01:32,89,SingleUp
2021-01-19T22:06:32,96,FortyFiveUp
2021-01-19T22:11:32,115,DoubleUp
2021-01-19T22:16:32,131,DoubleUp
2021-01-19T22:21:32,143,SingleUp
2021-01-19T22:26:32,148,FortyFiveUp
2021-01-19T22:31:32,173,DoubleUp
2021-01-19T22:36:32,188,DoubleUp
2021-01-19T22:41:32,188,Flat
2021-01-19T22:46:32,189,Flat
2021-01-19T22:51:32,191,Flat
2021-01-19T22:56:32,203,SingleUp
2021-01-19T23:01:32,204,Flat
2021-01-19T23:06:32,199,FortyFiveDown
2021-01-19T23:11:32,199,Flat
2021-01-19T23:16:32,201,Flat
2021-01-19T23:21:32,206,FortyFiveUp
2021-01-19T23:26:32,211,FortyFiveUp
2021-01-19T23:31:32,215,Flat
2021-01-19T23:36:32,214,Flat
2021-01-19T23:41:32,219,FortyFiveUp
2021-01-19T23:46:33,227,FortyFiveUp
2021-01-19T23:51:32,236,FortyFiveUp
2021-01-19T23:56:33,229,FortyFiveDown
2021-01-20T00:01:32,224,FortyFiveDown
2021-01-20T00:06:32,218,FortyFiveDown
2021-01-20T00:11:32,216,Flat
2021-01-20T00:16:32,213,Flat
2021-01-20T00:21:32,204,FortyFiveDown
2021-01-20T00:26:32,206,Flat
2021-01-20T00:31:33,218,SingleUp
2021-01-20T00:36:33,235,DoubleUp
2021-01-20T00:41:32,246,SingleUp
2021-01-20T00:46:32,252,FortyFiveUp
2021-01-20T00:51:33,259,FortyFiveUp
2021-01-20T00:56:32,267,FortyFiveUp
2021-01-20T01:01:32,274,FortyFiveUp
2021-01-20T01:06:33,282,FortyFiveUp
2021-01-20T01:11:32,288,FortyFiveUp
2021-01-20T01:16:32,294,FortyFiveUp
2021-01-20T01:21:32,294,Flat
2021-01-20T01:26:32,300,FortyFiveUp
2021-01-20T01:31:32,303,Flat
2021-01-20T01:36:32,292,SingleDown
2021-01-20T01:41:32,305,SingleUp
2021-01-20T01:46:32,315,SingleUp
2021-01-20T01:51:32,314,Flat
2021-01-20T01:56:32,318,Flat
2021-01-20T02:01:32,313,FortyFiveDown
2021-01-20T02:06:33,309,Flat
2021-01-20T02:11:32,303,FortyFiveDown
2021-01-20T02:16:32,305,Flat
2021-01-20T02:21:33,314,FortyFiveUp
2021-01-20T02:26:32,315,Flat
2021-01-20T02:31:33,318,Flat
2021-01-20T02:36:33,325,FortyFiveUp
2021-01-20T02:41:32,332,FortyFiveUp
2021-01-20T02:46:33,335,Flat
2021-01-20T02:51:32,338,Flat
2021-01-20T02:56:33,342,Flat
2021-01-20T03:01:33,337,FortyFiveDown
2021-01-20T03:06:33,332,FortyFiveDown
2021-01-20T03:11:32,345,SingleUp
2021-01-20T03:16:33,353,FortyFiveUp
2021-01-20T03:21:32,348,FortyFiveDown
2021-01-20T03:26:32,346,Flat
2021-01-20T03:31:33,351,Flat
2021-01-20T03:36:33,351,Flat
2021-01-20T03:41:33,349,Flat
2021-01-20T03:46:32,347,Flat
2021-01-20T03:51:32,348,Flat
2021-01-20T03:56:33,343,Flat
2021-01-20T04:01:33,330,SingleDown
2021-01-20T04:06:32,345,DoubleUp
2021-01-20T04:11:33,350,Flat
2021-01-20T04:16:33,344,FortyFiveDown
2021-01-20T04:21:33,340,Flat
2021-01-20T04:26:33,337,Flat
2021-01-20T04:31:33,328,FortyFiveDown
2021-01-20T04:36:32,317,SingleDown
2021-01-20T04:41:33,306,SingleDown
2021-01-20T04:46:32,292,SingleDown
2021-01-20T04:51:33,284,FortyFiveDown
2021-01-20T04:56:33,277,FortyFiveDown
2021-01-20T05:01:33,268,FortyFiveDown
2021-01-20T05:06:33,255,SingleDown
2021-01-20T05:11:32,249,FortyFiveDown
2021-01-20T05:16:33,241,FortyFiveDown
2021-01-20T05:21:32,234,FortyFiveDown
2021-01-20T05:26:33,231,Flat
2021-01-20T05:31:33,223,FortyFiveDown
2021-01-20T05:36:32,216,FortyFiveDown
2021-01-20T05:41:32,210,FortyFiveDown
2021-01-20T05:46:32,205,FortyFiveDown
2021-01-20T05:51:33,201,Flat
2021-01-20T05:56:32,197,Flat
2021-01-20T06:01:33,192,Flat
2021-01-20T06:06:33,184,FortyFiveDown
2021-01-20T06:11:33,186,Flat
2021-01-20T06:16:32,188,Flat
2021-01-20T06:21:33,181,FortyFiveDown
2021-01-20T06:26:32,189,FortyFiveUp
2021-01-20T06:31:32,193,Flat
2021-01-20T06:36:33,188,Flat
2021-01-20T06:41:32,184,Flat
2021-01-20T06:46:33,186,Flat
2021-01-20T06:51:32,185,Flat
2021-01-20T06:56:33,184,Flat
2021-01-20T07:01:32,187,Flat
2021-01-20T07:06:33,188,Flat
2021-01-20T07:11:33,191,Flat
2021-01-20T07:16:33,189,Flat
2021-01-20T07:21:32,192,Flat
2021-01-20T07:26:33,194,Flat
2021-01-20T07:31:32,197,Flat
2021-01-20T07:36:33,196,Flat
2021-01-20T07:41:33,186,SingleDown
2021-01-20T07:46:33,174,SingleDown
2021-01-20T07:51:33,186,SingleUp
2021-01-20T07:56:32,205,DoubleUp
2021-01-20T08:01:33,207,Flat
2021-01-20T08:06:32,217,SingleUp
2021-01-20T08:11:33,228,SingleUp
2021-01-20T08:16:33,235,FortyFiveUp
2021-01-20T08:21:33,247,SingleUp
2021-01-20T08:26:32,255,FortyFiveUp
2021-01-20T08:31:33,275,DoubleUp
2021-01-20T08:36:32,281,FortyFiveUp
2021-01-20T08:41:33,277,Flat
2021-01-20T08:46:33,278,Flat
2021-01-20T08:51:33,280,Flat
2021-01-20T08:56:33,284,Flat
2021-01-20T09:01:33,285,Flat
2021-01-20T09:06:33,285,Flat
2021-01-20T09:11:33,283,Flat
2021-01-20T09:16:33,279,Flat
2021-01-20T09:21:33,281,Flat
2021-01-20T09:26:33,308,DoubleUp
2021-01-20T09:31:33,315,FortyFiveUp
2021-01-20T09:36:33,313,Flat
2021-01-20T09:41:33,295,DoubleDown
2021-01-20T09:46:33,276,DoubleDown
2021-01-20T09:51:33,274,Flat
2021-01-20T09:56:33,272,Flat
2021-01-20T10:01:33,261,SingleDown
2021-01-20T10:06:33,250,SingleDown
2021-01-20T10:11:33,237,SingleDown
2021-01-20T10:16:33,223,SingleDown
2021-01-20T10:21:33,212,SingleDown
2021-01-20T10:26:33,199,SingleDown
2021-01-20T10:31:33,185,SingleDown
2021-01-20T10:36:33,173,SingleDown
2021-01-20T10:41:33,165,FortyFiveDown
2021-01-20T10:46:33,165,Flat
2021-01-20T10:51:33,163,Flat
2021-01-20T10:56:33,158,FortyFiveDown
2021-01-20T11:01:33,164,FortyFiveUp
2021-01-20T11:06:33,174,SingleUp
2021-01-20T11:11:33,187,SingleUp
2021-01-20T11:16:33,192,FortyFiveUp
2021-01-20T11:21:33,197,FortyFiveUp
2021-01-20T11:26:34,195,Flat
2021-01-20T11:31:33,216,DoubleUp
2021-01-20T11:36:33,223,FortyFiveUp
2021-01-20T11:41:33,226,Flat
2021-01-20T11:46:33,203,DoubleDown
2021-01-20T11:51:33,179,DoubleDown
2021-01-20T11:56:33,166,SingleDown
2021-01-20T12:01:33,160,FortyFiveDown
2021-01-20T12:06:33,156,Flat
2021-01-20T12:11:33,152,Flat
2021-01-20T12:16:33,149,Flat
2021-01-20T12:21:34,151,Flat
2021-01-20T12:26:34,147,Flat
2021-01-20T12:31:33,141,FortyFiveDown
2021-01-20T12:36:33,132,FortyFiveDown
2021-01-20T12:41:33,128,Flat
2021-01-20T12:46:33,121,FortyFiveDown
2021-01-20T12:51:33,115,FortyFiveDown
2021-01-20T12:56:33,110,FortyFiveDown
2021-01-20T13:01:33,107,Flat
2021-01-20T13:06:33,106,Flat
2021-01-20T13:11:33,104,Flat
2021-01-20T13:16:33,103,Flat
2021-01-20T13:21:34,103,Flat
2021-01-20T13:26:34,100,Flat
2021-01-20T13:31:33,95,FortyFiveDown
2021-01-20T13:36:33,92,Flat
2021-01-20T13:41:34,91,Flat
2021-01-20T13:46:33,89,Flat
2021-01-20T13:51:34,91,Flat
2021-01-20T13:56:33,93,Flat
2021-01-20T14:01:33,94,Flat
2021-01-20T14:06:34,103,FortyFiveUp
2021-01-20T14:11:33,100,Flat
2021-01-20T14:16:34,100,Flat
2021-01-20T14:21:33,104,Flat
2021-01-20T14:26:33,110,FortyFiveUp
2021-01-20T14:31:33,122,SingleUp
2021-01-20T14:36:34,125,Flat
2021-01-20T14:41:33,136,SingleUp
2021-01-20T14:46:33,149,SingleUp
2021-01-20T14:51:34,159,FortyFiveUp
2021-01-20T14:56:34,153,FortyFiveDown
2021-01-20T15:01:33,154,Flat
2021-01-20T15:06:33,136,DoubleDown
2021-01-20T15:11:34,131,Flat
2021-01-20T15:16:34,127,Flat
2021-01-20T15:21:33,125,Flat
2021-01-20T15:26:34,117,FortyFiveDown
2021-01-20T15:31:33,115,Flat
2021-01-20T15:36:34,113,Flat
2021-01-20T15:41:34,111,Flat
2021-01-20T15:46:33,110,Flat
2021-01-20T15:51:33,112,Flat
2021-01-20T15:56:33,109,Flat
2021-01-20T16:01:34,110,Flat
2021-01-20T16:06:34,109,Flat
2021-01-20T16:11:34,119,SingleUp
2021-01-20T16:16:34,135,DoubleUp
2021-01-20T16:21:34,133,Flat
2021-01-20T16:26:33,134,Flat
2021-01-20T16:31:34,129,Flat
2021-01-20T16:36:33,130,Flat
2021-01-20T16:41:33,124,FortyFiveDown
2021-01-20T16:46:33,124,Flat
2021-01-20T16:51:34,120,Flat
2021-01-20T16:56:34,124,Flat
2021-01-20T17:01:34,123,Flat
2021-01-20T17:06:34,127,Flat
2021-01-20T17:11:33,132,FortyFiveUp
2021-01-20T17:16:34,137,Flat
2021-01-20T17:21:34,141,Flat
2021-01-20T17:26:33,148,FortyFiveUp
2021-01-20T17:31:34,141,FortyFiveDown
2021-01-20T17:36:34,136,FortyFiveDown
2021-01-20T17:41:34,133,Flat
2021-01-20T17:46:34,126,FortyFiveDown
2021-01-20T17:51:34,122,Flat
2021-01-20T17:56:33,123,Flat
2021-01-20T18:01:34,127,Flat
2021-01-20T18:06:33,133,FortyFiveUp
2021-01-20T18:11:33,135,Flat
2021-01-20T18:16:34,136,Flat
2021-01-20T18:21:34,137,Flat
2021-01-20T18:26:34,141,Flat
2021-01-20T18:31:34,144,Flat
2021-01-20T18:36:34,150,FortyFiveUp
2021-01-20T18:41:33,152,Flat
2021-01-20T18:46:34,172,DoubleUp
2021-01-20T18:51:34,180,FortyFiveUp
2021-01-20T18:56:34,183,Flat
2021-01-20T19:01:34,181,Flat
2021-01-20T19:06:34,178,Flat
2021-01-20T19:11:34,172,FortyFiveDown
2021-01-20T19:16:34,174,Flat
2021-01-20T19:21:34,173,Flat
2021-01-20T19:26:34,175,Flat
2021-01-20T19:31:33,177,Flat
2021-01-20T19:36:34,176,Flat
2021-01-20T19:41:33,181,FortyFiveUp
2021-01-20T19:46:34,184,Flat
2021-01-20T19:51:34,189,FortyFiveUp
2021-01-20T19:56:34,195,FortyFiveUp
2021-01-20T20:01:34,188,FortyFiveDown
2021-01-20T20:06:34,201,SingleUp
2021-01-20T20:11:34,198,Flat
2021-01-20T20:16:34,189,FortyFiveDown
2021-01-20T20:21:34,208,DoubleUp
2021-01-20T20:26:34,210,Flat
2021-01-20T20:31:34,208,Flat
2021-01-20T20:36:34,218,SingleUp
2021-01-20T20:41:34,235,DoubleUp
2021-01-20T20:46:34,255,DoubleUp
2021-01-20T20:51:34,246,FortyFiveDown
2021-01-20T20:56:34,248,Flat
2021-01-20T21:01:34,258,SingleUp
2021-01-20T21:06:34,260,Flat
2021-01-20T21:11:34,267,FortyFiveUp
2021-01-20T21:16:34,279,SingleUp
2021-01-20T21:21:34,292,SingleUp
2021-01-20T21:26:34,289,Flat
2021-01-20T21:31:34,293,Flat
2021-01-20T21:36:34,298,FortyFiveUp
2021-01-20T21:41:34,293,FortyFiveDown
2021-01-20T21:46:35,289,Flat
2021-01-20T21:51:34,288,Flat
2021-01-20T21:56:35,299,SingleUp
2021-01-20T22:01:34,305,FortyFiveUp
2021-01-20T22:06:34,315,SingleUp
2021-01-20T22:11:34,307,FortyFiveDown
2021-01-20T22:16:34,280,DoubleDown
2021-01-20T22:21:34,272,FortyFiveDown
2021-01-20T22:26:34,288,DoubleUp
2021-01-20T22:31:34,293,FortyFiveUp
2021-01-20T22:36:34,299,FortyFiveUp
2021-01-20T22:41:35,288,SingleDown
2021-01-20T22:46:34,280,FortyFiveDown
2021-01-20T22:51:34,286,FortyFiveUp
2021-01-20T22:56:34,269,DoubleDown
2021-01-20T23:01:35,262,FortyFiveDown
2021-01-20T23:06:34,244,DoubleDown
2021-01-20T23:11:35,254,FortyFiveUp
2021-01-20T23:16:34,260,FortyFiveUp
2021-01-20T23:21:34,259,Flat
2021-01-20T23:26:34,256,Flat
2021-01-20T23:31:35,249,FortyFiveDown
2021-01-20T23:36:34,244,FortyFiveDown
2021-01-20T23:41:34,233,SingleDown
2021-01-20T23:46:35,213,DoubleDown
2021-01-20T23:51:35,214,Flat
2021-01-20T23:56:35,208,FortyFiveDown
2021-01-21T00:01:34,194,SingleDown
2021-01-21T00:06:34,189,FortyFiveDown
2021-01-21T00:11:34,184,FortyFiveDown
2021-01-21T00:16:34,181,Flat
2021-01-21T00:21:34,178,Flat
2021-01-21T00:26:35,174,Flat
2021-01-21T00:31:34,169,FortyFiveDown
2021-01-21T00:36:34,164,FortyFiveDown
2021-01-21T00:41:34,159,FortyFiveDown
2021-01-21T00:46:35,157,Flat
2021-01-21T00:51:34,152,FortyFiveDown
2021-01-21T00:56:35,147,Flat
2021-01-21T01:01:35,138,FortyFiveDown
2021-01-21T01:06:35,134,Flat
2021-01-21T01:11:34,135,Flat
2021-01-21T01:16:35,138,Flat
2021-01-21T01:21:34,137,Flat
2021-01-21T01:26:34,138,Flat
2021-01-21T01:31:35,142,Flat
2021-01-21T01:36:35,146,Flat
2021-01-21T01:41:35,147,Flat
2021-01-21T01:46:34,156,FortyFiveUp
2021-01-21T01:51:35,151,Flat
2021-01-21T01:56:35,149,Flat
2021-01-21T02:01:34,156,FortyFiveUp
2021-01-21T02:06:34,165,FortyFiveUp
2021-01-21T02:11:34,153,SingleDown
2021-01-21T02:16:34,165,SingleUp
2021-01-21T02:21:35,175,FortyFiveUp
2021-01-21T02:26:34,175,Flat
2021-01-21T02:31:34,178,Flat
2021-01-21T02:36:34,186,FortyFiveUp
2021-01-21T02:41:35,187,Flat
2021-01-21T02:46:34,188,Flat
2021-01-21T02:51:34,183,FortyFiveDown
2021-01-21T02:56:35,189,FortyFiveUp
2021-01-21T03:01:34,194,FortyFiveUp
2021-01-21T03:06:34,195,Flat
2021-01-21T03:11:35,196,Flat
2021-01-21T03:16:35,198,Flat
2021-01-21T03:21:35,203,FortyFiveUp
2021-01-21T03:26:35,202,Flat
2021-01-21T03:31:34,209,FortyFiveUp
2021-01-21T03:36:34,219,SingleUp
2021-01-21T03:41:34,220,Flat
2021-01-21T03:46:35,220,Flat
2021-01-21T03:51:35,225,FortyFiveUp
2021-01-21T03:56:35,232,FortyFiveUp
2021-01-21T04:01:35,232,Flat
2021-01-21T04:06:35,234,Flat
2021-01-21T04:11:34,237,Flat
2021-01-21T04:16:35,239,Flat
2021-01-21T04:21:35,240,Flat
2021-01-21T04:26:35,241,Flat
2021-01-21T04:31:35,242,Flat
2021-01-21T04:36:35,242,Flat
2021-01-21T04:41:35,242,Flat
2021-01-21T04:46:35,243,Flat
2021-01-21T04:51:35,246,Flat
2021-01-21T04:56:35,247,Flat
2021-01-21T05:01:35,247,Flat
2021-01-21T05:06:35,249,Flat
2021-01-21T05:11:35,247,Flat
2021-01-21T05:16:35,253,FortyFiveUp
2021-01-21T05:21:35,258,FortyFiveUp
2021-01-21T05:26:35,259,Flat
2021-01-21T05:31:35,260,Flat
2021-01-21T05:36:35,264,Flat
2021-01-21T05:41:35,264,Flat
2021-01-21T05:46:35,265,Flat
2021-01-21T05:51:35,269,Flat
2021-01-21T05:56:35,270,Flat
2021-01-21T06:01:35,273,Flat
2021-01-21T06:06:35,274,Flat
2021-01-21T06:11:35,275,Flat
2021-01-21T06:16:35,277,Flat
2021-01-21T06:21:35,279,Flat
2021-01-21T06:26:34,281,Flat
2021-01-21T06:31:35,282,Flat
2021-01-21T06:36:35,282,Flat
2021-01-21T06:41:34,281,Flat
2021-01-21T06:46:35,288,FortyFiveUp
2021-01-21T06:51:35,291,Flat
2021-01-21T06:56:34,287,Flat
2021-01-21T07:01:35,293,FortyFiveUp
2021-01-21T07:06:35,291,Flat
2021-01-21T07:11:35,292,Flat
2021-01-21T07:16:35,291,Flat
2021-01-21T07:21:35,296,FortyFiveUp
2021-01-21T07:26:35,301,FortyFiveUp
2021-01-21T07:31:35,297,Flat
2021-01-21T07:36:35,293,Flat
2021-01-21T07:41:35,268,DoubleDown
2021-01-21T07:46:35,262,FortyFiveDown
2021-01-21T07:51:35,271,FortyFiveUp
2021-01-21T07:56:35,295,DoubleUp
2021-01-21T08:01:35,313,DoubleUp
2021-01-21T08:06:35,332,DoubleUp
2021-01-21T08:11:35,323,FortyFiveDown
2021-01-21T08:16:35,339,DoubleUp
2021-01-21T08:21:35,384,DoubleUp
2021-01-21T08:26:35,401,DoubleUp
2021-01-21T08:31:35,399,Flat
2021-01-21T08:36:35,366,DoubleDown
2021-01-21T08:41:35,338,DoubleDown
2021-01-21T08:46:35,332,FortyFiveDown
2021-01-21T08:51:35,326,FortyFiveDown
2021-01-21T08:56:35,315,SingleDown
2021-01-21T09:01:35,304,SingleDown
2021-01-21T09:06:35,296,FortyFiveDown
2021-01-21T09:11:36,283,SingleDown
2021-01-21T09:16:35,270,SingleDown
2021-01-21T09:21:35,257,SingleDown
2021-01-21T09:26:35,243,SingleDown
2021-01-21T09:31:35,231,SingleDown
2021-01-21T09:36:35,222,FortyFiveDown
2021-01-21T09:41:35,210,SingleDown
2021-01-21T09:46:35,198,SingleDown
2021-01-21T09:51:36,186,SingleDown
2021-01-21T09:56:35,180,FortyFiveDown
2021-01-21T10:01:35,166,SingleDown
2021-01-21T10:06:36,159,FortyFiveDown
2021-01-21T10:11:36,164,FortyFiveUp
2021-01-21T10:16:35,152,SingleDown
2021-01-21T10:21:35,153,Flat
2021-01-21T10:26:35,153,Flat
2021-01-21T10:31:35,157,Flat
2021-01-21T10:36:35,153,Flat
2021-01-21T10:41:35,147,FortyFiveDown
2021-01-21T10:46:35,143,Flat
2021-01-21T10:51:35,138,FortyFiveDown
2021-01-21T10:56:35,127,SingleDown
2021-01-21T11:01:35,127,Flat
2021-01-21T11:06:35,131,Flat
2021-01-21T11:11:36,131,Flat
2021-01-21T11:16:35,132,Flat
2021-01-21T11:21:36,132,Flat
2021-01-21T11:26:36,132,Flat
2021-01-21T11:31:36,130,Flat
2021-01-21T11:36:35,125,FortyFiveDown
2021-01-21T11:41:35,121,Flat
2021-01-21T11:46:35,117,Flat
2021-01-21T11:51:36,110,FortyFiveDown
2021-01-21T11:56:35,107,Flat
2021-01-21T12:01:35,99,FortyFiveDown
2021-01-21T12:06:36,91,FortyFiveDown
2021-01-21T12:11:36,86,FortyFiveDown
2021-01-21T12:16:35,84,Flat
2021-01-21T12:21:35,85,Flat
2021-01-21T12:26:36,92,FortyFiveUp
2021-01-21T12:31:36,123,DoubleUp
2021-01-21T12:36:36,144,DoubleUp
2021-01-21T12:41:36,150,FortyFiveUp
2021-01-21T12:46:36,161,SingleUp
2021-01-21T12:51:36,164,Flat
2021-01-21T12:56:35,167,Flat
2021-01-21T13:01:36,173,FortyFiveUp
2021-01-21T13:06:36,171,Flat
2021-01-21T13:11:35,174,Flat
2021-01-21T13:16:36,171,Flat
2021-01-21T13:21:36,186,DoubleUp
2021-01-21T13:26:35,187,Flat
2021-01-21T13:31:35,187,Flat
2021-01-21T13:36:35,172,DoubleDown
2021-01-21T13:41:36,151,DoubleDown
2021-01-21T13:46:35,160,FortyFiveUp
2021-01-21T13:51:36,168,FortyFiveUp
2021-01-21T13:56:36,165,Flat
2021-01-21T14:01:35,168,Flat
2021-01-21T14:06:35,162,FortyFiveDown
2021-01-21T14:11:36,165,Flat
2021-01-21T14:16:36,176,SingleUp
2021-01-21T14:21:36,186,SingleUp
2021-01-21T14:26:35,187,Flat
2021-01-21T14:31:35,179,FortyFiveDown
2021-01-21T14:36:36,183,Flat
2021-01-21T14:41:36,177,FortyFiveDown
2021-01-21T14:46:36,173,Flat
2021-01-21T14:51:36,171,Flat
2021-01-21T14:56:36,173,Flat
2021-01-21T15:01:36,177,Flat
2021-01-21T15:06:35,179,Flat
2021-01-21T15:11:36,178,Flat
2021-01-21T15:16:36,187,FortyFiveUp
2021-01-21T15:21:36,190,Flat
2021-01-21T15:26:35,195,FortyFiveUp
2021-01-21T15:31:36,196,Flat
2021-01-21T15:36:35,200,Flat
2021-01-21T15:41:36,197,Flat
2021-01-21T15:46:36,198,Flat
2021-01-21T15:51:36,192,FortyFiveDown
2021-01-21T15:56:35,189,Flat
2021-01-21T16:01:36,186,Flat
2021-01-21T16:06:35,182,Flat
2021-01-21T16:11:36,178,Flat
2021-01-21T16:16:36,180,Flat
2021-01-21T16:21:35,177,Flat
2021-01-21T16:26:35,179,Flat
2021-01-21T16:31:36,181,Flat
2021-01-21T16:36:36,181,Flat
2021-01-21T16:41:36,180,Flat
2021-01-21T16:46:36,175,FortyFiveDown
2021-01-21T16:51:36,161,SingleDown
2021-01-21T16:56:36,163,Flat
2021-01-21T17:01:36,161,Flat
2021-01-21T17:06:36,151,SingleDown
2021-01-21T17:11:36,144,FortyFiveDown
2021-01-21T17:16:36,128,DoubleDown
2021-01-21T17:21:36,123,FortyFiveDown
2021-01-21T17:26:35,119,Flat
2021-01-21T17:31:36,113,FortyFiveDown
2021-01-21T17:36:36,112,Flat
2021-01-21T17:41:36,115,Flat
2021-01-21T17:46:36,115,Flat
2021-01-21T17:51:36,117,Flat
2021-01-21T17:56:36,118,Flat
2021-01-21T18:01:36,123,FortyFiveUp
2021-01-21T18:06:36,126,Flat
2021-01-21T18:11:36,122,Flat
2021-01-21T18:16:35,129,FortyFiveUp
2021-01-21T18:21:36,126,Flat
2021-01-21T18:26:36,127,Flat
2021-01-21T18:31:36,125,Flat
2021-01-21T18:36:36,121,Flat
2021-01-21T18:41:36,122,Flat
2021-01-21T18:46:36,122,Flat
2021-01-21T18:51:36,134,SingleUp
2021-01-21T18:56:36,137,Flat
2021-01-21T19:01:36,139,Flat
2021-01-21T19:06:36,130,FortyFiveDown
2021-01-21T19:11:36,119,SingleDown
2021-01-21T19:16:36,116,Flat
2021-01-21T19:21:36,118,Flat
2021-01-21T19:26:36,109,FortyFiveDown
2021-01-21T19:31:36,108,Flat
2021-01-21T19:36:36,111,Flat
2021-01-21T19:41:36,108,Flat
2021-01-21T19:46:36,114,FortyFiveUp
2021-01-21T19:51:36,115,Flat
2021-01-21T19:56:36,117,Flat
2021-01-21T20:01:36,121,Flat
2021-01-21T20:06:36,124,Flat
2021-01-21T20:11:36,126,Flat
2021-01-21T20:16:36,138,SingleUp
2021-01-21T20:21:36,141,Flat
2021-01-21T20:26:36,146,FortyFiveUp
2021-01-21T20:31:36,150,Flat
2021-01-21T20:36:36,146,Flat
2021-01-21T20:41:36,158,SingleUp
2021-01-21T20:46:36,154,Flat
2021-01-21T20:51:36,140,SingleDown
2021-01-21T20:56:36,138,Flat
2021-01-21T21:01:36,132,FortyFiveDown
2021-01-21T21:06:36,134,Flat
2021-01-21T21:11:36,139,FortyFiveUp
2021-01-21T21:16:36,131,FortyFiveDown
2021-01-21T21:21:36,122,FortyFiveDown
2021-01-21T21:26:36,124,Flat
2021-01-21T21:31:36,129,FortyFiveUp
2021-01-21T21:36:37,139,FortyFiveUp
2021-01-21T21:41:36,135,Flat
2021-01-21T21:46:36,135,Flat
2021-01-21T21:51:36,133,Flat
2021-01-21T21:56:36,135,Flat
2021-01-21T22:01:36,140,FortyFiveUp
2021-01-21T22:06:36,133,FortyFiveDown
2021-01-21T22:11:36,133,Flat
2021-01-21T22:16:36,129,Flat
2021-01-21T22:21:36,133,Flat
2021-01-21T22:26:37,135,Flat
2021-01-21T22:31:37,138,Flat
2021-01-21T22:36:36,137,Flat
2021-01-21T22:41:36,144,FortyFiveUp
2021-01-21T22:46:36,147,Flat
2021-01-21T22:51:36,145,Flat
2021-01-21T22:56:36,143,Flat
2021-01-21T23:01:37,146,Flat
2021-01-21T23:06:36,150,Flat
2021-01-21T23:11:36,150,Flat
2021-01-21T23:16:36,156,FortyFiveUp
2021-01-21T23:21:36,151,FortyFiveDown
2021-01-21T23:26:37,151,Flat
2021-01-21T23:31:36,158,FortyFiveUp
2021-01-21T23:36:36,159,Flat
2021-01-21T23:41:36,162,Flat
2021-01-21T23:46:36,163,Flat
2021-01-21T23:51:37,165,Flat
2021-01-21T23:56:36,165,Flat
2021-01-22T00:01:36,166,Flat
2021-01-22T00:06:37,172,FortyFiveUp
2021-01-22T00:11:37,174,Flat
2021-01-22T00:16:36,176,Flat
2021-01-22T00:21:36,178,Flat
2021-01-22T00:26:37,173,Flat
2021-01-22T00:31:36,174,Flat
2021-01-22T00:36:37,179,Flat
2021-01-22T00:41:36,185,FortyFiveUp
2021-01-22T00:46:37,191,FortyFiveUp
2021-01-22T00:51:36,200,FortyFiveUp
2021-01-22T00:56:37,196,Flat
2021-01-22T01:01:37,201,FortyFiveUp
2021-01-22T01:06:37,200,Flat
2021-01-22T01:11:37,198,Flat
2021-01-22T01:16:37,213,DoubleUp
2021-01-22T01:21:37,207,FortyFiveDown
2021-01-22T01:26:36,218,SingleUp
2021-01-22T01:31:37,224,FortyFiveUp
2021-01-22T01:36:37,224,Flat
2021-01-22T01:41:37,229,FortyFiveUp
2021-01-22T01:46:36,230,Flat
2021-01-22T01:51:36,229,Flat
2021-01-22T01:56:37,229,Flat
2021-01-22T02:01:37,231,Flat
2021-01-22T02:06:36,232,Flat
2021-01-22T02:11:37,233,Flat
2021-01-22T02:16:37,231,Flat
2021-01-22T02:21:37,231,Flat
2021-01-22T02:26:37,233,Flat
2021-01-22T02:31:37,234,Flat
2021-01-22T02:36:37,233,Flat
2021-01-22T02:41:36,237,Flat
2021-01-22T02:46:36,238,Flat
2021-01-22T02:51:37,237,Flat
2021-01-22T02:56:37,237,Flat
2021-01-22T03:01:37,240,Flat
2021-01-22T03:06:37,242,Flat
2021-01-22T03:11:37,243,Flat
2021-01-22T03:16:37,243,Flat
2021-01-22T03:21:36,245,Flat
2021-01-22T03:26:37,245,Flat
2021-01-22T03:31:36,240,FortyFiveDown
2021-01-22T03:36:37,249,FortyFiveUp
2021-01-22T03:41:37,251,Flat
2021-01-22T03:46:36,248,Flat
2021-01-22T03:51:37,246,Flat
2021-01-22T03:56:37,246,Flat
2021-01-22T04:01:37,247,Flat
2021-01-22T04:06:36,249,Flat
2021-01-22T04:11:37,248,Flat
2021-01-22T04:16:36,250,Flat
2021-01-22T04:21:36,251,Flat
2021-01-22T04:26:37,251,Flat
2021-01-22T04:31:37,252,Flat
2021-01-22T04:36:37,253,Flat
2021-01-22T04:41:37,254,Flat
2021-01-22T04:46:37,251,Flat
2021-01-22T04:51:37,251,Flat
2021-01-22T04:56:37,251,Flat
2021-01-22T05:01:37,249,Flat
2021-01-22T05:06:37,251,Flat
2021-01-22T05:11:37,251,Flat
2021-01-22T05:16:37,248,Flat
2021-01-22T05:21:37,247,Flat
2021-01-22T05:26:37,258,SingleUp
2021-01-22T05:31:37,256,Flat
2021-01-22T05:36:37,255,Flat
2021-01-22T05:41:37,256,Flat
2021-01-22T05:46:37,262,FortyFiveUp
2021-01-22T05:51:37,259,Flat
2021-01-22T05:56:37,261,Flat
2021-01-22T06:01:37,265,Flat
2021-01-22T06:06:37,267,Flat
2021-01-22T06:11:37,264,Flat
2021-01-22T06:16:37,262,Flat
2021-01-22T06:21:37,267,FortyFiveUp
2021-01-22T06:26:37,271,Flat
2021-01-22T06:31:37,273,Flat
2021-01-22T06:36:37,271,Flat
2021-01-22T06:41:37,269,Flat
2021-01-22T06:46:37,268,Flat
2021-01-22T06:51:37,268,Flat
2021-01-22T06:56:37,267,Flat
2021-01-22T07:01:37,268,Flat
2021-01-22T07:06:37,267,Flat
2021-01-22T07:11:38,266,Flat
2021-01-22T07:16:37,264,Flat
2021-01-22T07:21:37,265,Flat
2021-01-22T07:26:38,262,Flat
2021-01-22T07:31:37,266,Flat
2021-01-22T07:36:37,265,Flat
2021-01-22T07:41:38,265,Flat
2021-01-22T07:46:37,268,Flat
2021-01-22T07:51:37,265,Flat
2021-01-22T07:56:37,266,Flat
2021-01-22T08:01:37,264,Flat
2021-01-22T08:06:38,255,FortyFiveDown
2021-01-22T08:11:37,262,FortyFiveUp
2021-01-22T08:16:37,263,Flat
2021-01-22T08:21:37,257,FortyFiveDown
2021-01-22T08:26:37,260,Flat
2021-01-22T08:31:38,253,FortyFiveDown
2021-01-22T08:36:37,244,FortyFiveDown
2021-01-22T08:41:37,252,FortyFiveUp
2021-01-22T08:46:37,242,SingleDown
2021-01-22T08:51:37,251,FortyFiveUp
2021-01-22T08:56:37,267,DoubleUp
2021-01-22T09:01:37,278,SingleUp
2021-01-22T09:06:37,284,FortyFiveUp
2021-01-22T09:11:38,307,DoubleUp
2021-01-22T09:16:37,312,FortyFiveUp
2021-01-22T09:21:38,285,DoubleDown
2021-01-22T09:26:38,262,DoubleDown
2021-01-22T09:31:37,275,SingleUp
2021-01-22T09:36:37,287,SingleUp
2021-01-22T09:41:37,287,Flat
2021-01-22T09:46:38,283,Flat
2021-01-22T09:51:37,286,Flat
2021-01-22T09:56:37,283,Flat
2021-01-22T10:01:38,280,Flat
2021-01-22T10:06:37,265,DoubleDown
2021-01-22T10:11:38,253,SingleDown
2021-01-22T10:16:38,249,Flat
2021-01-22T10:21:37,247,Flat
2021-01-22T10:26:38,241,FortyFiveDown
2021-01-22T10:31:37,238,Flat
2021-01-22T10:36:38,228,FortyFiveDown
2021-01-22T10:41:38,220,FortyFiveDown
2021-01-22T10:46:37,220,Flat
2021-01-22T10:51:37,208,SingleDown
2021-01-22T10:56:37,202,FortyFiveDown
2021-01-22T11:01:37,203,Flat
2021-01-22T11:06:38,205,Flat
2021-01-22T11:11:37,205,Flat
2021-01-22T11:16:37,201,Flat
2021-01-22T11:21:37,210,FortyFiveUp
2021-01-22T11:26:38,214,Flat
2021-01-22T11:31:38,209,FortyFiveDown
2021-01-22T11:36:37,218,FortyFiveUp
2021-01-22T11:41:37,222,Flat
2021-01-22T11:46:37,203,DoubleDown
2021-01-22T11:51:37,202,Flat
2021-01-22T11:56:38,214,SingleUp
2021-01-22T12:01:38,212,Flat
2021-01-22T12:06:38,212,Flat
2021-01-22T12:11:38,196,DoubleDown
2021-01-22T12:16:38,196,Flat
2021-01-22T12:21:38,194,Flat
2021-01-22T12:26:38,195,Flat
2021-01-22T12:31:37,185,SingleDown
2021-01-22T12:36:37,173,SingleDown
2021-01-22T12:41:38,168,Flat
2021-01-22T12:46:37,164,Flat
2021-01-22T12:51:38,158,FortyFiveDown
2021-01-22T12:56:38,149,FortyFiveDown
2021-01-22T13:01:38,141,FortyFiveDown
2021-01-22T13:06:37,136,FortyFiveDown
2021-01-22T13:11:37,125,SingleDown
2021-01-22T13:16:38,126,Flat
2021-01-22T13:21:38,109,DoubleDown
2021-01-22T13:26:37,105,Flat
2021-01-22T13:31:38,109,Flat
2021-01-22T13:36:38,114,FortyFiveUp
2021-01-22T13:41:38,107,FortyFiveDown
2021-01-22T13:46:38,101,FortyFiveDown
2021-01-22T13:51:38,94,FortyFiveDown
2021-01-22T13:56:37,95,Flat
2021-01-22T14:01:38,90,Flat
2021-01-22T14:06:38,98,FortyFiveUp
2021-01-22T14:11:38,132,DoubleUp
2021-01-22T14:16:38,140,FortyFiveUp
2021-01-22T14:21:38,145,FortyFiveUp
2021-01-22T14:26:38,157,SingleUp
2021-01-22T14:31:38,174,DoubleUp
2021-01-22T14:36:38,202,DoubleUp
2021-01-22T14:41:38,200,Flat
2021-01-22T14:46:37,204,Flat
2021-01-22T14:51:38,209,Flat
2021-01-22T14:56:38,215,FortyFiveUp
2021-01-22T15:01:38,224,FortyFiveUp
2021-01-22T15:06:38,223,Flat
2021-01-22T15:11:37,204,DoubleDown
2021-01-22T15:16:38,205,Flat
2021-01-22T15:21:38,229,DoubleUp
2021-01-22T15:26:38,234,FortyFiveUp
2021-01-22T15:31:38,246,SingleUp
2021-01-22T15:36:38,280,DoubleUp
2021-01-22T15:41:38,289,FortyFiveUp
2021-01-22T15:46:38,276,SingleDown
2021-01-22T15:51:38,278,Flat
2021-01-22T15:56:38,281,Flat
2021-01-22T16:01:38,278,Flat
2021-01-22T16:06:38,299,DoubleUp
2021-01-22T16:11:38,332,DoubleUp
2021-01-22T16:16:38,325,FortyFiveDown
2021-01-22T16:21:38,306,DoubleDown
2021-01-22T16:26:38,302,Flat
2021-01-22T16:31:38,308,FortyFiveUp
2021-01-22T16:36:38,312,Flat
2021-01-22T16:41:38,304,FortyFiveDown
2021-01-22T16:46:38,300,Flat
2021-01-22T16:51:38,296,Flat
2021-01-22T16:56:39,296,Flat
2021-01-22T17:01:38,297,Flat
2021-01-22T17:06:39,300,Flat
2021-01-22T17:11:38,295,FortyFiveDown
2021-01-22T17:16:39,293,Flat
2021-01-22T17:21:38,289,Flat
2021-01-22T17:26:38,285,Flat
2021-01-22T17:31:38,285,Flat
2021-01-22T17:36:39,282,Flat
2021-01-22T17:41:38,279,Flat
2021-01-22T17:46:38,275,Flat
2021-01-22T17:51:38,272,Flat
2021-01-22T17:56:38,266,FortyFiveDown
2021-01-22T18:01:38,265,Flat
2021-01-22T18:06:38,264,Flat
2021-01-22T18:11:38,262,Flat
2021-01-22T18:16:38,254,FortyFiveDown
2021-01-22T18:21:38,246,FortyFiveDown
2021-01-22T18:26:39,241,Flat
2021-01-22T18:31:38,234,FortyFiveDown
2021-01-22T18:36:39,219,SingleDown
2021-01-22T18:41:39,213,FortyFiveDown
2021-01-22T18:46:39,207,FortyFiveDown
2021-01-22T18:51:38,209,Flat
2021-01-22T18:56:38,217,FortyFiveUp
2021-01-22T19:01:39,223,FortyFiveUp
2021-01-22T19:06:38,218,FortyFiveDown
2021-01-22T19:11:38,213,FortyFiveDown
2021-01-22T19:16:38,215,Flat
2021-01-22T19:21:39,215,Flat
2021-01-22T19:26:38,218,Flat
2021-01-22T19:31:38,218,Flat
2021-01-22T19:36:39,215,Flat
2021-01-22T19:41:39,208,FortyFiveDown
2021-01-22T19:46:38,212,Flat
2021-01-22T19:51:38,209,Flat
2021-01-22T19:56:38,218,FortyFiveUp
2021-01-22T20:01:38,220,Flat
2021-01-22T20:06:38,219,Flat
2021-01-22T20:11:39,222,Flat
2021-01-22T20:16:38,214,FortyFiveDown
2021-01-22T20:21:39,201,SingleDown
2021-01-22T20:26:38,189,SingleDown
2021-01-22T20:31:38,194,FortyFiveUp
2021-01-22T20:36:38,196,Flat
2021-01-22T20:41:39,203,FortyFiveUp
2021-01-22T20:46:39,202,Flat
2021-01-22T20:51:38,192,SingleDown
2021-01-22T20:56:39,188,Flat
2021-01-22T21:01:38,190,Flat
2021-01-22T21:06:39,190,Flat
2021-01-22T21:11:38,190,Flat
2021-01-22T21:16:38,189,Flat
2021-01-22T21:21:39,189,Flat
2021-01-22T21:26:38,182,FortyFiveDown
2021-01-22T21:31:39,186,Flat
2021-01-22T21:36:38,185,Flat
2021-01-22T21:41:39,178,FortyFiveDown
2021-01-22T21:46:39,179,Flat
2021-01-22T21:51:39,186,FortyFiveUp
2021-01-22T21:56:39,181,FortyFiveDown
2021-01-22T22:01:39,184,Flat
2021-01-22T22:06:39,205,DoubleUp
2021-01-22T22:11:39,218,SingleUp
2021-01-22T22:16:38,234,DoubleUp
2021-01-22T22:21:38,250,DoubleUp
2021-01-22T22:26:39,273,DoubleUp
2021-01-22T22:31:39,289,DoubleUp
2021-01-22T22:36:39,289,Flat
2021-01-22T22:41:39,292,Flat
2021-01-22T22:46:38,286,FortyFiveDown
2021-01-22T22:51:39,274,SingleDown
2021-01-22T22:56:39,247,DoubleDown
2021-01-22T23:01:39,248,Flat
2021-01-22T23:06:39,250,Flat
2021-01-22T23:11:39,242,FortyFiveDown
2021-01-22T23:16:39,234,FortyFiveDown
2021-01-22T23:21:39,243,FortyFiveUp
2021-01-22T23:26:38,254,SingleUp
2021-01-22T23:31:39,242,SingleDown
2021-01-22T23:36:39,235,FortyFiveDown
2021-01-22T23:41:39,233,Flat
2021-01-22T23:46:39,237,Flat
2021-01-22T23:51:38,237,Flat
2021-01-22T23:56:38,235,Flat
2021-01-23T00:01:39,234,Flat
2021-01-23T00:06:38,246,SingleUp
2021-01-23T00:11:39,253,FortyFiveUp
2021-01-23T00:16:39,262,FortyFiveUp
2021-01-23T00:21:38,266,Flat
2021-01-23T00:26:38,274,FortyFiveUp
2021-01-23T00:31:39,282,FortyFiveUp
2021-01-23T00:36:39,284,Flat
2021-01-23T00:41:39,288,Flat
2021-01-23T00:46:39,291,Flat
2021-01-23T00:51:39,301,SingleUp
2021-01-23T00:56:39,317,DoubleUp
2021-01-23T01:01:39,315,Flat
2021-01-23T01:06:38,295,DoubleDown
2021-01-23T01:11:39,276,DoubleDown
2021-01-23T01:16:39,272,Flat
2021-01-23T01:21:39,270,Flat
2021-01-23T01:26:39,270,Flat
2021-01-23T01:31:39,271,Flat
2021-01-23T01:36:39,281,SingleUp
2021-01-23T01:41:39,288,FortyFiveUp
2021-01-23T01:46:39,294,FortyFiveUp
2021-01-23T01:51:39,304,SingleUp
2021-01-23T01:56:39,313,FortyFiveUp
2021-01-23T02:01:39,309,Flat
2021-01-23T02:06:39,310,Flat
2021-01-23T02:11:39,317,FortyFiveUp
2021-01-23T02:16:39,324,FortyFiveUp
2021-01-23T02:21:39,327,Flat
2021-01-23T02:26:39,342,DoubleUp
2021-01-23T02:31:39,353,SingleUp
2021-01-23T02:36:39,352,Flat
2021-01-23T02:41:39,342,SingleDown
2021-01-23T02:46:39,341,Flat
2021-01-23T02:51:39,340,Flat
2021-01-23T02:56:39,326,SingleDown
2021-01-23T03:01:39,326,Flat
2021-01-23T03:06:39,318,FortyFiveDown
2021-01-23T03:11:39,311,FortyFiveDown
2021-01-23T03:16:39,305,FortyFiveDown
2021-01-23T03:21:39,304,Flat
2021-01-23T03:26:39,293,SingleDown
2021-01-23T03:31:39,293,Flat
2021-01-23T03:36:39,286,FortyFiveDown
2021-01-23T03:41:39,284,Flat
2021-01-23T03:46:39,276,FortyFiveDown
2021-01-23T03:51:39,265,SingleDown
2021-01-23T03:56:39,260,FortyFiveDown
2021-01-23T04:01:39,253,FortyFiveDown
2021-01-23T04:06:39,246,FortyFiveDown
2021-01-23T04:11:40,241,Flat
2021-01-23T04:16:40,235,FortyFiveDown
2021-01-23T04:21:39,228,FortyFiveDown
2021-01-23T04:26:40,215,SingleDown
2021-01-23T04:31:40,214,Flat
2021-01-23T04:36:40,212,Flat
2021-01-23T04:41:39,207,FortyFiveDown
2021-01-23T04:46:39,207,Flat
2021-01-23T04:51:39,198,FortyFiveDown
2021-01-23T04:56:40,198,Flat
2021-01-23T05:01:40,199,Flat
2021-01-23T05:06:39,197,Flat
2021-01-23T05:11:39,195,Flat
2021-01-23T05:16:39,196,Flat
2021-01-23T05:21:40,197,Flat
2021-01-23T05:26:40,198,Flat
2021-01-23T05:31:39,203,FortyFiveUp
2021-01-23T05:36:39,208,FortyFiveUp
2021-01-23T05:41:39,211,Flat
2021-01-23T05:46:39,208,Flat
2021-01-23T05:51:39,214,FortyFiveUp
2021-01-23T05:56:40,219,Flat
2021-01-23T06:01:39,220,Flat
2021-01-23T06:06:39,220,Flat
2021-01-23T06:11:40,220,Flat
2021-01-23T06:16:40,223,Flat
2021-01-23T06:21:40,223,Flat
2021-01-23T06:26:40,223,Flat
2021-01-23T06:31:40,226,Flat
2021-01-23T06:36:40,231,FortyFiveUp
2021-01-23T06:41:40,232,Flat
2021-01-23T06:46:39,233,Flat
2021-01-23T06:51:40,234,Flat
2021-01-23T06:56:40,235,Flat
2021-01-23T07:01:40,234,Flat
2021-01-23T07:06:40,228,FortyFiveDown
2021-01-23T07:11:39,235,FortyFiveUp
2021-01-23T07:16:40,235,Flat
2021-01-23T07:21:40,238,Flat
2021-01-23T07:26:39,240,Flat
2021-01-23T07:31:40,243,Flat
2021-01-23T07:36:40,233,SingleDown
2021-01-23T07:41:39,228,FortyFiveDown
2021-01-23T07:46:40,233,Flat
2021-01-23T07:51:40,226,FortyFiveDown
2021-01-23T07:56:40,251,DoubleUp
2021-01-23T08:01:39,268,DoubleUp
2021-01-23T08:06:40,277,FortyFiveUp
2021-01-23T08:11:39,267,SingleDown
2021-01-23T08:16:40,272,Flat
2021-01-23T08:21:40,278,FortyFiveUp
2021-01-23T08:26:40,277,Flat
2021-01-23T08:31:40,306,DoubleUp
2021-01-23T08:36:39,334,DoubleUp
2021-01-23T08:41:40,333,Flat
2021-01-23T08:46:40,313,DoubleDown
2021-01-23T08:51:40,298,DoubleDown
2021-01-23T08:56:40,267,DoubleDown
2021-01-23T09:01:40,251,DoubleDown
2021-01-23T09:06:40,242,FortyFiveDown
2021-01-23T09:11:40,226,DoubleDown
2021-01-23T09:16:40,213,SingleDown
2021-01-23T09:21:40,202,SingleDown
2021-01-23T09:26:40,192,SingleDown
2021-01-23T09:31:40,177,DoubleDown
2021-01-23T09:36:40,165,SingleDown
2021-01-23T09:41:39,160,FortyFiveDown
2021-01-23T09:46:40,153,FortyFiveDown
2021-01-23T09:51:40,146,FortyFiveDown
2021-01-23T09:56:40,139,FortyFiveDown
2021-01-23T10:01:40,133,FortyFiveDown
2021-01-23T10:06:40,128,FortyFiveDown
2021-01-23T10:11:40,118,SingleDown
2021-01-23T10:16:39,112,FortyFiveDown
2021-01-23T10:21:40,102,FortyFiveDown
2021-01-23T10:26:40,98,Flat
2021-01-23T10:31:40,94,Flat
2021-01-23T10:36:40,85,FortyFiveDown
2021-01-23T10:41:39,86,Flat
2021-01-23T10:46:40,91,Flat
2021-01-23T10:51:40,96,FortyFiveUp
2021-01-23T10:56:40,92,Flat
2021-01-23T11:01:40,96,Flat
2021-01-23T11:06:40,93,Flat
2021-01-23T11:11:40,99,FortyFiveUp
2021-01-23T11:16:40,102,Flat
2021-01-23T11:21:40,111,FortyFiveUp
2021-01-23T11:26:40,105,FortyFiveDown
2021-01-23T11:31:40,109,Flat
2021-01-23T11:36:40,113,Flat
2021-01-23T11:41:40,121,FortyFiveUp
2021-01-23T11:46:39,138,DoubleUp
2021-01-23T11:51:40,151,SingleUp
2021-01-23T11:56:40,151,Flat
2021-01-23T12:01:40,146,FortyFiveDown
2021-01-23T12:06:40,148,Flat
2021-01-23T12:11:40,136,SingleDown
2021-01-23T12:16:40,130,FortyFiveDown
2021-01-23T12:21:40,121,FortyFiveDown
2021-01-23T12:26:40,127,FortyFiveUp
2021-01-23T12:31:40,127,Flat
2021-01-23T12:36:40,126,Flat
2021-01-23T12:41:40,127,Flat
2021-01-23T12:46:40,130,Flat
2021-01-23T12:51:40,132,Flat
2021-01-23T12:56:40,131,Flat
2021-01-23T13:01:40,132,Flat
2021-01-23T13:06:40,130,Flat
2021-01-23T13:11:40,132,Flat
2021-01-23T13:16:40,131,Flat
2021-01-23T13:21:40,131,Flat
2021-01-23T13:26:40,130,Flat
2021-01-23T13:31:40,131,Flat
2021-01-23T13:36:41,130,Flat
2021-01-23T13:41:40,127,Flat
2021-01-23T13:46:40,125,Flat
2021-01-23T13:51:40,125,Flat
2021-01-23T13:56:40,126,Flat
2021-01-23T14:01:40,123,Flat
2021-01-23T14:06:40,125,Flat
2021-01-23T14:11:41,127,Flat
2021-01-23T14:16:40,127,Flat
2021-01-23T14:21:41,127,Flat
2021-01-23T14:26:41,122,FortyFiveDown
2021-01-23T14:31:40,121,Flat
2021-01-23T14:36:40,123,Flat
2021-01-23T14:41:40,146,DoubleUp
2021-01-23T14:46:40,164,DoubleUp
2021-01-23T14:51:40,172,FortyFiveUp
2021-01-23T14:56:40,184,SingleUp
2021-01-23T15:01:41,187,Flat
2021-01-23T15:06:41,186,Flat
2021-01-23T15:11:41,182,Flat
2021-01-23T15:16:40,189,FortyFiveUp
2021-01-23T15:21:41,219,DoubleUp
2021-01-23T15:26:40,224,FortyFiveUp
2021-01-23T15:31:40,226,Flat
2021-01-23T15:36:40,224,Flat
2021-01-23T15:41:40,239,DoubleUp
2021-01-23T15:46:40,229,SingleDown
2021-01-23T15:51:40,227,Flat
2021-01-23T15:56:41,235,FortyFiveUp
2021-01-23T16:01:40,239,Flat
2021-01-23T16:06:40,245,FortyFiveUp
2021-01-23T16:11:40,252,FortyFiveUp
2021-01-23T16:16:40,268,DoubleUp
2021-01-23T16:21:40,275,FortyFiveUp
2021-01-23T16:26:40,276,Flat
2021-01-23T16:31:40,280,Flat
2021-01-23T16:36:41,284,Flat
2021-01-23T16:41:40,290,FortyFiveUp
2021-01-23T16:46:41,293,Flat
2021-01-23T16:51:40,299,FortyFiveUp
2021-01-23T16:56:40,306,FortyFiveUp
2021-01-23T17:01:41,307,Flat
2021-01-23T17:06:40,307,Flat
2021-01-23T17:11:40,310,Flat
2021-01-23T17:16:40,329,DoubleUp
2021-01-23T17:21:40,347,DoubleUp
2021-01-23T17:26:40,360,SingleUp
2021-01-23T17:31:40,365,FortyFiveUp
2021-01-23T17:36:40,358,FortyFiveDown
2021-01-23T17:41:40,343,DoubleDown
2021-01-23T17:46:40,324,DoubleDown
2021-01-23T17:51:41,293,DoubleDown
2021-01-23T17:56:41,284,FortyFiveDown
2021-01-23T18:01:41,274,SingleDown
2021-01-23T18:06:41,249,DoubleDown
2021-01-23T18:11:41,228,DoubleDown
2021-01-23T18:16:40,203,DoubleDown
2021-01-23T18:21:41,185,DoubleDown
2021-01-23T18:26:40,170,DoubleDown
2021-01-23T18:31:41,157,SingleDown
2021-01-23T18:36:40,145,SingleDown
2021-01-23T18:41:41,134,SingleDown
2021-01-23T18:46:40,126,FortyFiveDown
2021-01-23T18:51:41,120,FortyFiveDown
2021-01-23T18:56:40,115,FortyFiveDown
2021-01-23T19:01:41,109,FortyFiveDown
2021-01-23T19:06:40,105,Flat
2021-01-23T19:11:41,104,Flat
2021-01-23T19:16:40,99,FortyFiveDown
2021-01-23T19:21:40,108,FortyFiveUp
2021-01-23T19:26:41,101,FortyFiveDown
2021-01-23T19:31:41,92,FortyFiveDown
2021-01-23T19:36:40,83,FortyFiveDown
2021-01-23T19:41:41,82,Flat
2021-01-23T19:46:41,85,Flat
2021-01-23T19:51:41,83,Flat
2021-01-23T19:56:41,81,Flat
2021-01-23T20:01:41,80,Flat
2021-01-23T20:06:41,87,FortyFiveUp
2021-01-23T20:11:41,98,SingleUp
2021-01-23T20:16:41,105,FortyFiveUp
2021-01-23T20:21:41,146,DoubleUp
2021-01-23T20:26:40,177,DoubleUp
2021-01-23T20:31:41,180,Flat
2021-01-23T20:36:41,181,Flat
2021-01-23T20:41:41,174,FortyFiveDown
2021-01-23T20:46:40,161,SingleDown
2021-01-23T20:51:41,174,SingleUp
2021-01-23T20:56:40,180,FortyFiveUp
2021-01-23T21:01:40,195,DoubleUp
2021-01-23T21:06:41,239,DoubleUp
2021-01-23T21:11:40,261,DoubleUp
2021-01-23T21:16:41,259,Flat
2021-01-23T21:21:41,256,Flat
2021-01-23T21:26:41,249,FortyFiveDown
2021-01-23T21:31:41,253,Flat
2021-01-23T21:36:41,270,DoubleUp
2021-01-23T21:41:41,274,Flat
2021-01-23T21:46:41,282,FortyFiveUp
2021-01-23T21:51:40,273,FortyFiveDown
2021-01-23T21:56:41,257,DoubleDown
2021-01-23T22:01:41,251,FortyFiveDown
2021-01-23T22:06:41,235,DoubleDown
2021-01-23T22:11:41,223,SingleDown
2021-01-23T22:16:41,209,SingleDown
2021-01-23T22:21:41,202,FortyFiveDown
2021-01-23T22:26:41,209,FortyFiveUp
2021-01-23T22:31:40,211,Flat
2021-01-23T22:36:42,218,FortyFiveUp
2021-01-23T22:41:41,218,Flat
2021-01-23T22:46:41,216,Flat
2021-01-23T22:51:41,211,FortyFiveDown
2021-01-23T22:56:41,203,FortyFiveDown
2021-01-23T23:01:41,200,Flat
2021-01-23T23:06:41,197,Flat
2021-01-23T23:11:41,194,Flat
2021-01-23T23:16:41,185,FortyFiveDown
2021-01-23T23:21:41,175,SingleDown
2021-01-23T23:26:41,172,Flat
2021-01-23T23:31:41,163,FortyFiveDown
2021-01-23T23:36:40,163,Flat
2021-01-23T23:41:41,168,Flat
2021-01-23T23:46:41,174,FortyFiveUp
2021-01-23T23:51:41,177,Flat
2021-01-23T23:56:41,182,FortyFiveUp
2021-01-24T00:01:41,190,FortyFiveUp
2021-01-24T00:06:41,191,Flat
2021-01-24T00:11:41,198,FortyFiveUp
2021-01-24T00:16:41,195,Flat
2021-01-24T00:21:41,186,FortyFiveDown
2021-01-24T00:26:41,185,Flat
2021-01-24T00:31:42,182,Flat
2021-01-24T00:36:41,179,Flat
2021-01-24T00:41:41,178,Flat
2021-01-24T00:46:41,175,Flat
2021-01-24T00:51:41,174,Flat
2021-01-24T00:56:41,170,Flat
2021-01-24T01:01:42,165,Flat
2021-01-24T01:06:41,169,Flat
2021-01-24T01:11:42,172,Flat
2021-01-24T01:16:41,172,Flat
2021-01-24T01:21:41,176,Flat
2021-01-24T01:26:41,176,Flat
2021-01-24T01:31:41,183,FortyFiveUp
2021-01-24T01:36:41,188,FortyFiveUp
2021-01-24T01:41:41,188,Flat
2021-01-24T01:46:41,190,Flat
2021-01-24T01:51:41,193,Flat
2021-01-24T01:56:41,198,FortyFiveUp
2021-01-24T02:01:41,200,Flat
2021-01-24T02:06:41,202,Flat
2021-01-24T02:11:41,207,FortyFiveUp
2021-01-24T02:16:42,206,Flat
2021-01-24T02:21:41,206,Flat
2021-01-24T02:26:41,212,FortyFiveUp
2021-01-24T02:31:42,213,Flat
2021-01-24T02:36:42,210,Flat
2021-01-24T02:41:41,212,Flat
2021-01-24T02:46:42,212,Flat
2021-01-24T02:51:41,214,Flat
2021-01-24T02:56:41,215,Flat
2021-01-24T03:01:42,214,Flat
2021-01-24T03:06:42,219,FortyFiveUp
2021-01-24T03:11:41,223,Flat
2021-01-24T03:16:41,225,Flat
2021-01-24T03:21:42,226,Flat
2021-01-24T03:26:41,227,Flat
2021-01-24T03:31:42,228,Flat
2021-01-24T03:36:41,236,FortyFiveUp
2021-01-24T03:41:41,239,Flat
2021-01-24T03:46:41,242,Flat
2021-01-24T03:51:41,242,Flat
2021-01-24T03:56:41,234,FortyFiveDown
2021-01-24T04:01:41,240,FortyFiveUp
2021-01-24T04:06:42,244,Flat
2021-01-24T04:11:42,247,Flat
2021-01-24T04:16:41,249,Flat
2021-01-24T04:21:41,253,Flat
2021-01-24T04:26:41,250,Flat
2021-01-24T04:31:41,250,Flat
2021-01-24T04:36:41,251,Flat
2021-01-24T04:41:41,255,Flat
2021-01-24T04:46:41,257,Flat
2021-01-24T04:51:42,257,Flat
2021-01-24T04:56:42,248,FortyFiveDown
2021-01-24T05:01:42,233,DoubleDown
2021-01-24T05:06:42,244,SingleUp
2021-01-24T05:11:42,266,DoubleUp
2021-01-24T05:16:41,265,Flat
2021-01-24T05:21:42,262,Flat
2021-01-24T05:26:42,267,FortyFiveUp
2021-01-24T05:31:42,271,Flat
2021-01-24T05:36:42,267,Flat
2021-01-24T05:41:41,267,Flat
2021-01-24T05:46:42,271,Flat
2021-01-24T05:51:42,273,Flat
2021-01-24T05:56:42,271,Flat
2021-01-24T06:01:42,270,Flat
2021-01-24T06:06:41,266,Flat
2021-01-24T06:11:41,273,FortyFiveUp
2021-01-24T06:16:42,274,Flat
2021-01-24T06:21:42,272,Flat
2021-01-24T06:26:42,268,Flat
2021-01-24T06:31:42,266,Flat
2021-01-24T06:36:41,271,FortyFiveUp
2021-01-24T06:41:42,256,SingleDown
2021-01-24T06:46:41,249,FortyFiveDown
2021-01-24T06:51:42,229,DoubleDown
2021-01-24T06:56:41,242,SingleUp
2021-01-24T07:01:42,262,DoubleUp
2021-01-24T07:06:42,275,SingleUp
2021-01-24T07:11:41,286,SingleUp
2021-01-24T07:16:42,295,FortyFiveUp
2021-01-24T07:21:42,300,FortyFiveUp
2021-01-24T07:26:42,311,SingleUp
2021-01-24T07:31:41,319,FortyFiveUp
2021-01-24T07:36:42,346,DoubleUp
2021-01-24T07:41:42,368,DoubleUp
2021-01-24T07:46:42,382,SingleUp
2021-01-24T07:51:42,385,Flat
2021-01-24T07:56:42,391,FortyFiveUp
2021-01-24T08:01:42,382,FortyFiveDown
2021-01-24T08:06:42,347,DoubleDown
2021-01-24T08:11:42,309,DoubleDown
2021-01-24T08:16:42,287,DoubleDown
2021-01-24T08:21:42,278,FortyFiveDown
2021-01-24T08:26:42,261,DoubleDown
2021-01-24T08:31:42,258,Flat
2021-01-24T08:36:42,246,SingleDown
2021-01-24T08:41:42,219,DoubleDown
2021-01-24T08:46:42,205,SingleDown
2021-01-24T08:51:42,218,SingleUp
2021-01-24T08:56:42,210,FortyFiveDown
2021-01-24T09:01:42,196,SingleDown
2021-01-24T09:06:42,191,FortyFiveDown
2021-01-24T09:11:41,176,DoubleDown
2021-01-24T09:21:42,127,DoubleDown
2021-01-24T09:26:41,92,DoubleDown
2021-01-24T09:51:42,175,DoubleUp
2021-01-24T09:56:42,202,DoubleUp
2021-01-24T10:01:41,188,SingleDown
2021-01-24T10:06:42,171,DoubleDown
2021-01-24T10:11:42,160,SingleDown
2021-01-24T10:16:42,160,Flat
2021-01-24T10:21:42,153,FortyFiveDown
2021-01-24T10:26:42,148,FortyFiveDown
2021-01-24T10:31:42,139,FortyFiveDown
2021-01-24T10:36:42,133,FortyFiveDown
2021-01-24T10:41:42,124,FortyFiveDown
2021-01-24T10:46:42,124,Flat
2021-01-24T10:51:42,123,Flat
2021-01-24T10:56:42,113,SingleDown
2021-01-24T11:01:42,113,Flat
2021-01-24T11:06:42,105,FortyFiveDown
2021-01-24T11:11:42,95,SingleDown
2021-01-24T11:16:42,89,FortyFiveDown
2021-01-24T11:21:42,80,FortyFiveDown
2021-01-24T11:26:42,74,FortyFiveDown
2021-01-24T11:31:42,87,SingleUp
2021-01-24T11:36:42,109,DoubleUp
2021-01-24T11:41:42,119,SingleUp
2021-01-24T11:46:42,129,SingleUp
2021-01-24T11:51:42,150,DoubleUp
2021-01-24T11:56:42,156,FortyFiveUp
2021-01-24T12:01:43,159,Flat
2021-01-24T12:06:42,172,SingleUp
2021-01-24T12:11:42,173,Flat
2021-01-24T12:16:42,173,Flat
2021-01-24T12:21:43,174,Flat
2021-01-24T12:26:42,181,FortyFiveUp
2021-01-24T12:31:42,191,SingleUp
2021-01-24T12:36:43,200,FortyFiveUp
2021-01-24T12:41:43,200,Flat
2021-01-24T12:46:42,211,SingleUp
2021-01-24T12:51:42,227,DoubleUp
2021-01-24T12:56:43,239,SingleUp
2021-01-24T13:01:43,260,DoubleUp
2021-01-24T13:06:42,296,DoubleUp
2021-01-24T13:11:43,295,Flat
2021-01-24T13:16:43,277,DoubleDown
2021-01-24T13:21:43,274,Flat
2021-01-24T13:26:42,279,FortyFiveUp
2021-01-24T13:31:42,276,Flat
2021-01-24T13:36:42,273,Flat
2021-01-24T13:41:42,271,Flat
2021-01-24T13:46:42,273,Flat
2021-01-24T13:51:42,269,Flat
2021-01-24T13:56:42,263,FortyFiveDown
2021-01-24T14:01:43,262,Flat
2021-01-24T14:06:42,261,Flat
2021-01-24T14:11:42,259,Flat
2021-01-24T14:16:42,256,Flat
2021-01-24T14:21:42,258,Flat
2021-01-24T14:26:42,258,Flat
2021-01-24T14:31:43,261,Flat
2021-01-24T14:36:43,261,Flat
2021-01-24T14:41:42,259,Flat
2021-01-24T14:46:43,260,Flat
2021-01-24T14:51:43,271,SingleUp
2021-01-24T14:56:42,272,Flat
2021-01-24T15:01:42,270,Flat
2021-01-24T15:06:42,272,Flat
2021-01-24T15:11:43,279,FortyFiveUp
2021-01-24T15:16:42,286,FortyFiveUp
2021-01-24T15:21:42,286,Flat
2021-01-24T15:26:42,295,FortyFiveUp
2021-01-24T15:31:43,290,Flat
2021-01-24T15:36:43,279,SingleDown
2021-01-24T15:41:42,267,SingleDown
2021-01-24T15:46:43,267,Flat
2021-01-24T15:51:42,271,Flat
2021-01-24T15:56:43,268,Flat
2021-01-24T16:01:43,264,Flat
2021-01-24T16:06:43,256,FortyFiveDown
2021-01-24T16:11:43,269,SingleUp
2021-01-24T16:16:43,282,SingleUp
2021-01-24T16:21:43,276,FortyFiveDown
2021-01-24T16:26:43,246,DoubleDown
2021-01-24T16:31:42,246,Flat
2021-01-24T16:36:43,262,DoubleUp
2021-01-24T16:41:43,262,Flat
2021-01-24T16:46:43,265,Flat
2021-01-24T16:51:43,269,Flat
2021-01-24T16:56:43,269,Flat
2021-01-24T17:01:42,266,Flat
2021-01-24T17:06:42,267,Flat
2021-01-24T17:11:42,270,Flat
2021-01-24T17:16:43,267,Flat
2021-01-24T17:21:43,261,FortyFiveDown
2021-01-24T17:26:43,259,Flat
2021-01-24T17:31:43,264,FortyFiveUp
2021-01-24T17:36:43,265,Flat
2021-01-24T17:41:43,264,Flat
2021-01-24T17:46:43,261,Flat
2021-01-24T17:51:43,255,FortyFiveDown
2021-01-24T17:56:42,247,FortyFiveDown
2021-01-24T18:01:43,247,Flat
2021-01-24T18:06:43,251,Flat
2021-01-24T18:11:43,248,Flat
2021-01-24T18:16:42,250,Flat
2021-01-24T18:21:43,254,Flat
2021-01-24T18:26:43,252,Flat
2021-01-24T18:31:42,253,Flat
2021-01-24T18:36:42,257,Flat
2021-01-24T18:41:43,256,Flat
2021-01-24T18:46:43,251,FortyFiveDown
2021-01-24T18:51:43,246,FortyFiveDown
2021-01-24T18:56:43,249,Flat
2021-01-24T19:01:43,257,FortyFiveUp
2021-01-24T19:06:43,258,Flat
2021-01-24T19:11:43,261,Flat
2021-01-24T19:16:43,265,Flat
2021-01-24T19:21:42,273,FortyFiveUp
2021-01-24T19:26:43,267,FortyFiveDown
2021-01-24T19:31:43,264,Flat
2021-01-24T19:36:43,247,DoubleDown
2021-01-24T19:41:43,242,FortyFiveDown
2021-01-24T19:46:43,264,DoubleUp
2021-01-24T19:51:43,278,SingleUp
2021-01-24T19:56:43,278,Flat
2021-01-24T20:01:43,292,SingleUp
2021-01-24T20:06:43,298,FortyFiveUp
2021-01-24T20:11:43,286,SingleDown
2021-01-24T20:16:43,288,Flat
2021-01-24T20:21:43,297,FortyFiveUp
2021-01-24T20:26:42,313,DoubleUp
2021-01-24T20:31:43,315,Flat
2021-01-24T20:36:43,318,Flat
2021-01-24T20:41:43,303,DoubleDown
2021-01-24T20:46:43,289,SingleDown
2021-01-24T20:51:43,285,Flat
2021-01-24T20:56:43,271,SingleDown
2021-01-24T21:01:43,248,DoubleDown
2021-01-24T21:06:43,256,FortyFiveUp
2021-01-24T21:11:43,277,DoubleUp
2021-01-24T21:16:43,296,DoubleUp
2021-01-24T21:21:43,311,DoubleUp
2021-01-24T21:26:43,319,FortyFiveUp
2021-01-24T21:31:43,316,Flat
2021-01-24T21:36:43,316,Flat
2021-01-24T21:41:43,299,DoubleDown
2021-01-24T21:46:43,300,Flat
2021-01-24T21:51:43,305,FortyFiveUp
2021-01-24T21:56:43,301,Flat
2021-01-24T22:01:43,301,Flat
2021-01-24T22:06:43,297,Flat
2021-01-24T22:11:43,300,Flat
2021-01-24T22:16:43,308,FortyFiveUp
2021-01-24T22:21:43,305,Flat
2021-01-24T22:26:43,308,Flat
2021-01-24T22:31:43,303,FortyFiveDown
2021-01-24T22:36:43,299,Flat
2021-01-24T22:41:43,294,FortyFiveDown
2021-01-24T22:46:44,296,Flat
2021-01-24T22:51:43,299,Flat
2021-01-24T22:56:43,296,Flat
2021-01-24T23:01:43,298,Flat
2021-01-24T23:06:43,295,Flat
2021-01-24T23:11:43,290,FortyFiveDown
2021-01-24T23:16:43,288,Flat
2021-01-24T23:21:43,287,Flat
2021-01-24T23:26:43,288,Flat
2021-01-24T23:31:43,289,Flat
2021-01-24T23:36:43,284,FortyFiveDown
2021-01-24T23:41:43,280,Flat
2021-01-24T23:46:43,274,FortyFiveDown
2021-01-24T23:51:43,283,FortyFiveUp
2021-01-24T23:56:44,293,FortyFiveUp
2021-01-25T00:01:44,297,Flat
2021-01-25T00:06:43,291,FortyFiveDown
2021-01-25T00:11:43,295,Flat
2021-01-25T00:16:43,303,FortyFiveUp
2021-01-25T00:21:43,304,Flat
2021-01-25T00:26:43,299,FortyFiveDown
2021-01-25T00:31:44,301,Flat
2021-01-25T00:36:43,300,Flat
2021-01-25T00:41:44,301,Flat
2021-01-25T00:46:44,308,FortyFiveUp
2021-01-25T00:51:43,310,Flat
2021-01-25T00:56:43,312,Flat
2021-01-25T01:01:43,308,Flat
2021-01-25T01:06:44,307,Flat
2021-01-25T01:11:44,293,SingleDown
2021-01-25T01:16:43,284,FortyFiveDown
2021-01-25T01:21:43,282,Flat
2021-01-25T01:26:43,308,DoubleUp
2021-01-25T01:31:43,312,Flat
2021-01-25T01:36:44,292,DoubleDown
2021-01-25T01:41:43,285,FortyFiveDown
2021-01-25T01:46:43,270,DoubleDown
2021-01-25T01:51:43,270,Flat
2021-01-25T01:56:43,263,FortyFiveDown
2021-01-25T02:01:43,258,FortyFiveDown
2021-01-25T02:06:44,249,FortyFiveDown
2021-01-25T02:11:43,241,FortyFiveDown
2021-01-25T02:16:43,233,FortyFiveDown
2021-01-25T02:21:44,226,FortyFiveDown
2021-01-25T02:26:43,219,FortyFiveDown
2021-01-25T02:31:44,212,FortyFiveDown
2021-01-25T02:36:43,206,FortyFiveDown
2021-01-25T02:41:44,201,Flat
2021-01-25T02:46:44,195,FortyFiveDown
2021-01-25T02:51:44,191,Flat
2021-01-25T02:56:43,188,Flat
2021-01-25T03:01:43,182,FortyFiveDown
2021-01-25T03:06:43,177,FortyFiveDown
2021-01-25T03:11:44,174,Flat
2021-01-25T03:16:43,170,Flat
2021-01-25T03:21:44,166,Flat
2021-01-25T03:26:43,162,Flat
2021-01-25T03:31:44,158,Flat
2021-01-25T03:36:43,154,Flat
2021-01-25T03:41:43,154,Flat
2021-01-25T03:46:43,153,Flat
2021-01-25T03:51:44,153,Flat
2021-01-25T03:56:43,153,Flat
2021-01-25T04:01:44,152,Flat
2021-01-25T04:06:44,153,Flat
2021-01-25T04:11:43,155,Flat
2021-01-25T04:16:44,157,Flat
2021-01-25T04:21:44,161,Flat
2021-01-25T04:26:43,163,Flat
2021-01-25T04:31:44,166,Flat
2021-01-25T04:36:43,169,Flat
2021-01-25T04:41:43,168,Flat
2021-01-25T04:46:43,168,Flat
2021-01-25T04:51:43,168,Flat
2021-01-25T04:56:44,171,Flat
2021-01-25T05:01:44,172,Flat
2021-01-25T05:06:44,176,Flat
2021-01-25T05:11:44,181,FortyFiveUp
2021-01-25T05:16:44,183,Flat
2021-01-25T05:21:44,188,FortyFiveUp
2021-01-25T05:26:44,191,Flat
2021-01-25T05:31:43,191,Flat
2021-01-25T05:36:44,195,Flat
2021-01-25T05:41:44,200,FortyFiveUp
2021-01-25T05:46:44,205,FortyFiveUp
2021-01-25T05:51:44,207,Flat
2021-01-25T05:56:44,208,Flat
2021-01-25T06:01:44,208,Flat
2021-01-25T06:06:44,209,Flat
2021-01-25T06:11:44,212,Flat
2021-01-25T06:16:44,214,Flat
2021-01-25T06:21:44,216,Flat
2021-01-25T06:26:44,217,Flat
2021-01-25T06:31:44,216,Flat
2021-01-25T06:36:44,217,Flat
2021-01-25T06:41:44,221,Flat
2021-01-25T06:46:44,223,Flat
2021-01-25T06:51:44,224,Flat
2021-01-25T06:56:44,228,Flat
2021-01-25T07:01:44,230,Flat
2021-01-25T07:06:44,227,Flat
2021-01-25T07:11:44,226,Flat
2021-01-25T07:16:44,232,FortyFiveUp
2021-01-25T07:21:44,232,Flat
2021-01-25T07:26:44,233,Flat
2021-01-25T07:31:44,235,Flat
2021-01-25T07:36:44,239,Flat
2021-01-25T07:41:44,240,Flat
2021-01-25T07:46:44,239,Flat
2021-01-25T07:51:44,241,Flat
2021-01-25T07:56:44,241,Flat
2021-01-25T08:01:44,233,FortyFiveDown
2021-01-25T08:11:44,233,Flat
2021-01-25T08:16:45,246,SingleUp
2021-01-25T08:21:44,250,Flat
2021-01-25T08:26:44,249,Flat
2021-01-25T08:31:44,254,FortyFiveUp
2021-01-25T08:36:44,257,Flat
2021-01-25T08:41:44,259,Flat
2021-01-25T08:46:44,253,FortyFiveDown
2021-01-25T08:51:44,244,FortyFiveDown
2021-01-25T08:56:44,252,FortyFiveUp
2021-01-25T09:01:44,258,FortyFiveUp
2021-01-25T09:06:44,260,Flat
2021-01-25T09:11:44,260,Flat
2021-01-25T09:16:44,263,Flat
2021-01-25T09:21:44,266,Flat
2021-01-25T09:26:44,264,Flat
2021-01-25T09:31:44,268,Flat
2021-01-25T09:36:44,267,Flat
2021-01-25T09:41:44,263,Flat
2021-01-25T09:46:44,259,Flat
2021-01-25T09:51:45,268,FortyFiveUp
2021-01-25T09:56:45,265,Flat
2021-01-25T10:01:44,259,FortyFiveDown
2021-01-25T10:06:44,260,Flat
2021-01-25T10:11:44,263,Flat
2021-01-25T10:16:45,253,FortyFiveDown
2021-01-25T10:31:44,249,Flat
2021-01-25T10:36:44,243,FortyFiveDown
2021-01-25T10:41:45,229,SingleDown
2021-01-25T10:46:45,218,SingleDown
2021-01-25T10:51:45,211,FortyFiveDown
2021-01-25T10:56:45,204,FortyFiveDown
2021-01-25T11:01:45,184,DoubleDown
2021-01-25T11:06:44,179,FortyFiveDown
2021-01-25T11:11:44,171,FortyFiveDown
2021-01-25T11:16:45,170,Flat
2021-01-25T11:21:45,164,FortyFiveDown
2021-01-25T11:26:44,153,SingleDown
2021-01-25T11:31:44,149,Flat
2021-01-25T11:36:44,144,FortyFiveDown
2021-01-25T11:41:45,139,Flat
2021-01-25T11:46:44,134,FortyFiveDown
2021-01-25T11:51:44,127,FortyFiveDown
2021-01-25T11:56:44,119,FortyFiveDown
2021-01-25T12:01:44,114,FortyFiveDown
2021-01-25T12:06:45,113,Flat
2021-01-25T12:11:45,115,Flat
2021-01-25T12:16:45,116,Flat
2021-01-25T12:21:44,110,FortyFiveDown
2021-01-25T12:26:45,104,FortyFiveDown
2021-01-25T12:31:44,105,Flat
2021-01-25T12:36:44,105,Flat
2021-01-25T12:41:44,97,FortyFiveDown
2021-01-25T12:46:45,103,FortyFiveUp
2021-01-25T12:51:44,109,FortyFiveUp
2021-01-25T12:56:45,131,DoubleUp
2021-01-25T13:01:45,153,DoubleUp
2021-01-25T13:06:45,148,FortyFiveDown
2021-01-25T13:11:44,151,Flat
2021-01-25T13:16:45,136,SingleDown
2021-01-25T13:21:44,125,SingleDown
2021-01-25T13:26:45,126,Flat
2021-01-25T13:31:44,120,FortyFiveDown
2021-01-25T13:36:45,103,DoubleDown
2021-01-25T13:41:45,88,DoubleDown
2021-01-25T13:46:45,92,Flat
2021-01-25T13:51:44,102,SingleUp
2021-01-25T13:56:45,96,FortyFiveDown
2021-01-25T14:01:44,98,Flat
2021-01-25T14:06:45,111,SingleUp
2021-01-25T14:11:44,108,Flat
2021-01-25T14:16:44,104,Flat
2021-01-25T14:21:45,99,Flat
2021-01-25T14:26:45,112,SingleUp
2021-01-25T14:31:45,122,SingleUp
2021-01-25T14:36:45,106,DoubleDown
2021-01-25T14:41:45,97,FortyFiveDown
2021-01-25T14:46:45,84,SingleDown
2021-01-25T14:51:44,91,FortyFiveUp
2021-01-25T14:56:44,94,Flat
2021-01-25T15:01:45,91,Flat
2021-01-25T15:06:44,94,Flat
2021-01-25T15:11:44,94,Flat
2021-01-25T15:16:45,98,Flat
2021-01-25T15:21:45,100,Flat
2021-01-25T15:26:44,109,FortyFiveUp
2021-01-25T15:31:45,117,FortyFiveUp
2021-01-25T15:36:44,110,FortyFiveDown
2021-01-25T15:41:45,112,Flat
2021-01-25T15:46:45,112,Flat
2021-01-25T15:51:45,108,Flat
2021-01-25T15:56:45,113,FortyFiveUp
2021-01-25T16:01:45,114,Flat
2021-01-25T16:06:45,109,FortyFiveDown
2021-01-25T16:11:45,112,Flat
2021-01-25T16:16:45,112,Flat
2021-01-25T16:21:45,120,FortyFiveUp
2021-01-25T16:26:45,126,FortyFiveUp
2021-01-25T16:31:44,133,FortyFiveUp
2021-01-25T16:36:45,144,SingleUp
2021-01-25T16:41:45,154,SingleUp
2021-01-25T16:46:44,167,SingleUp
2021-01-25T16:51:45,164,Flat
2021-01-25T16:56:45,172,FortyFiveUp
2021-01-25T17:01:45,179,FortyFiveUp
2021-01-25T17:06:45,178,Flat
2021-01-25T17:11:45,163,DoubleDown
2021-01-25T17:16:45,173,SingleUp
2021-01-25T17:21:45,181,FortyFiveUp
2021-01-25T17:26:45,170,SingleDown
2021-01-25T17:31:45,164,FortyFiveDown
2021-01-25T17:36:45,170,FortyFiveUp
2021-01-25T17:41:45,169,Flat
2021-01-25T17:46:45,159,SingleDown
2021-01-25T17:51:45,164,FortyFiveUp
2021-01-25T17:56:45,177,SingleUp
2021-01-25T18:01:45,183,FortyFiveUp
2021-01-25T18:06:45,189,FortyFiveUp
2021-01-25T18:11:45,186,Flat
2021-01-25T18:16:45,163,DoubleDown
2021-01-25T18:21:45,161,Flat
2021-01-25T18:26:45,176,DoubleUp
2021-01-25T18:31:45,191,DoubleUp
2021-01-25T18:36:45,208,DoubleUp
2021-01-25T18:41:45,224,DoubleUp
2021-01-25T18:46:45,215,FortyFiveDown
2021-01-25T18:51:45,214,Flat
2021-01-25T18:56:45,200,SingleDown
2021-01-25T19:01:45,199,Flat
2021-01-25T19:06:45,197,Flat
2021-01-25T19:11:45,216,DoubleUp
2021-01-25T19:16:45,225,FortyFiveUp
2021-01-25T19:21:45,212,SingleDown
2021-01-25T19:26:45,223,SingleUp
2021-01-25T19:31:45,236,SingleUp
2021-01-25T19:36:45,260,DoubleUp
2021-01-25T19:41:45,278,DoubleUp
2021-01-25T19:46:45,301,DoubleUp
2021-01-25T19:51:45,317,DoubleUp
2021-01-25T19:56:45,309,FortyFiveDown
2021-01-25T20:01:45,320,SingleUp
2021-01-25T20:06:45,324,Flat
2021-01-25T20:11:45,300,DoubleDown
2021-01-25T20:16:45,277,DoubleDown
2021-01-25T20:21:46,262,SingleDown
2021-01-25T20:26:45,248,SingleDown
2021-01-25T20:31:45,235,SingleDown
2021-01-25T20:36:45,221,SingleDown
2021-01-25T20:41:45,214,FortyFiveDown
2021-01-25T20:46:46,211,Flat
2021-01-25T20:51:45,202,FortyFiveDown
2021-01-25T20:56:45,211,FortyFiveUp
2021-01-25T21:01:45,202,FortyFiveDown
2021-01-25T21:06:45,180,DoubleDown
2021-01-25T21:11:45,177,Flat
2021-01-25T21:16:45,189,SingleUp
2021-01-25T21:21:45,175,SingleDown
2021-01-25T21:26:45,161,SingleDown
2021-01-25T21:31:46,167,FortyFiveUp
2021-01-25T21:36:46,150,DoubleDown
2021-01-25T21:41:45,143,FortyFiveDown
2021-01-25T21:46:46,149,FortyFiveUp
2021-01-25T21:51:45,152,Flat
2021-01-25T21:56:46,157,Flat
2021-01-25T22:01:45,173,DoubleUp
2021-01-25T22:06:45,201,DoubleUp
2021-01-25T22:11:45,203,Flat
2021-01-25T22:16:45,203,Flat
2021-01-25T22:21:46,223,DoubleUp
2021-01-25T22:26:45,232,FortyFiveUp
2021-01-25T22:31:46,239,FortyFiveUp
2021-01-25T22:36:45,230,FortyFiveDown
2021-01-25T22:41:46,243,SingleUp
2021-01-25T22:46:45,252,FortyFiveUp
2021-01-25T22:51:46,255,Flat
2021-01-25T22:56:45,261,FortyFiveUp
2021-01-25T23:01:45,272,SingleUp
2021-01-25T23:06:46,274,Flat
2021-01-25T23:11:45,280,FortyFiveUp
2021-01-25T23:16:46,286,FortyFiveUp
2021-01-25T23:21:45,290,Flat
2021-01-25T23:26:45,298,FortyFiveUp
2021-01-25T23:31:46,306,FortyFiveUp
2021-01-25T23:36:45,306,Flat
2021-01-25T23:41:46,292,SingleDown
2021-01-25T23:46:46,297,FortyFiveUp
2021-01-25T23:51:46,301,Flat
2021-01-25T23:56:46,296,FortyFiveDown
2021-01-26T00:01:45,305,FortyFiveUp
2021-01-26T00:06:45,315,SingleUp
2021-01-26T00:11:45,314,Flat
2021-01-26T00:16:45,321,FortyFiveUp
2021-01-26T00:21:46,323,Flat
2021-01-26T00:26:46,328,FortyFiveUp
2021-01-26T00:31:46,336,FortyFiveUp
2021-01-26T00:36:45,345,FortyFiveUp
2021-01-26T00:41:46,348,Flat
2021-01-26T00:46:46,342,FortyFiveDown
2021-01-26T00:51:45,343,Flat
2021-01-26T00:56:46,352,FortyFiveUp
2021-01-26T01:01:46,343,FortyFiveDown
2021-01-26T01:06:45,335,FortyFiveDown
2021-01-26T01:11:46,332,Flat
2021-01-26T01:16:45,336,Flat
2021-01-26T01:21:45,347,SingleUp
2021-01-26T01:26:46,355,FortyFiveUp
2021-01-26T01:31:46,363,FortyFiveUp
2021-01-26T01:36:46,364,Flat
2021-01-26T01:41:46,362,Flat
2021-01-26T01:46:46,350,SingleDown
2021-01-26T01:51:46,343,FortyFiveDown
2021-01-26T01:56:46,343,Flat
2021-01-26T02:01:46,342,Flat
2021-01-26T02:06:46,331,SingleDown
2021-01-26T02:11:46,329,Flat
2021-01-26T02:16:46,337,FortyFiveUp
2021-01-26T02:21:46,338,Flat
2021-01-26T02:26:45,333,FortyFiveDown
2021-01-26T02:31:45,333,Flat
2021-01-26T02:36:46,332,Flat
2021-01-26T02:41:45,323,FortyFiveDown
2021-01-26T02:46:46,318,Flat
2021-01-26T02:51:46,311,FortyFiveDown
2021-01-26T02:56:46,297,SingleDown
2021-01-26T03:01:46,291,FortyFiveDown
2021-01-26T03:06:46,293,Flat
2021-01-26T03:11:46,300,FortyFiveUp
2021-01-26T03:16:46,291,FortyFiveDown
2021-01-26T03:21:45,275,DoubleDown
2021-01-26T03:26:46,267,FortyFiveDown
2021-01-26T03:31:46,263,Flat
2021-01-26T03:36:46,261,Flat
2021-01-26T03:41:46,257,Flat
2021-01-26T03:46:45,254,Flat
2021-01-26T08:09:52,318,Flat
2021-01-26T08:14:52,331,SingleUp
2021-01-26T08:19:51,342,SingleUp
2021-01-26T08:24:51,337,FortyFiveDown
2021-01-26T08:29:51,328,FortyFiveDown
2021-01-26T08:34:51,332,Flat
2021-01-26T08:39:52,353,DoubleUp
2021-01-26T08:44:51,354,Flat
2021-01-26T08:49:51,356,Flat
2021-01-26T08:54:51,351,FortyFiveDown
2021-01-26T08:59:52,342,FortyFiveDown
2021-01-26T09:04:51,336,FortyFiveDown
2021-01-26T09:09:52,334,Flat
2021-01-26T09:14:51,331,Flat
2021-01-26T09:19:52,320,SingleDown
2021-01-26T09:24:51,307,SingleDown
2021-01-26T09:29:52,299,FortyFiveDown
2021-01-26T09:34:52,291,FortyFiveDown
2021-01-26T09:39:52,288,Flat
2021-01-26T09:44:52,283,FortyFiveDown
2021-01-26T09:49:51,272,SingleDown
2021-01-26T09:54:51,257,DoubleDown
2021-01-26T09:59:52,243,SingleDown
2021-01-26T10:04:51,228,DoubleDown
2021-01-26T10:09:51,226,Flat
2021-01-26T10:14:52,208,DoubleDown
2021-01-26T10:19:52,185,DoubleDown
2021-01-26T10:24:51,175,SingleDown
2021-01-26T10:29:51,168,FortyFiveDown
2021-01-26T10:34:52,141,DoubleDown
2021-01-26T10:39:51,140,Flat
2021-01-26T10:44:52,140,Flat
2021-01-26T10:49:51,140,Flat
2021-01-26T10:54:51,141,Flat
2021-01-26T10:59:51,143,Flat
2021-01-26T11:04:52,136,FortyFiveDown
2021-01-26T11:09:52,130,FortyFiveDown
2021-01-26T11:14:52,131,Flat
2021-01-26T11:19:52,104,DoubleDown
2021-01-26T11:24:52,92,SingleDown
2021-01-26T11:29:52,94,Flat
2021-01-26T11:34:52,81,SingleDown
2021-01-26T11:39:52,91,SingleUp
2021-01-26T11:44:52,70,DoubleDown
2021-01-26T11:49:52,46,DoubleDown
2021-01-26T11:54:52,47,Flat
2021-01-26T11:59:51,58,SingleUp
2021-01-26T12:04:52,47,SingleDown
2021-01-26T12:09:52,67,DoubleUp
2021-01-26T12:14:52,86,DoubleUp
2021-01-26T12:19:52,106,DoubleUp
2021-01-26T12:24:51,130,DoubleUp
2021-01-26T12:29:52,104,DoubleDown
2021-01-26T12:34:51,108,Flat
2021-01-26T12:39:52,129,DoubleUp
2021-01-26T12:44:52,139,SingleUp
2021-01-26T12:49:52,132,FortyFiveDown
2021-01-26T12:54:51,102,DoubleDown
2021-01-26T12:59:52,97,Flat
2021-01-26T13:04:51,126,DoubleUp
2021-01-26T13:09:52,141,SingleUp
2021-01-26T13:14:51,130,SingleDown
2021-01-26T13:19:52,132,Flat
2021-01-26T13:24:51,128,Flat
2021-01-26T13:29:52,130,Flat
2021-01-26T13:34:52,125,FortyFiveDown
2021-01-26T13:39:52,98,DoubleDown
2021-01-26T13:44:52,83,DoubleDown
2021-01-26T13:49:51,78,FortyFiveDown
2021-01-26T13:54:52,83,Flat
2021-01-26T13:59:52,96,SingleUp
2021-01-26T14:04:52,81,DoubleDown
2021-01-26T14:09:52,87,FortyFiveUp
2021-01-26T14:14:51,77,SingleDown
2021-01-26T14:19:52,89,SingleUp
2021-01-26T14:24:52,82,FortyFiveDown
2021-01-26T14:29:52,101,DoubleUp
2021-01-26T14:34:52,124,DoubleUp
2021-01-26T14:39:52,148,DoubleUp
2021-01-26T14:44:52,156,FortyFiveUp
2021-01-26T14:49:52,142,SingleDown
2021-01-26T14:54:52,144,Flat
2021-01-26T14:59:52,159,DoubleUp
2021-01-26T15:04:52,169,SingleUp
2021-01-26T15:09:52,176,FortyFiveUp
2021-01-26T15:14:52,213,DoubleUp
2021-01-26T15:19:52,269,DoubleUp
2021-01-26T15:24:52,263,FortyFiveDown
2021-01-26T15:29:52,230,DoubleDown
2021-01-26T15:34:52,214,DoubleDown
2021-01-26T15:39:52,210,Flat
2021-01-26T15:44:52,232,DoubleUp
2021-01-26T15:49:52,256,DoubleUp
2021-01-26T15:54:51,248,FortyFiveDown
2021-01-26T15:59:52,220,DoubleDown
2021-01-26T16:04:52,201,DoubleDown
2021-01-26T16:09:52,203,Flat
2021-01-26T16:14:52,203,Flat
2021-01-26T16:19:52,204,Flat
2021-01-26T16:24:52,191,SingleDown
2021-01-26T16:29:52,179,SingleDown
2021-01-26T16:44:52,244,DoubleUp
2021-01-26T16:49:52,255,SingleUp
2021-01-26T16:54:53,227,DoubleDown
2021-01-26T16:59:52,228,Flat
2021-01-26T17:04:52,220,FortyFiveDown
2021-01-26T17:09:52,201,DoubleDown
2021-01-26T17:14:52,185,DoubleDown
2021-01-26T17:19:52,154,DoubleDown
2021-01-26T17:24:52,150,Flat
2021-01-26T17:29:52,166,DoubleUp
2021-01-26T17:34:52,191,DoubleUp
2021-01-26T17:39:52,233,DoubleUp
2021-01-26T17:44:52,254,DoubleUp
2021-01-26T17:49:52,248,FortyFiveDown
2021-01-26T17:54:52,209,DoubleDown
2021-01-26T17:59:52,193,DoubleDown
2021-01-26T18:04:52,179,SingleDown
2021-01-26T18:09:52,189,SingleUp
2021-01-26T18:14:52,227,DoubleUp
2021-01-26T18:19:52,236,FortyFiveUp
2021-01-26T18:24:52,248,SingleUp
2021-01-26T18:29:52,244,Flat
2021-01-26T18:34:52,229,DoubleDown
2021-01-26T18:39:52,222,FortyFiveDown
2021-01-26T18:44:52,216,FortyFiveDown
2021-01-26T18:49:52,203,SingleDown
2021-01-26T18:54:53,206,Flat
2021-01-26T18:59:52,214,FortyFiveUp
2021-01-26T19:04:52,218,Flat
2021-01-26T19:09:52,213,FortyFiveDown
2021-01-26T19:14:53,218,Flat
2021-01-26T19:19:52,219,Flat
2021-01-26T19:24:52,225,FortyFiveUp
2021-01-26T19:29:53,243,DoubleUp
2021-01-26T19:34:52,259,DoubleUp
2021-01-26T19:39:52,258,Flat
2021-01-26T19:44:52,242,DoubleDown
2021-01-26T19:49:53,239,Flat
2021-01-26T19:54:52,255,DoubleUp
2021-01-26T19:59:52,250,FortyFiveDown
2021-01-26T20:04:52,224,DoubleDown
2021-01-26T20:09:52,218,FortyFiveDown
2021-01-26T20:14:52,226,FortyFiveUp
2021-01-26T20:19:52,245,DoubleUp
2021-01-26T20:24:52,227,DoubleDown
2021-01-26T20:29:53,205,DoubleDown
2021-01-26T20:34:53,207,Flat
2021-01-26T20:39:52,191,DoubleDown
2021-01-26T20:44:52,197,FortyFiveUp
2021-01-26T20:49:52,221,DoubleUp
2021-01-26T20:54:52,224,Flat
2021-01-26T20:59:52,224,Flat
2021-01-26T21:04:53,235,SingleUp
2021-01-26T21:09:52,249,SingleUp
2021-01-26T21:14:52,260,SingleUp
2021-01-26T21:19:52,263,Flat
2021-01-26T21:24:52,264,Flat
2021-01-26T21:29:52,269,FortyFiveUp
2021-01-26T21:34:52,296,DoubleUp
2021-01-26T21:39:53,310,SingleUp
2021-01-26T21:44:52,333,DoubleUp
2021-01-26T21:49:52,340,FortyFiveUp
2021-01-26T21:54:53,355,SingleUp
2021-01-26T21:59:53,350,FortyFiveDown
2021-01-26T22:04:52,318,DoubleDown
2021-01-26T22:09:52,320,Flat
2021-01-26T22:14:52,339,DoubleUp
2021-01-26T22:19:52,341,Flat
2021-01-26T22:24:53,349,FortyFiveUp
2021-01-26T22:29:52,345,Flat
2021-01-26T22:34:53,349,Flat
2021-01-26T22:39:52,340,FortyFiveDown
2021-01-26T22:44:53,316,DoubleDown
2021-01-26T22:49:52,325,FortyFiveUp
2021-01-26T22:54:52,324,Flat
2021-01-26T22:59:52,316,FortyFiveDown
2021-01-26T23:04:52,328,SingleUp
2021-01-26T23:09:52,317,SingleDown
2021-01-26T23:14:53,307,FortyFiveDown
2021-01-26T23:19:53,297,SingleDown
2021-01-26T23:24:53,291,FortyFiveDown
2021-01-26T23:29:53,288,Flat
2021-01-26T23:34:53,284,Flat
2021-01-26T23:39:53,277,FortyFiveDown
2021-01-26T23:44:52,272,FortyFiveDown
2021-01-26T23:49:52,266,FortyFiveDown
2021-01-26T23:54:52,262,Flat
2021-01-26T23:59:53,263,Flat
2021-01-27T00:04:53,257,FortyFiveDown
2021-01-27T00:09:52,253,Flat
2021-01-27T00:14:53,232,DoubleDown
2021-01-27T00:19:53,225,FortyFiveDown
2021-01-27T00:24:52,247,DoubleUp
2021-01-27T00:29:53,254,FortyFiveUp
2021-01-27T00:34:53,251,Flat
2021-01-27T00:39:53,252,Flat
2021-01-27T00:44:53,236,DoubleDown
2021-01-27T00:49:53,246,SingleUp
2021-01-27T00:54:53,259,SingleUp
2021-01-27T00:59:53,254,FortyFiveDown
2021-01-27T01:04:53,246,FortyFiveDown
2021-01-27T01:09:52,253,FortyFiveUp
2021-01-27T01:14:53,256,Flat
2021-01-27T01:19:53,256,Flat
2021-01-27T01:24:52,255,Flat
2021-01-27T01:29:53,256,Flat
2021-01-27T01:34:52,258,Flat
2021-01-27T01:39:53,259,Flat
2021-01-27T01:44:52,257,Flat
2021-01-27T01:49:53,253,Flat
2021-01-27T01:54:53,243,SingleDown
2021-01-27T01:59:53,247,Flat
2021-01-27T02:04:53,253,FortyFiveUp
2021-01-27T02:09:52,256,Flat
2021-01-27T02:14:52,241,DoubleDown
2021-01-27T02:19:53,232,FortyFiveDown
2021-01-27T02:24:53,235,Flat
2021-01-27T02:29:52,232,Flat
2021-01-27T02:34:53,229,Flat
2021-01-27T02:39:53,226,Flat
2021-01-27T02:44:53,217,FortyFiveDown
2021-01-27T02:49:53,222,FortyFiveUp
2021-01-27T02:54:53,221,Flat
2021-01-27T02:59:52,219,Flat
2021-01-27T03:04:52,216,Flat
2021-01-27T03:09:52,223,FortyFiveUp
2021-01-27T03:14:53,216,FortyFiveDown
2021-01-27T03:19:52,211,FortyFiveDown
2021-01-27T03:24:53,194,DoubleDown
2021-01-27T03:29:53,204,SingleUp
2021-01-27T03:34:52,207,Flat
2021-01-27T03:39:52,212,FortyFiveUp
2021-01-27T03:44:53,220,FortyFiveUp
2021-01-27T03:49:53,228,FortyFiveUp
2021-01-27T03:54:53,221,FortyFiveDown
2021-01-27T03:59:53,224,Flat
2021-01-27T04:04:53,242,DoubleUp
2021-01-27T04:09:52,255,SingleUp
2021-01-27T04:14:53,258,Flat
2021-01-27T04:19:53,244,SingleDown
2021-01-27T04:24:53,250,FortyFiveUp
2021-01-27T04:29:53,260,SingleUp
2021-01-27T04:34:53,267,FortyFiveUp
2021-01-27T04:39:53,273,FortyFiveUp
2021-01-27T04:44:52,286,SingleUp
2021-01-27T04:49:53,306,DoubleUp
2021-01-27T04:54:53,315,FortyFiveUp
2021-01-27T04:59:53,310,FortyFiveDown
2021-01-27T05:04:53,304,FortyFiveDown
2021-01-27T05:09:53,307,Flat
2021-01-27T05:14:53,324,DoubleUp
2021-01-27T05:19:53,343,DoubleUp
2021-01-27T05:24:53,355,SingleUp
2021-01-27T05:29:53,355,Flat
2021-01-27T05:34:53,352,Flat
2021-01-27T05:39:53,343,FortyFiveDown
2021-01-27T05:44:53,346,Flat
2021-01-27T05:49:53,354,FortyFiveUp
2021-01-27T05:54:53,354,Flat
2021-01-27T05:59:53,351,Flat
2021-01-27T06:04:53,347,Flat
2021-01-27T06:09:53,343,Flat
2021-01-27T06:14:53,343,Flat
2021-01-27T06:19:53,345,Flat
2021-01-27T06:24:53,344,Flat
2021-01-27T06:29:53,349,FortyFiveUp
2021-01-27T06:34:53,350,Flat
2021-01-27T06:39:53,351,Flat
2021-01-27T06:44:53,351,Flat
2021-01-27T06:49:53,345,FortyFiveDown
2021-01-27T06:54:53,356,SingleUp
2021-01-27T06:59:54,359,Flat
2021-01-27T07:04:53,355,Flat
2021-01-27T07:09:53,329,DoubleDown
2021-01-27T07:14:53,339,SingleUp
2021-01-27T07:19:54,349,FortyFiveUp
2021-01-27T07:24:53,343,FortyFiveDown
2021-01-27T07:29:54,345,Flat
2021-01-27T07:34:54,347,Flat
2021-01-27T07:39:53,332,DoubleDown
2021-01-27T07:44:53,324,FortyFiveDown
2021-01-27T07:49:53,316,FortyFiveDown
2021-01-27T07:54:53,310,FortyFiveDown
2021-01-27T07:59:54,321,SingleUp
2021-01-27T08:04:53,318,Flat
2021-01-27T08:09:54,315,Flat
2021-01-27T08:14:54,318,Flat
2021-01-27T08:19:53,317,Flat
2021-01-27T08:24:53,319,Flat
2021-01-27T08:29:53,307,SingleDown
2021-01-27T08:34:53,295,SingleDown
2021-01-27T08:39:53,284,SingleDown
2021-01-27T08:44:53,284,Flat
2021-01-27T08:49:54,290,FortyFiveUp
2021-01-27T08:54:54,283,FortyFiveDown
2021-01-27T08:59:53,296,SingleUp
2021-01-27T09:04:53,306,SingleUp
2021-01-27T09:09:53,304,Flat
2021-01-27T09:14:53,288,DoubleDown
2021-01-27T09:19:53,280,FortyFiveDown
2021-01-27T09:24:53,275,FortyFiveDown
2021-01-27T09:29:53,281,FortyFiveUp
2021-01-27T09:34:53,269,SingleDown
2021-01-27T09:39:53,272,Flat
2021-01-27T09:44:53,276,Flat
2021-01-27T09:49:53,276,Flat
2021-01-27T09:54:53,271,FortyFiveDown
2021-01-27T09:59:53,265,FortyFiveDown
2021-01-27T10:04:53,272,FortyFiveUp
2021-01-27T10:09:54,272,Flat
2021-01-27T10:14:54,268,Flat
2021-01-27T10:19:53,269,Flat
2021-01-27T10:24:53,266,Flat
2021-01-27T10:29:53,265,Flat
2021-01-27T10:34:53,269,Flat
2021-01-27T10:39:53,267,Flat
2021-01-27T10:44:53,260,FortyFiveDown
2021-01-27T10:49:54,258,Flat
2021-01-27T10:54:53,265,FortyFiveUp
2021-01-27T10:59:54,266,Flat
2021-01-27T11:04:54,258,FortyFiveDown
2021-01-27T11:09:54,257,Flat
2021-01-27T11:14:54,263,FortyFiveUp
2021-01-27T11:19:54,253,SingleDown
2021-01-27T11:24:53,261,FortyFiveUp
2021-01-27T11:29:54,262,Flat
2021-01-27T11:34:54,263,Flat
2021-01-27T11:39:53,255,FortyFiveDown
2021-01-27T11:44:54,240,SingleDown
2021-01-27T11:49:53,230,SingleDown
2021-01-27T11:54:53,211,DoubleDown
2021-01-27T11:59:53,214,Flat
2021-01-27T12:04:53,211,Flat
2021-01-27T12:09:54,193,DoubleDown
2021-01-27T12:14:53,175,DoubleDown
2021-01-27T12:19:54,158,DoubleDown
2021-01-27T12:24:53,140,DoubleDown
2021-01-27T12:29:53,129,SingleDown
2021-01-27T12:34:53,124,FortyFiveDown
2021-01-27T12:39:53,117,FortyFiveDown
2021-01-27T12:44:53,111,FortyFiveDown
2021-01-27T12:49:53,110,Flat
2021-01-27T12:54:53,104,FortyFiveDown
2021-01-27T12:59:54,99,Flat
2021-01-27T13:04:53,94,FortyFiveDown
2021-01-27T13:09:53,93,Flat
2021-01-27T13:14:54,90,Flat
2021-01-27T13:19:54,89,Flat
2021-01-27T13:24:53,92,Flat
2021-01-27T13:29:54,101,FortyFiveUp
2021-01-27T13:34:54,129,DoubleUp
2021-01-27T13:39:54,140,SingleUp
2021-01-27T13:44:54,154,SingleUp
2021-01-27T13:49:54,171,DoubleUp
2021-01-27T13:54:53,193,DoubleUp
2021-01-27T13:59:54,203,FortyFiveUp
2021-01-27T14:04:54,189,SingleDown
2021-01-27T14:09:54,182,FortyFiveDown
2021-01-27T14:14:53,188,FortyFiveUp
2021-01-27T14:19:54,203,SingleUp
2021-01-27T14:24:53,207,Flat
2021-01-27T14:29:53,251,DoubleUp
2021-01-27T14:34:53,277,DoubleUp
2021-01-27T14:39:54,284,FortyFiveUp
2021-01-27T14:44:54,272,SingleDown
2021-01-27T14:49:53,279,FortyFiveUp
2021-01-27T14:54:54,290,SingleUp
2021-01-27T14:59:54,283,FortyFiveDown
2021-01-27T15:04:54,295,SingleUp
2021-01-27T15:09:54,302,FortyFiveUp
2021-01-27T15:14:54,295,FortyFiveDown
2021-01-27T15:19:54,282,SingleDown
2021-01-27T15:24:54,272,SingleDown
2021-01-27T15:29:54,259,SingleDown
2021-01-27T15:34:54,251,FortyFiveDown
2021-01-27T15:39:54,245,FortyFiveDown
2021-01-27T15:44:54,250,FortyFiveUp
2021-01-27T15:49:54,241,FortyFiveDown
2021-01-27T15:54:54,237,Flat
2021-01-27T15:59:54,240,Flat
2021-01-27T16:04:54,241,Flat
2021-01-27T16:09:54,238,Flat
2021-01-27T16:14:54,249,SingleUp
2021-01-27T16:19:54,262,SingleUp
2021-01-27T16:24:54,275,SingleUp
2021-01-27T16:29:54,259,DoubleDown
2021-01-27T16:34:54,258,Flat
2021-01-27T16:39:54,282,DoubleUp
2021-01-27T16:44:53,290,FortyFiveUp
2021-01-27T16:49:54,286,Flat
2021-01-27T16:54:54,273,SingleDown
2021-01-27T16:59:53,264,FortyFiveDown
2021-01-27T17:04:54,264,Flat
2021-01-27T17:09:53,259,FortyFiveDown
2021-01-27T17:14:54,255,Flat
2021-01-27T17:19:54,255,Flat
2021-01-27T17:24:53,250,FortyFiveDown
2021-01-27T17:29:53,260,SingleUp
2021-01-27T17:34:54,276,DoubleUp
2021-01-27T17:39:54,277,Flat
2021-01-27T17:44:54,276,Flat
2021-01-27T17:49:54,272,Flat
2021-01-27T17:54:54,270,Flat
2021-01-27T17:59:54,270,Flat
2021-01-27T18:04:53,271,Flat
2021-01-27T18:09:53,275,Flat
2021-01-27T18:14:53,271,Flat
2021-01-27T18:19:54,267,Flat
2021-01-27T18:24:54,270,Flat
2021-01-27T18:29:54,262,FortyFiveDown
2021-01-27T18:34:54,257,FortyFiveDown
2021-01-27T18:39:54,257,Flat
2021-01-27T18:44:53,266,FortyFiveUp
2021-01-27T18:49:54,260,FortyFiveDown
2021-01-27T18:54:54,246,SingleDown
2021-01-27T18:59:54,240,FortyFiveDown
2021-01-27T19:04:54,230,SingleDown
2021-01-27T19:09:54,218,SingleDown
2021-01-27T19:14:54,199,DoubleDown
2021-01-27T19:19:54,193,FortyFiveDown
2021-01-27T19:24:54,204,SingleUp
2021-01-27T19:29:54,202,Flat
2021-01-27T19:34:54,193,FortyFiveDown
2021-01-27T19:39:54,180,SingleDown
2021-01-27T19:44:54,186,FortyFiveUp
2021-01-27T19:49:54,183,Flat
2021-01-27T19:54:54,177,FortyFiveDown
2021-01-27T19:59:54,171,FortyFiveDown
2021-01-27T20:04:54,164,FortyFiveDown
2021-01-27T20:09:54,149,DoubleDown
2021-01-27T20:14:54,150,Flat
2021-01-27T20:19:54,153,Flat
2021-01-27T20:24:54,147,FortyFiveDown
2021-01-27T20:29:54,139,FortyFiveDown
2021-01-27T20:34:54,137,Flat
2021-01-27T20:39:54,138,Flat
2021-01-27T20:44:54,139,Flat
2021-01-27T20:49:54,141,Flat
2021-01-27T20:54:54,138,Flat
2021-01-27T20:59:54,130,FortyFiveDown
2021-01-27T21:04:54,124,FortyFiveDown
2021-01-27T21:09:54,126,Flat
2021-01-27T21:14:54,121,FortyFiveDown
2021-01-27T21:19:54,104,DoubleDown
2021-01-27T21:24:54,98,FortyFiveDown
2021-01-27T21:29:54,85,SingleDown
2021-01-27T21:34:54,77,FortyFiveDown
2021-01-27T21:39:54,77,Flat
2021-01-27T21:44:54,76,Flat
2021-01-27T21:49:54,78,Flat
2021-01-27T21:54:54,83,FortyFiveUp
2021-01-27T21:59:54,87,Flat
2021-01-27T22:04:54,112,DoubleUp
2021-01-27T22:09:54,119,FortyFiveUp
2021-01-27T22:14:54,116,Flat
2021-01-27T22:19:54,112,Flat
2021-01-27T22:24:54,87,DoubleDown
2021-01-27T22:29:54,69,DoubleDown
2021-01-27T22:34:54,74,FortyFiveUp
2021-01-27T22:39:55,77,Flat
2021-01-27T22:44:54,90,SingleUp
2021-01-27T22:49:54,100,SingleUp
2021-01-27T22:54:54,108,FortyFiveUp
2021-01-27T22:59:54,124,DoubleUp
2021-01-27T23:04:54,132,FortyFiveUp
2021-01-27T23:09:54,134,Flat
2021-01-27T23:14:54,137,Flat
2021-01-27T23:19:54,146,FortyFiveUp
2021-01-27T23:24:54,156,SingleUp
2021-01-27T23:29:54,169,SingleUp
2021-01-27T23:34:55,181,SingleUp
2021-01-27T23:39:55,196,DoubleUp
2021-01-27T23:44:55,211,DoubleUp
2021-01-27T23:49:54,223,SingleUp
2021-01-27T23:54:54,232,FortyFiveUp
2021-01-27T23:59:54,238,FortyFiveUp
2021-01-28T00:04:54,239,Flat
2021-01-28T00:09:55,238,Flat
2021-01-28T00:14:54,243,FortyFiveUp
2021-01-28T00:19:55,253,FortyFiveUp
2021-01-28T00:24:55,261,FortyFiveUp
2021-01-28T00:29:54,277,DoubleUp
2021-01-28T00:34:55,290,SingleUp
2021-01-28T00:39:55,288,Flat
2021-01-28T00:44:55,275,SingleDown
2021-01-28T00:49:54,286,SingleUp
2021-01-28T00:54:54,295,FortyFiveUp
2021-01-28T00:59:54,301,FortyFiveUp
2021-01-28T01:04:55,305,Flat
2021-01-28T01:09:54,309,Flat
2021-01-28T01:14:54,329,DoubleUp
2021-01-28T01:19:55,325,Flat
2021-01-28T01:24:55,329,Flat
2021-01-28T01:29:54,332,Flat
2021-01-28T01:34:55,328,Flat
2021-01-28T01:39:54,322,FortyFiveDown
2021-01-28T01:44:54,320,Flat
2021-01-28T01:49:55,317,Flat
2021-01-28T01:54:54,316,Flat
2021-01-28T01:59:55,319,Flat
2021-01-28T02:04:55,323,Flat
2021-01-28T02:09:54,330,FortyFiveUp
2021-01-28T02:14:55,332,Flat
2021-01-28T02:19:55,329,Flat
2021-01-28T02:24:54,331,Flat
2021-01-28T02:29:55,332,Flat
2021-01-28T02:34:55,333,Flat
2021-01-28T02:39:55,337,Flat
2021-01-28T02:44:55,342,FortyFiveUp
2021-01-28T02:49:55,343,Flat
2021-01-28T02:54:54,347,Flat
2021-01-28T02:59:55,343,Flat
2021-01-28T03:04:55,350,FortyFiveUp
2021-01-28T03:09:54,360,SingleUp
2021-01-28T03:14:55,356,Flat
2021-01-28T03:19:54,350,FortyFiveDown
2021-01-28T03:24:55,354,Flat
2021-01-28T03:29:54,358,Flat
2021-01-28T03:34:54,353,FortyFiveDown
2021-01-28T03:39:54,353,Flat
2021-01-28T03:44:55,358,Flat
2021-01-28T03:49:55,355,Flat
2021-01-28T03:54:54,336,DoubleDown
2021-01-28T03:59:55,338,Flat
2021-01-28T04:04:55,346,FortyFiveUp
2021-01-28T04:09:54,355,FortyFiveUp
2021-01-28T04:14:55,347,FortyFiveDown
2021-01-28T04:19:55,343,Flat
2021-01-28T04:24:55,339,Flat
2021-01-28T04:29:54,332,FortyFiveDown
2021-01-28T04:34:54,329,Flat
2021-01-28T04:39:55,326,Flat
2021-01-28T04:44:55,322,Flat
2021-01-28T04:49:55,323,Flat
2021-01-28T04:54:54,322,Flat
2021-01-28T04:59:54,318,Flat
2021-01-28T05:04:55,313,Flat
2021-01-28T05:09:54,309,Flat
2021-01-28T05:14:54,310,Flat
2021-01-28T05:19:55,312,Flat
2021-01-28T05:24:54,312,Flat
2021-01-28T05:29:54,307,FortyFiveDown
2021-01-28T05:34:54,301,FortyFiveDown
2021-01-28T05:39:55,314,SingleUp
2021-01-28T05:44:55,314,Flat
2021-01-28T05:49:54,311,Flat
2021-01-28T05:54:55,306,Flat
2021-01-28T05:59:55,301,FortyFiveDown
2021-01-28T06:04:55,294,FortyFiveDown
2021-01-28T06:09:55,288,FortyFiveDown
2021-01-28T06:14:54,283,FortyFiveDown
2021-01-28T06:19:55,280,Flat
2021-01-28T06:24:55,276,Flat
2021-01-28T06:29:55,270,FortyFiveDown
2021-01-28T06:34:55,265,FortyFiveDown
2021-01-28T06:39:55,261,Flat
2021-01-28T06:44:54,258,Flat
2021-01-28T06:49:55,255,Flat
2021-01-28T06:54:55,250,FortyFiveDown
2021-01-28T06:59:55,247,Flat
2021-01-28T07:04:54,245,Flat
2021-01-28T07:09:55,240,Flat
2021-01-28T07:14:55,238,Flat
2021-01-28T07:19:54,231,FortyFiveDown
2021-01-28T07:24:55,233,Flat
2021-01-28T07:29:55,232,Flat
2021-01-28T07:34:55,229,Flat
2021-01-28T07:39:55,218,SingleDown
2021-01-28T07:44:54,207,SingleDown
2021-01-28T07:49:54,205,Flat
2021-01-28T07:54:55,212,FortyFiveUp
2021-01-28T07:59:55,221,FortyFiveUp
2021-01-28T08:04:54,225,Flat
2021-01-28T08:09:55,229,Flat
2021-01-28T08:14:54,236,FortyFiveUp
2021-01-28T08:19:55,248,SingleUp
2021-01-28T08:24:54,265,DoubleUp
2021-01-28T08:29:55,279,SingleUp
2021-01-28T08:34:55,314,DoubleUp
2021-01-28T08:39:55,331,DoubleUp
2021-01-28T08:44:55,321,SingleDown
2021-01-28T08:49:55,304,DoubleDown
2021-01-28T08:54:55,287,DoubleDown
2021-01-28T08:59:55,285,Flat
2021-01-28T09:04:55,290,FortyFiveUp
2021-01-28T09:09:55,284,FortyFiveDown
2021-01-28T09:14:55,272,SingleDown
2021-01-28T09:19:55,263,FortyFiveDown
2021-01-28T09:24:55,253,SingleDown
2021-01-28T09:29:55,240,SingleDown
2021-01-28T09:34:55,227,SingleDown
2021-01-28T09:39:55,215,SingleDown
2021-01-28T09:44:55,200,DoubleDown
2021-01-28T09:49:55,186,SingleDown
2021-01-28T09:54:55,169,DoubleDown
2021-01-28T09:59:55,158,SingleDown
2021-01-28T10:04:55,146,SingleDown
2021-01-28T10:09:55,136,SingleDown
2021-01-28T10:14:55,127,FortyFiveDown
2021-01-28T10:19:55,117,SingleDown
2021-01-28T10:24:55,113,Flat
2021-01-28T10:29:55,109,Flat
2021-01-28T10:34:55,106,Flat
2021-01-28T10:39:55,113,FortyFiveUp
2021-01-28T10:44:55,131,DoubleUp
2021-01-28T10:49:55,152,DoubleUp
2021-01-28T10:54:55,158,FortyFiveUp
2021-01-28T10:59:55,165,FortyFiveUp
2021-01-28T11:04:55,177,SingleUp
2021-01-28T11:09:55,201,DoubleUp
2021-01-28T11:14:56,207,FortyFiveUp
2021-01-28T11:19:55,182,DoubleDown
2021-01-28T11:24:55,181,Flat
2021-01-28T11:29:55,166,DoubleDown
2021-01-28T11:34:55,152,SingleDown
2021-01-28T11:39:55,138,SingleDown
2021-01-28T11:44:55,128,SingleDown
2021-01-28T11:49:55,123,FortyFiveDown
2021-01-28T11:54:55,118,FortyFiveDown
2021-01-28T11:59:55,119,Flat
2021-01-28T12:04:56,123,Flat
2021-01-28T12:09:55,118,FortyFiveDown
2021-01-28T12:14:56,119,Flat
2021-01-28T12:19:55,120,Flat
2021-01-28T12:24:56,115,Flat
2021-01-28T12:29:55,118,Flat
2021-01-28T12:34:55,119,Flat
2021-01-28T12:39:55,112,FortyFiveDown
2021-01-28T12:44:55,107,FortyFiveDown
2021-01-28T12:49:55,104,Flat
2021-01-28T12:54:55,110,FortyFiveUp
2021-01-28T12:59:56,112,Flat
2021-01-28T13:04:55,130,DoubleUp
2021-01-28T13:09:55,142,SingleUp
2021-01-28T13:14:56,158,DoubleUp
2021-01-28T13:19:55,159,Flat
2021-01-28T13:24:55,147,SingleDown
2021-01-28T13:29:56,145,Flat
2021-01-28T13:34:55,135,SingleDown
2021-01-28T13:39:55,125,SingleDown
2021-01-28T13:44:55,115,SingleDown
2021-01-28T13:49:56,107,FortyFiveDown
2021-01-28T13:54:55,103,Flat
2021-01-28T13:59:55,101,Flat
2021-01-28T14:04:55,106,FortyFiveUp
2021-01-28T14:09:55,101,FortyFiveDown
2021-01-28T14:14:55,91,SingleDown
2021-01-28T14:19:55,95,Flat
2021-01-28T14:24:55,103,FortyFiveUp
2021-01-28T14:29:55,116,SingleUp
2021-01-28T14:34:56,148,DoubleUp
2021-01-28T14:39:55,182,DoubleUp
2021-01-28T14:44:55,208,DoubleUp
2021-01-28T14:49:55,228,DoubleUp
2021-01-28T14:54:55,223,FortyFiveDown
2021-01-28T14:59:56,206,DoubleDown
2021-01-28T15:04:56,200,FortyFiveDown
2021-01-28T15:09:55,216,DoubleUp
2021-01-28T15:14:55,214,Flat
2021-01-28T15:19:55,193,DoubleDown
2021-01-28T15:24:55,189,Flat
2021-01-28T15:29:55,179,SingleDown
2021-01-28T15:34:56,170,FortyFiveDown
2021-01-28T15:39:55,168,Flat
2021-01-28T15:44:55,162,FortyFiveDown
2021-01-28T15:49:55,164,Flat
2021-01-28T15:54:55,160,Flat
2021-01-28T15:59:55,167,FortyFiveUp
2021-01-28T16:04:56,173,FortyFiveUp
2021-01-28T16:09:56,170,Flat
2021-01-28T16:14:56,173,Flat
2021-01-28T16:19:56,190,DoubleUp
2021-01-28T16:24:56,204,SingleUp
2021-01-28T16:29:55,217,SingleUp
2021-01-28T16:34:56,223,FortyFiveUp
2021-01-28T16:39:55,218,FortyFiveDown
2021-01-28T16:44:56,234,DoubleUp
2021-01-28T16:49:55,243,FortyFiveUp
2021-01-28T16:54:56,248,Flat
2021-01-28T16:59:55,255,FortyFiveUp
2021-01-28T17:04:55,246,FortyFiveDown
2021-01-28T17:09:55,237,FortyFiveDown
2021-01-28T17:14:56,236,Flat
2021-01-28T17:19:56,229,FortyFiveDown
2021-01-28T17:24:56,230,Flat
2021-01-28T17:29:56,226,Flat
2021-01-28T17:34:56,225,Flat
2021-01-28T17:39:55,219,FortyFiveDown
2021-01-28T17:44:56,218,Flat
2021-01-28T17:49:56,223,FortyFiveUp
2021-01-28T17:54:56,217,FortyFiveDown
2021-01-28T17:59:56,207,SingleDown
2021-01-28T18:04:56,209,Flat
2021-01-28T18:09:56,215,FortyFiveUp
2021-01-28T18:14:56,211,Flat
2021-01-28T18:19:56,212,Flat
2021-01-28T18:24:55,202,SingleDown
2021-01-28T18:29:55,195,FortyFiveDown
2021-01-28T18:34:56,199,Flat
2021-01-28T18:39:56,208,FortyFiveUp
2021-01-28T18:44:56,198,SingleDown
2021-01-28T18:49:56,198,Flat
2021-01-28T18:54:56,207,FortyFiveUp
2021-01-28T18:59:55,199,FortyFiveDown
2021-01-28T19:04:56,185,SingleDown
2021-01-28T19:09:56,177,FortyFiveDown
2021-01-28T19:14:56,175,Flat
2021-01-28T19:19:56,172,Flat
2021-01-28T19:24:56,171,Flat
2021-01-28T19:29:56,165,FortyFiveDown
2021-01-28T19:34:56,165,Flat
2021-01-28T19:39:56,159,FortyFiveDown
2021-01-28T19:44:55,158,Flat
2021-01-28T19:49:56,160,Flat
2021-01-28T19:54:55,162,Flat
2021-01-28T19:59:56,153,FortyFiveDown
2021-01-28T20:04:56,155,Flat
2021-01-28T20:09:56,150,FortyFiveDown
2021-01-28T20:14:55,144,FortyFiveDown
2021-01-28T20:19:55,144,Flat
2021-01-28T20:24:56,138,FortyFiveDown
2021-01-28T20:29:56,141,Flat
2021-01-28T20:34:56,142,Flat
2021-01-28T20:39:56,142,Flat
2021-01-28T20:44:56,137,FortyFiveDown
2021-01-28T20:49:55,135,Flat
2021-01-28T20:54:56,140,Flat
2021-01-28T20:59:56,142,Flat
2021-01-28T21:04:55,143,Flat
2021-01-28T21:09:56,157,SingleUp
2021-01-28T21:14:56,159,Flat
2021-01-28T21:19:55,155,Flat
2021-01-28T21:24:56,140,SingleDown
2021-01-28T21:29:55,142,Flat
2021-01-28T21:34:55,135,FortyFiveDown
2021-01-28T21:39:56,135,Flat
2021-01-28T21:44:56,131,Flat
2021-01-28T21:49:56,134,Flat
2021-01-28T21:54:56,138,Flat
2021-01-28T21:59:56,139,Flat
2021-01-28T22:04:56,142,Flat
2021-01-28T22:09:55,146,Flat
2021-01-28T22:14:56,141,Flat
2021-01-28T22:19:56,148,FortyFiveUp
2021-01-28T22:24:56,153,FortyFiveUp
2021-01-28T22:29:56,167,SingleUp
2021-01-28T22:34:56,211,DoubleUp
2021-01-28T22:39:56,230,DoubleUp
2021-01-28T22:44:56,233,Flat
2021-01-28T22:49:56,243,SingleUp
2021-01-28T22:54:56,254,SingleUp
2021-01-28T22:59:56,250,Flat
2021-01-28T23:04:56,260,SingleUp
2021-01-28T23:09:56,290,DoubleUp
2021-01-28T23:14:55,287,Flat
2021-01-28T23:19:56,274,SingleDown
2021-01-28T23:24:56,272,Flat
2021-01-28T23:29:56,263,FortyFiveDown
2021-01-28T23:34:56,257,FortyFiveDown
2021-01-28T23:39:56,254,Flat
2021-01-28T23:44:56,254,Flat
2021-01-28T23:49:56,255,Flat
2021-01-28T23:54:56,259,Flat
2021-01-28T23:59:56,260,Flat
2021-01-29T00:04:56,258,Flat
2021-01-29T00:09:56,260,Flat
2021-01-29T00:14:56,259,Flat
2021-01-29T00:19:56,259,Flat
2021-01-29T00:24:56,256,Flat
2021-01-29T00:29:56,258,Flat
2021-01-29T00:34:56,253,FortyFiveDown
2021-01-29T00:39:56,253,Flat
2021-01-29T00:44:56,250,Flat
2021-01-29T00:49:56,249,Flat
2021-01-29T00:54:56,248,Flat
2021-01-29T00:59:56,248,Flat
2021-01-29T01:04:56,249,Flat
2021-01-29T01:09:56,249,Flat
2021-01-29T01:14:56,252,Flat
2021-01-29T01:19:56,252,Flat
2021-01-29T01:24:56,256,Flat
2021-01-29T01:29:56,257,Flat
2021-01-29T01:34:56,257,Flat
2021-01-29T01:39:56,258,Flat
2021-01-29T01:44:56,260,Flat
2021-01-29T01:49:56,259,Flat
2021-01-29T01:54:56,255,Flat
2021-01-29T01:59:56,255,Flat
2021-01-29T02:04:56,254,Flat
2021-01-29T02:09:56,255,Flat
2021-01-29T02:14:56,256,Flat
2021-01-29T02:19:56,253,Flat
2021-01-29T02:24:56,258,FortyFiveUp
2021-01-29T02:29:56,261,Flat
2021-01-29T02:34:56,269,FortyFiveUp
2021-01-29T02:39:56,274,FortyFiveUp
2021-01-29T02:44:56,281,FortyFiveUp
2021-01-29T02:49:56,284,Flat
2021-01-29T02:54:56,282,Flat
2021-01-29T02:59:56,286,Flat
2021-01-29T03:04:56,288,Flat
2021-01-29T03:09:56,290,Flat
2021-01-29T03:14:57,291,Flat
2021-01-29T03:19:57,292,Flat
2021-01-29T03:24:56,296,Flat
2021-01-29T03:29:56,302,FortyFiveUp
2021-01-29T03:34:56,305,Flat
2021-01-29T03:39:57,302,Flat
2021-01-29T03:44:56,303,Flat
2021-01-29T03:49:57,302,Flat
2021-01-29T03:54:56,301,Flat
2021-01-29T03:59:56,299,Flat
2021-01-29T04:04:56,298,Flat
2021-01-29T04:09:56,301,Flat
2021-01-29T04:14:56,302,Flat
2021-01-29T04:19:56,307,FortyFiveUp
2021-01-29T04:24:56,306,Flat
2021-01-29T04:29:56,300,FortyFiveDown
2021-01-29T04:34:56,303,Flat
2021-01-29T04:39:56,307,Flat
2021-01-29T04:44:56,305,Flat
2021-01-29T04:49:57,307,Flat
2021-01-29T04:54:57,311,Flat
2021-01-29T04:59:56,321,SingleUp
2021-01-29T05:04:56,308,SingleDown
2021-01-29T05:09:56,310,Flat
2021-01-29T05:14:56,318,FortyFiveUp
2021-01-29T05:19:57,324,FortyFiveUp
2021-01-29T05:24:56,316,FortyFiveDown
2021-01-29T05:29:56,318,Flat
2021-01-29T05:34:56,327,FortyFiveUp
2021-01-29T05:39:56,326,Flat
2021-01-29T05:44:56,323,Flat
2021-01-29T05:49:56,315,FortyFiveDown
2021-01-29T05:54:57,321,FortyFiveUp
2021-01-29T05:59:57,328,FortyFiveUp
2021-01-29T06:04:56,333,FortyFiveUp
2021-01-29T06:09:56,332,Flat
2021-01-29T06:14:56,342,SingleUp
2021-01-29T06:19:56,341,Flat
2021-01-29T06:24:57,341,Flat
2021-01-29T06:29:57,339,Flat
2021-01-29T06:34:56,342,Flat
2021-01-29T06:39:56,342,Flat
2021-01-29T06:44:57,341,Flat
2021-01-29T06:49:57,341,Flat
2021-01-29T06:54:57,334,FortyFiveDown
2021-01-29T06:59:56,329,FortyFiveDown
2021-01-29T07:04:56,321,FortyFiveDown
2021-01-29T07:09:57,338,DoubleUp
2021-01-29T07:14:56,351,SingleUp
2021-01-29T07:19:56,349,Flat
2021-01-29T07:24:57,348,Flat
2021-01-29T07:29:56,343,FortyFiveDown
2021-01-29T07:34:56,343,Flat
2021-01-29T07:39:57,342,Flat
2021-01-29T07:44:56,341,Flat
2021-01-29T07:49:57,340,Flat
2021-01-29T07:54:56,338,Flat
2021-01-29T07:59:56,338,Flat
2021-01-29T08:04:56,337,Flat
2021-01-29T08:09:56,335,Flat
2021-01-29T08:14:56,331,Flat
2021-01-29T08:19:57,336,Flat
2021-01-29T08:24:56,335,Flat
2021-01-29T08:29:57,335,Flat
2021-01-29T08:34:57,335,Flat
2021-01-29T08:39:57,335,Flat
2021-01-29T08:44:57,335,Flat
2021-01-29T08:49:57,335,Flat
2021-01-29T08:54:57,335,Flat
2021-01-29T08:59:56,335,Flat
2021-01-29T09:04:57,338,Flat
2021-01-29T09:09:57,337,Flat
2021-01-29T09:14:57,323,SingleDown
2021-01-29T09:19:57,333,SingleUp
2021-01-29T09:24:56,337,Flat
2021-01-29T09:29:57,333,Flat
2021-01-29T09:34:57,329,Flat
2021-01-29T09:39:56,328,Flat
2021-01-29T09:44:57,324,Flat
2021-01-29T09:49:56,323,Flat
2021-01-29T09:54:57,326,Flat
2021-01-29T09:59:57,329,Flat
2021-01-29T10:04:57,327,Flat
2021-01-29T10:09:57,330,Flat
2021-01-29T10:14:56,329,Flat
2021-01-29T10:19:56,332,Flat
2021-01-29T10:24:57,316,DoubleDown
2021-01-29T10:29:56,312,Flat
2021-01-29T10:34:57,311,Flat
2021-01-29T10:39:57,289,DoubleDown
2021-01-29T10:44:56,283,FortyFiveDown
2021-01-29T10:49:57,283,Flat
2021-01-29T10:54:57,278,FortyFiveDown
2021-01-29T10:59:57,236,DoubleDown
2021-01-29T11:04:57,210,DoubleDown
2021-01-29T11:09:57,210,Flat
2021-01-29T11:14:57,208,Flat
2021-01-29T11:19:57,207,Flat
2021-01-29T11:24:56,206,Flat
2021-01-29T11:29:57,210,Flat
2021-01-29T11:34:56,199,SingleDown
2021-01-29T11:39:57,189,FortyFiveDown
2021-01-29T11:44:57,183,FortyFiveDown
2021-01-29T11:49:56,178,FortyFiveDown
2021-01-29T11:54:57,169,FortyFiveDown
2021-01-29T11:59:57,170,Flat
2021-01-29T12:04:57,164,FortyFiveDown
2021-01-29T12:09:57,159,FortyFiveDown
2021-01-29T12:14:56,163,Flat
2021-01-29T12:19:57,153,FortyFiveDown
2021-01-29T12:24:57,157,Flat
2021-01-29T12:29:56,164,FortyFiveUp
2021-01-29T12:34:56,155,FortyFiveDown
2021-01-29T12:39:57,165,FortyFiveUp
2021-01-29T12:44:56,158,FortyFiveDown
2021-01-29T12:49:57,159,Flat
2021-01-29T12:54:57,167,FortyFiveUp
2021-01-29T12:59:57,166,Flat
2021-01-29T13:04:57,155,SingleDown
2021-01-29T13:09:57,153,Flat
2021-01-29T13:14:57,154,Flat
2021-01-29T13:19:57,155,Flat
2021-01-29T13:24:57,153,Flat
2021-01-29T13:29:57,152,Flat
2021-01-29T13:34:57,150,Flat
2021-01-29T13:39:56,152,Flat
2021-01-29T13:44:57,151,Flat
2021-01-29T13:49:57,150,Flat
2021-01-29T13:54:57,149,Flat
2021-01-29T13:59:57,152,Flat
2021-01-29T14:04:57,150,Flat
2021-01-29T14:09:57,160,SingleUp
2021-01-29T14:14:57,166,FortyFiveUp
2021-01-29T14:19:57,168,Flat
2021-01-29T14:24:57,171,Flat
2021-01-29T14:29:57,171,Flat
2021-01-29T14:34:57,171,Flat
2021-01-29T14:39:57,177,FortyFiveUp
2021-01-29T14:44:57,167,SingleDown
2021-01-29T14:49:57,161,FortyFiveDown
2021-01-29T14:54:57,168,FortyFiveUp
2021-01-29T14:59:57,166,Flat
2021-01-29T15:04:57,157,FortyFiveDown
2021-01-29T15:09:57,151,FortyFiveDown
2021-01-29T15:14:57,147,Flat
2021-01-29T15:19:57,146,Flat
2021-01-29T15:24:57,151,FortyFiveUp
2021-01-29T15:29:57,148,Flat
2021-01-29T15:34:57,163,DoubleUp
2021-01-29T15:39:57,161,Flat
2021-01-29T15:44:57,166,FortyFiveUp
2021-01-29T15:49:57,175,FortyFiveUp
2021-01-29T15:54:57,174,Flat
2021-01-29T15:59:57,180,FortyFiveUp
2021-01-29T16:04:57,194,SingleUp
2021-01-29T16:09:57,212,DoubleUp
2021-01-29T16:14:56,214,Flat
2021-01-29T16:19:57,214,Flat
2021-01-29T16:24:57,223,FortyFiveUp
2021-01-29T16:29:57,225,Flat
2021-01-29T16:34:57,220,FortyFiveDown
2021-01-29T16:39:57,216,Flat
2021-01-29T16:44:57,216,Flat
2021-01-29T16:49:57,215,Flat
2021-01-29T16:54:57,226,SingleUp
2021-01-29T16:59:57,225,Flat
2021-01-29T17:04:57,229,Flat
2021-01-29T17:09:57,224,FortyFiveDown
2021-01-29T17:14:57,224,Flat
2021-01-29T17:19:57,235,SingleUp
2021-01-29T17:24:57,225,SingleDown
2021-01-29T17:29:57,229,Flat
2021-01-29T17:34:57,233,Flat
2021-01-29T17:39:57,238,FortyFiveUp
2021-01-29T17:44:57,239,Flat
2021-01-29T17:49:57,237,Flat
2021-01-29T17:54:57,235,Flat
2021-01-29T17:59:57,231,Flat
2021-01-29T18:04:57,222,FortyFiveDown
2021-01-29T18:09:57,215,FortyFiveDown
2021-01-29T18:14:57,221,FortyFiveUp
2021-01-29T18:19:58,220,Flat
2021-01-29T18:24:57,214,FortyFiveDown
2021-01-29T18:29:58,208,FortyFiveDown
2021-01-29T18:34:57,212,Flat
2021-01-29T18:39:57,217,FortyFiveUp
2021-01-29T18:44:57,210,FortyFiveDown
2021-01-29T18:49:57,225,DoubleUp
2021-01-29T18:54:57,229,Flat
2021-01-29T18:59:57,218,SingleDown
2021-01-29T19:04:58,221,Flat
2021-01-29T19:09:58,220,Flat
2021-01-29T19:14:57,223,Flat
2021-01-29T19:19:57,226,Flat
2021-01-29T19:24:57,229,Flat
2021-01-29T19:29:57,235,FortyFiveUp
2021-01-29T19:34:57,239,Flat
2021-01-29T19:39:57,244,FortyFiveUp
2021-01-29T19:44:57,235,FortyFiveDown
2021-01-29T19:49:57,237,Flat
2021-01-29T19:54:57,252,DoubleUp
2021-01-29T19:59:57,256,Flat
2021-01-29T20:04:57,256,Flat
2021-01-29T20:09:57,242,SingleDown
2021-01-29T20:14:57,244,Flat
2021-01-29T20:19:58,244,Flat
2021-01-29T20:24:57,238,FortyFiveDown
2021-01-29T20:29:58,234,Flat
2021-01-29T20:34:57,240,FortyFiveUp
2021-01-29T20:39:58,237,Flat
2021-01-29T20:44:58,234,Flat
2021-01-29T20:49:57,238,Flat
2021-01-29T20:54:58,236,Flat
2021-01-29T20:59:57,243,FortyFiveUp
2021-01-29T21:04:57,245,Flat
2021-01-29T21:09:58,240,Flat
2021-01-29T21:14:57,241,Flat
2021-01-29T21:19:57,245,Flat
2021-01-29T21:24:57,247,Flat
2021-01-29T21:29:58,249,Flat
2021-01-29T21:34:58,244,FortyFiveDown
2021-01-29T21:39:57,247,Flat
2021-01-29T21:44:57,243,Flat
2021-01-29T21:49:57,239,Flat
2021-01-29T21:54:57,246,FortyFiveUp
2021-01-29T21:59:57,247,Flat
2021-01-29T22:04:57,243,Flat
2021-01-29T22:09:57,242,Flat
2021-01-29T22:14:58,232,FortyFiveDown
2021-01-29T22:19:57,233,Flat
2021-01-29T22:24:57,231,Flat
2021-01-29T22:29:57,229,Flat
2021-01-29T22:34:57,234,FortyFiveUp
2021-01-29T22:39:58,234,Flat
2021-01-29T22:44:58,224,SingleDown
2021-01-29T22:49:57,230,FortyFiveUp
2021-01-29T22:54:58,231,Flat
2021-01-29T22:59:58,231,Flat
2021-01-29T23:04:58,231,Flat
2021-01-29T23:09:57,225,FortyFiveDown
2021-01-29T23:14:58,227,Flat
2021-01-29T23:19:58,228,Flat
2021-01-29T23:24:58,225,Flat
2021-01-29T23:29:57,224,Flat
2021-01-29T23:34:58,219,Flat
2021-01-29T23:39:57,215,Flat
2021-01-29T23:44:57,222,FortyFiveUp
2021-01-29T23:49:57,220,Flat
2021-01-29T23:54:58,221,Flat
2021-01-29T23:59:57,224,Flat
2021-01-30T00:04:57,223,Flat
2021-01-30T00:09:57,222,Flat
2021-01-30T00:14:57,221,Flat
2021-01-30T00:19:58,214,FortyFiveDown
2021-01-30T00:24:57,206,FortyFiveDown
2021-01-30T00:29:57,209,Flat
2021-01-30T00:34:58,217,FortyFiveUp
2021-01-30T00:39:58,217,Flat
2021-01-30T00:44:58,216,Flat
2021-01-30T00:49:57,217,Flat
2021-01-30T00:54:58,223,FortyFiveUp
2021-01-30T00:59:58,237,SingleUp
2021-01-30T01:04:58,235,Flat
2021-01-30T01:09:58,232,Flat
2021-01-30T01:14:58,229,Flat
2021-01-30T01:19:57,223,FortyFiveDown
2021-01-30T01:24:57,217,FortyFiveDown
2021-01-30T01:29:58,214,Flat
2021-01-30T01:34:58,213,Flat
2021-01-30T01:39:58,213,Flat
2021-01-30T01:44:57,212,Flat
2021-01-30T01:49:58,208,Flat
2021-01-30T01:54:58,205,Flat
2021-01-30T01:59:58,204,Flat
2021-01-30T02:04:58,204,Flat
2021-01-30T02:09:58,204,Flat
2021-01-30T02:14:58,204,Flat
2021-01-30T02:19:57,204,Flat
2021-01-30T02:24:58,204,Flat
2021-01-30T02:29:57,202,Flat
2021-01-30T02:34:58,199,Flat
2021-01-30T02:39:57,197,Flat
2021-01-30T02:44:58,196,Flat
2021-01-30T02:49:58,187,FortyFiveDown
2021-01-30T02:54:58,190,Flat
2021-01-30T02:59:57,192,Flat
2021-01-30T03:04:57,193,Flat
2021-01-30T03:09:57,191,Flat
2021-01-30T03:14:58,191,Flat
2021-01-30T03:19:57,194,Flat
2021-01-30T03:24:57,192,Flat
2021-01-30T03:29:58,182,FortyFiveDown
2021-01-30T03:34:58,184,Flat
2021-01-30T03:39:57,186,Flat
2021-01-30T03:44:58,185,Flat
2021-01-30T03:49:58,184,Flat
2021-01-30T03:54:58,184,Flat
2021-01-30T03:59:57,190,FortyFiveUp
2021-01-30T04:04:58,187,Flat
2021-01-30T04:09:58,184,Flat
2021-01-30T04:14:58,182,Flat
2021-01-30T04:19:58,183,Flat
2021-01-30T04:24:58,185,Flat
2021-01-30T04:29:58,184,Flat
2021-01-30T04:34:58,184,Flat
2021-01-30T04:39:58,184,Flat
2021-01-30T04:44:58,185,Flat
2021-01-30T04:49:58,179,FortyFiveDown
2021-01-30T04:54:58,176,Flat
2021-01-30T04:59:58,182,FortyFiveUp
2021-01-30T05:04:58,189,FortyFiveUp
2021-01-30T05:09:58,186,Flat
2021-01-30T05:14:58,184,Flat
2021-01-30T05:19:58,182,Flat
2021-01-30T05:24:58,183,Flat
2021-01-30T05:29:58,185,Flat
2021-01-30T05:34:58,184,Flat
2021-01-30T05:39:58,183,Flat
2021-01-30T05:44:58,184,Flat
2021-01-30T05:49:58,184,Flat
2021-01-30T05:54:58,183,Flat
2021-01-30T05:59:58,183,Flat
2021-01-30T06:04:58,179,Flat
2021-01-30T06:09:58,181,Flat
2021-01-30T06:14:58,181,Flat
2021-01-30T06:19:58,181,Flat
2021-01-30T06:24:58,180,Flat
2021-01-30T06:29:58,180,Flat
2021-01-30T06:34:58,180,Flat
2021-01-30T06:39:58,180,Flat
2021-01-30T06:44:58,180,Flat
2021-01-30T06:49:58,181,Flat
2021-01-30T06:54:58,182,Flat
2021-01-30T06:59:58,179,Flat
2021-01-30T07:04:58,186,FortyFiveUp
2021-01-30T07:09:58,181,FortyFiveDown
2021-01-30T07:14:58,181,Flat
2021-01-30T07:19:58,185,Flat
2021-01-30T07:24:59,187,Flat
2021-01-30T07:29:58,186,Flat
2021-01-30T07:34:58,186,Flat
2021-01-30T07:39:59,181,Flat
2021-01-30T07:44:58,176,FortyFiveDown
2021-01-30T07:49:58,182,FortyFiveUp
2021-01-30T07:54:58,192,SingleUp
2021-01-30T07:59:58,197,FortyFiveUp
2021-01-30T08:04:58,206,FortyFiveUp
2021-01-30T08:09:59,216,FortyFiveUp
2021-01-30T08:14:58,220,Flat
2021-01-30T08:19:59,232,SingleUp
2021-01-30T08:24:58,272,DoubleUp
2021-01-30T08:29:58,287,DoubleUp
2021-01-30T08:34:58,277,SingleDown
2021-01-30T08:39:58,275,Flat
2021-01-30T08:44:58,261,SingleDown
2021-01-30T08:49:59,248,SingleDown
2021-01-30T08:54:58,247,Flat
2021-01-30T08:59:59,249,Flat
2021-01-30T09:04:58,250,Flat
2021-01-30T09:09:58,249,Flat
2021-01-30T09:14:59,255,FortyFiveUp
2021-01-30T09:19:58,251,Flat
2021-01-30T09:24:58,252,Flat
2021-01-30T09:29:58,251,Flat
2021-01-30T09:34:58,249,Flat
2021-01-30T09:39:59,248,Flat
2021-01-30T09:44:58,234,SingleDown
2021-01-30T09:49:59,226,FortyFiveDown
2021-01-30T09:54:59,214,SingleDown
2021-01-30T09:59:58,196,DoubleDown
2021-01-30T10:04:59,181,SingleDown
2021-01-30T10:09:59,163,DoubleDown
2021-01-30T10:14:58,153,SingleDown
2021-01-30T10:19:58,143,SingleDown
2021-01-30T10:24:58,129,SingleDown
2021-01-30T10:29:58,129,Flat
2021-01-30T10:34:58,138,FortyFiveUp
2021-01-30T10:39:58,156,DoubleUp
2021-01-30T10:44:59,165,FortyFiveUp
2021-01-30T10:49:59,190,DoubleUp
2021-01-30T10:54:58,226,DoubleUp
2021-01-30T10:59:59,238,SingleUp
2021-01-30T11:04:58,238,Flat
2021-01-30T11:09:58,247,FortyFiveUp
2021-01-30T11:14:58,255,FortyFiveUp
2021-01-30T11:19:58,252,Flat
2021-01-30T11:24:58,232,DoubleDown
2021-01-30T11:29:58,228,Flat
2021-01-30T11:34:58,234,FortyFiveUp
2021-01-30T11:39:58,236,Flat
2021-01-30T11:44:58,251,DoubleUp
2021-01-30T11:49:59,272,DoubleUp
2021-01-30T11:54:58,285,SingleUp
2021-01-30T11:59:58,283,Flat
2021-01-30T12:04:59,294,SingleUp
2021-01-30T12:09:58,306,SingleUp
2021-01-30T12:14:59,306,Flat
2021-01-30T12:19:59,297,FortyFiveDown
2021-01-30T12:24:59,290,FortyFiveDown
2021-01-30T12:29:58,290,Flat
2021-01-30T12:34:58,287,Flat
2021-01-30T12:39:58,283,Flat
2021-01-30T12:44:58,274,FortyFiveDown
2021-01-30T12:49:58,263,SingleDown
2021-01-30T12:54:58,265,Flat
2021-01-30T12:59:59,249,DoubleDown
2021-01-30T13:04:58,234,DoubleDown
2021-01-30T13:09:58,227,FortyFiveDown
2021-01-30T13:14:59,221,FortyFiveDown
2021-01-30T13:19:59,212,FortyFiveDown
2021-01-30T13:24:59,204,FortyFiveDown
2021-01-30T13:29:58,200,Flat
2021-01-30T13:34:59,188,SingleDown
2021-01-30T13:39:58,180,FortyFiveDown
2021-01-30T13:44:59,169,SingleDown
2021-01-30T13:49:59,155,SingleDown
2021-01-30T13:54:59,155,Flat
2021-01-30T13:59:59,145,SingleDown
2021-01-30T14:04:58,142,Flat
2021-01-30T14:09:58,133,FortyFiveDown
2021-01-30T14:14:59,123,FortyFiveDown
2021-01-30T14:19:58,130,FortyFiveUp
2021-01-30T14:24:59,137,FortyFiveUp
2021-01-30T14:29:58,155,DoubleUp
2021-01-30T14:34:58,176,DoubleUp
2021-01-30T14:39:58,189,SingleUp
2021-01-30T14:44:58,219,DoubleUp
2021-01-30T14:49:58,244,DoubleUp
2021-01-30T14:54:59,276,DoubleUp
2021-01-30T14:59:58,295,DoubleUp
2021-01-30T15:04:58,290,FortyFiveDown
2021-01-30T15:09:58,275,DoubleDown
2021-01-30T15:14:59,239,DoubleDown
2021-01-30T15:19:58,201,DoubleDown
2021-01-30T15:24:59,168,DoubleDown
2021-01-30T15:29:59,161,FortyFiveDown
2021-01-30T15:34:59,151,SingleDown
2021-01-30T15:39:58,150,Flat
2021-01-30T15:44:58,155,FortyFiveUp
2021-01-30T15:49:58,178,DoubleUp
2021-01-30T15:54:59,187,FortyFiveUp
2021-01-30T15:59:59,193,FortyFiveUp
2021-01-30T16:04:58,192,Flat
2021-01-30T16:09:59,192,Flat
2021-01-30T16:14:58,181,SingleDown
2021-01-30T16:19:59,171,FortyFiveDown
2021-01-30T16:24:59,160,SingleDown
2021-01-30T16:29:58,159,Flat
2021-01-30T16:34:58,155,Flat
2021-01-30T16:39:58,157,Flat
2021-01-30T16:44:58,169,SingleUp
2021-01-30T16:49:59,176,FortyFiveUp
2021-01-30T16:54:59,185,FortyFiveUp
2021-01-30T16:59:59,198,SingleUp
2021-01-30T17:04:59,199,Flat
2021-01-30T17:09:58,211,SingleUp
2021-01-30T17:14:59,224,SingleUp
2021-01-30T17:19:59,226,Flat
2021-01-30T17:24:59,233,FortyFiveUp
2021-01-30T17:29:58,243,SingleUp
2021-01-30T17:34:59,239,Flat
2021-01-30T17:39:58,237,Flat
2021-01-30T17:44:58,237,Flat
2021-01-30T17:49:58,236,Flat
2021-01-30T17:54:59,241,Flat
2021-01-30T17:59:59,244,Flat
2021-01-30T18:04:59,249,FortyFiveUp
2021-01-30T18:09:59,255,FortyFiveUp
2021-01-30T18:14:59,256,Flat
2021-01-30T18:19:59,263,FortyFiveUp
2021-01-30T18:24:58,264,Flat
2021-01-30T18:29:59,272,FortyFiveUp
2021-01-30T18:34:59,285,SingleUp
2021-01-30T18:39:59,292,FortyFiveUp
2021-01-30T18:44:59,286,FortyFiveDown
2021-01-30T18:49:58,278,FortyFiveDown
2021-01-30T18:54:59,266,SingleDown
2021-01-30T18:59:58,245,DoubleDown
2021-01-30T19:04:59,225,DoubleDown
2021-01-30T19:09:58,197,DoubleDown
2021-01-30T19:14:59,189,FortyFiveDown
2021-01-30T19:19:59,193,Flat
2021-01-30T19:24:59,179,SingleDown
2021-01-30T19:29:59,165,SingleDown
2021-01-30T19:34:59,149,DoubleDown
2021-01-30T19:39:58,116,DoubleDown
2021-01-30T19:44:59,98,DoubleDown
2021-01-30T19:49:59,93,FortyFiveDown
2021-01-30T19:54:59,85,FortyFiveDown
2021-01-30T19:59:58,78,FortyFiveDown
2021-01-30T20:04:59,72,FortyFiveDown
2021-01-30T20:09:59,73,Flat
2021-01-30T20:14:59,88,DoubleUp
2021-01-30T20:19:59,107,DoubleUp
2021-01-30T20:24:59,128,DoubleUp
2021-01-30T20:29:58,141,SingleUp
2021-01-30T20:34:59,147,FortyFiveUp
2021-01-30T20:39:59,141,FortyFiveDown
2021-01-30T20:44:59,123,DoubleDown
2021-01-30T20:49:59,120,Flat
2021-01-30T20:54:59,103,DoubleDown
2021-01-30T20:59:59,94,FortyFiveDown
2021-01-30T21:04:59,83,SingleDown
2021-01-30T21:09:59,70,SingleDown
2021-01-30T21:14:59,62,FortyFiveDown
2021-01-30T21:19:59,58,Flat
2021-01-30T21:24:59,60,Flat
2021-01-30T21:29:59,68,FortyFiveUp
2021-01-30T21:34:59,107,DoubleUp
2021-01-30T21:39:59,143,DoubleUp
2021-01-30T21:44:59,170,DoubleUp
2021-01-30T21:49:59,201,DoubleUp
2021-01-30T21:54:59,216,DoubleUp
2021-01-30T21:59:59,220,Flat
2021-01-30T22:04:59,236,DoubleUp
2021-01-30T22:09:59,234,Flat
2021-01-30T22:14:59,225,FortyFiveDown
2021-01-30T22:19:59,211,SingleDown
2021-01-30T22:24:59,202,FortyFiveDown
2021-01-30T22:29:59,206,Flat
2021-01-30T22:34:59,205,Flat
2021-01-30T22:39:59,196,FortyFiveDown
2021-01-30T22:44:59,188,FortyFiveDown
2021-01-30T22:49:59,169,DoubleDown
2021-01-30T22:54:59,172,Flat
2021-01-30T22:59:59,167,FortyFiveDown
2021-01-30T23:04:59,161,FortyFiveDown
2021-01-30T23:09:59,159,Flat
2021-01-30T23:14:59,153,FortyFiveDown
2021-01-30T23:19:58,147,FortyFiveDown
2021-01-30T23:24:59,140,FortyFiveDown
2021-01-30T23:29:59,146,FortyFiveUp
2021-01-30T23:34:59,145,Flat
2021-01-30T23:39:59,146,Flat
2021-01-30T23:44:59,147,Flat
2021-01-30T23:49:59,137,SingleDown
2021-01-30T23:54:59,128,FortyFiveDown
2021-01-30T23:59:59,132,Flat
2021-01-31T00:04:59,145,SingleUp
2021-01-31T00:09:59,141,Flat
2021-01-31T00:14:59,133,FortyFiveDown
2021-01-31T00:19:59,132,Flat
2021-01-31T00:24:59,132,Flat
2021-01-31T00:29:59,124,FortyFiveDown
2021-01-31T00:34:59,131,FortyFiveUp
2021-01-31T00:39:59,147,DoubleUp
2021-01-31T00:44:59,178,DoubleUp
2021-01-31T00:49:59,183,FortyFiveUp
2021-01-31T00:54:59,204,DoubleUp
2021-01-31T00:59:59,207,Flat
2021-01-31T01:04:59,203,Flat
2021-01-31T01:09:59,207,Flat
2021-01-31T01:14:59,192,DoubleDown
2021-01-31T01:19:59,196,Flat
2021-01-31T01:24:59,204,FortyFiveUp
2021-01-31T01:30:00,193,SingleDown
2021-01-31T01:34:59,197,Flat
2021-01-31T01:39:59,193,Flat
2021-01-31T01:44:59,192,Flat
2021-01-31T01:49:59,193,Flat
2021-01-31T01:54:59,196,Flat
2021-01-31T01:59:59,203,FortyFiveUp
2021-01-31T02:05:00,210,FortyFiveUp
2021-01-31T02:10:00,212,Flat
2021-01-31T02:14:59,210,Flat
2021-01-31T02:19:59,216,FortyFiveUp
2021-01-31T02:24:59,225,FortyFiveUp
2021-01-31T02:29:59,221,Flat
2021-01-31T02:34:59,228,FortyFiveUp
2021-01-31T02:39:59,236,FortyFiveUp
2021-01-31T02:44:59,244,FortyFiveUp
2021-01-31T02:49:59,251,FortyFiveUp
2021-01-31T02:54:59,258,FortyFiveUp
2021-01-31T02:59:59,266,FortyFiveUp
2021-01-31T03:05:00,272,FortyFiveUp
2021-01-31T03:09:59,275,Flat
2021-01-31T03:14:59,284,FortyFiveUp
2021-01-31T03:19:59,286,Flat
2021-01-31T03:24:59,290,Flat
2021-01-31T03:29:59,292,Flat
2021-01-31T03:35:00,286,FortyFiveDown
2021-01-31T03:39:59,286,Flat
2021-01-31T03:44:59,294,FortyFiveUp
2021-01-31T03:49:59,306,SingleUp
2021-01-31T03:54:59,313,FortyFiveUp
2021-01-31T03:59:59,301,SingleDown
2021-01-31T04:04:59,307,FortyFiveUp
2021-01-31T04:09:59,316,FortyFiveUp
2021-01-31T04:14:59,304,SingleDown
2021-01-31T04:19:59,308,Flat
2021-01-31T04:25:00,323,SingleUp
2021-01-31T04:29:59,325,Flat
2021-01-31T04:34:59,329,Flat
2021-01-31T04:39:59,323,FortyFiveDown
2021-01-31T04:45:00,313,FortyFiveDown
2021-01-31T04:50:00,300,SingleDown
2021-01-31T04:54:59,270,DoubleDown
2021-01-31T05:00:00,255,SingleDown
2021-01-31T05:04:59,263,FortyFiveUp
2021-01-31T05:10:00,273,FortyFiveUp
2021-01-31T05:15:00,254,DoubleDown
2021-01-31T05:19:59,253,Flat
2021-01-31T05:25:00,249,Flat
2021-01-31T05:29:59,226,DoubleDown
2021-01-31T05:34:59,232,FortyFiveUp
2021-01-31T05:39:59,232,Flat
2021-01-31T05:44:59,226,FortyFiveDown
2021-01-31T05:49:59,217,FortyFiveDown
2021-01-31T05:55:00,210,FortyFiveDown
2021-01-31T06:00:00,199,SingleDown
2021-01-31T06:04:59,196,Flat
2021-01-31T06:09:59,190,FortyFiveDown
2021-01-31T06:15:00,186,Flat
2021-01-31T06:20:00,182,Flat
2021-01-31T06:25:00,179,Flat
2021-01-31T06:29:59,177,Flat
2021-01-31T06:35:00,172,Flat
2021-01-31T06:40:00,165,FortyFiveDown
2021-01-31T06:44:59,168,Flat
2021-01-31T06:49:59,171,Flat
2021-01-31T06:55:00,183,SingleUp
2021-01-31T06:59:59,190,FortyFiveUp
2021-01-31T07:05:00,191,Flat
2021-01-31T07:09:59,199,FortyFiveUp
2021-01-31T07:14:59,203,Flat
2021-01-31T07:19:59,208,FortyFiveUp
2021-01-31T07:25:00,211,Flat
2021-01-31T07:30:00,217,FortyFiveUp
2021-01-31T07:34:59,204,SingleDown
2021-01-31T07:39:59,193,SingleDown
2021-01-31T07:45:00,201,FortyFiveUp
2021-01-31T07:50:00,215,SingleUp
2021-01-31T07:55:00,239,DoubleUp
2021-01-31T08:00:00,257,DoubleUp
2021-01-31T08:04:59,271,SingleUp
2021-01-31T08:10:00,288,DoubleUp
2021-01-31T08:14:59,312,DoubleUp
2021-01-31T08:20:00,332,DoubleUp
2021-01-31T08:24:59,340,FortyFiveUp
2021-01-31T08:29:59,327,SingleDown
2021-01-31T08:35:00,299,DoubleDown
2021-01-31T08:39:59,259,DoubleDown
2021-01-31T08:45:00,233,DoubleDown
2021-01-31T08:50:00,209,DoubleDown
2021-01-31T08:55:00,183,DoubleDown
2021-01-31T08:59:59,162,DoubleDown
2021-01-31T09:05:00,158,Flat
2021-01-31T09:10:00,151,FortyFiveDown
2021-01-31T09:14:59,140,SingleDown
2021-01-31T09:19:59,136,Flat
2021-01-31T09:25:00,123,SingleDown
2021-01-31T09:30:00,112,SingleDown
2021-01-31T09:35:00,100,SingleDown
2021-01-31T09:39:59,95,FortyFiveDown
2021-01-31T09:44:59,92,Flat
2021-01-31T09:50:00,91,Flat
2021-01-31T09:54:59,97,FortyFiveUp
2021-01-31T10:00:00,102,Flat
2021-01-31T10:05:00,103,Flat
2021-01-31T10:10:00,108,FortyFiveUp
2021-01-31T10:14:59,116,FortyFiveUp
2021-01-31T10:20:00,122,FortyFiveUp
2021-01-31T10:24:59,128,FortyFiveUp
2021-01-31T10:30:00,136,FortyFiveUp
2021-01-31T10:35:00,135,Flat
2021-01-31T10:40:00,146,SingleUp
2021-01-31T10:45:00,186,DoubleUp
2021-01-31T10:50:00,236,DoubleUp
2021-01-31T10:55:00,272,DoubleUp
2021-01-31T11:00:00,280,FortyFiveUp
2021-01-31T11:05:00,281,Flat
2021-01-31T11:10:00,274,FortyFiveDown
2021-01-31T11:15:00,260,SingleDown
2021-01-31T11:20:00,241,DoubleDown
2021-01-31T11:25:00,220,DoubleDown
2021-01-31T11:30:00,203,DoubleDown
2021-01-31T11:34:59,203,Flat
2021-01-31T11:40:00,193,FortyFiveDown
2021-01-31T11:45:00,183,SingleDown
2021-01-31T11:50:00,168,DoubleDown
2021-01-31T11:55:00,155,SingleDown
2021-01-31T11:59:59,164,FortyFiveUp
2021-01-31T12:05:00,174,FortyFiveUp
2021-01-31T12:10:00,162,SingleDown
2021-01-31T12:15:00,145,DoubleDown
2021-01-31T12:19:59,141,Flat
2021-01-31T12:25:00,121,DoubleDown
2021-01-31T12:30:00,96,DoubleDown
2021-01-31T12:35:00,91,FortyFiveDown
2021-01-31T12:40:00,86,FortyFiveDown
2021-01-31T12:45:00,82,Flat
2021-01-31T12:50:00,85,Flat
2021-01-31T12:55:00,77,FortyFiveDown
2021-01-31T13:00:00,69,FortyFiveDown
2021-01-31T13:05:00,70,Flat
2021-01-31T13:10:00,90,DoubleUp
2021-01-31T13:15:00,120,DoubleUp
2021-01-31T13:20:00,145,DoubleUp
2021-01-31T13:25:00,149,Flat
2021-01-31T13:29:59,159,SingleUp
2021-01-31T13:35:00,153,FortyFiveDown
2021-01-31T13:40:00,139,SingleDown
2021-01-31T13:45:00,131,FortyFiveDown
2021-01-31T13:49:59,126,FortyFiveDown
2021-01-31T13:55:00,120,FortyFiveDown
2021-01-31T14:00:00,120,Flat
2021-01-31T14:04:59,113,FortyFiveDown
2021-01-31T14:10:00,108,Flat
2021-01-31T14:15:00,114,FortyFiveUp
2021-01-31T14:20:00,124,SingleUp
2021-01-31T14:25:00,138,SingleUp
2021-01-31T14:30:00,154,DoubleUp
2021-01-31T14:35:00,183,DoubleUp
2021-01-31T14:39:59,198,DoubleUp
2021-01-31T14:45:00,192,FortyFiveDown
2021-01-31T14:50:00,169,DoubleDown
2021-01-31T14:55:00,140,DoubleDown
2021-01-31T15:00:00,143,Flat
2021-01-31T15:05:00,148,FortyFiveUp
2021-01-31T15:10:00,154,FortyFiveUp
2021-01-31T15:15:00,158,Flat
2021-01-31T15:20:00,156,Flat
2021-01-31T15:25:00,160,Flat
2021-01-31T15:30:00,158,Flat
2021-01-31T15:35:00,159,Flat
2021-01-31T15:40:00,183,DoubleUp
2021-01-31T15:45:00,211,DoubleUp
2021-01-31T15:50:00,218,FortyFiveUp
2021-01-31T15:55:00,230,SingleUp
2021-01-31T16:00:00,232,Flat
2021-01-31T16:05:00,241,FortyFiveUp
2021-01-31T16:10:00,234,FortyFiveDown
2021-01-31T16:15:00,229,FortyFiveDown
2021-01-31T16:20:00,230,Flat
2021-01-31T16:25:00,239,FortyFiveUp
2021-01-31T16:30:01,240,Flat
2021-01-31T16:35:00,253,SingleUp
2021-01-31T16:40:00,257,Flat
2021-01-31T16:45:00,266,FortyFiveUp
2021-01-31T16:50:00,281,DoubleUp
2021-01-31T16:55:00,290,FortyFiveUp
2021-01-31T17:00:00,301,SingleUp
2021-01-31T17:05:00,309,FortyFiveUp
2021-01-31T17:10:00,308,Flat
2021-01-31T17:15:00,306,Flat
2021-01-31T17:20:00,311,FortyFiveUp
2021-01-31T17:25:00,309,Flat
2021-01-31T17:30:00,314,FortyFiveUp
2021-01-31T17:35:00,310,Flat
2021-01-31T17:40:00,304,FortyFiveDown
2021-01-31T17:45:00,312,FortyFiveUp
2021-01-31T17:50:00,310,Flat
2021-01-31T17:55:00,309,Flat
2021-01-31T18:00:00,300,FortyFiveDown
2021-01-31T18:05:01,308,FortyFiveUp
2021-01-31T18:10:00,310,Flat
2021-01-31T18:15:00,306,Flat
2021-01-31T18:20:00,307,Flat
2021-01-31T18:25:00,295,SingleDown
2021-01-31T18:30:00,265,DoubleDown
2021-01-31T18:35:00,208,DoubleDown
2021-01-31T18:40:00,185,DoubleDown
2021-01-31T18:45:00,167,DoubleDown
2021-01-31T18:50:01,143,DoubleDown
2021-01-31T18:55:00,132,SingleDown
2021-01-31T19:00:00,124,FortyFiveDown
2021-01-31T19:05:00,119,FortyFiveDown
2021-01-31T19:10:00,119,Flat
2021-01-31T19:15:00,119,Flat
2021-01-31T19:20:00,116,Flat
2021-01-31T19:25:00,112,Flat
2021-01-31T19:30:00,99,SingleDown
2021-01-31T19:35:00,95,Flat
2021-01-31T19:40:00,93,Flat
2021-01-31T19:45:01,86,FortyFiveDown
2021-01-31T19:50:00,79,FortyFiveDown
2021-01-31T19:55:00,75,Flat
2021-01-31T20:00:01,68,FortyFiveDown
2021-01-31T20:05:00,74,FortyFiveUp
2021-01-31T20:10:00,107,DoubleUp
2021-01-31T20:15:00,149,DoubleUp
2021-01-31T20:20:00,187,DoubleUp
2021-01-31T20:25:00,200,SingleUp
2021-01-31T20:30:00,203,Flat
2021-01-31T20:35:00,210,FortyFiveUp
2021-01-31T20:40:01,200,FortyFiveDown
2021-01-31T20:45:00,203,Flat
2021-01-31T20:50:00,211,FortyFiveUp
2021-01-31T20:55:00,201,SingleDown
2021-01-31T21:00:00,178,DoubleDown
2021-01-31T21:05:00,177,Flat
2021-01-31T21:10:01,177,Flat
2021-01-31T21:15:01,176,Flat
2021-01-31T21:20:01,153,DoubleDown
2021-01-31T21:25:00,160,FortyFiveUp
2021-01-31T21:30:01,166,FortyFiveUp
2021-01-31T21:35:01,167,Flat
2021-01-31T21:40:01,171,Flat
2021-01-31T21:45:00,164,FortyFiveDown
2021-01-31T21:50:01,158,FortyFiveDown
2021-01-31T21:55:01,168,SingleUp
2021-01-31T22:00:01,184,DoubleUp
2021-01-31T22:05:01,197,SingleUp
2021-01-31T22:10:00,211,SingleUp
2021-01-31T22:15:01,223,SingleUp
2021-01-31T22:20:01,234,SingleUp
2021-01-31T22:25:01,269,DoubleUp
2021-01-31T22:30:01,292,DoubleUp
2021-01-31T22:35:00,296,Flat
2021-01-31T22:40:00,298,Flat
2021-01-31T22:45:00,304,FortyFiveUp
2021-01-31T22:50:01,302,Flat
2021-01-31T22:55:01,289,SingleDown
2021-01-31T23:00:01,280,FortyFiveDown
2021-01-31T23:05:01,265,DoubleDown
2021-01-31T23:10:01,260,FortyFiveDown
2021-01-31T23:15:00,239,DoubleDown
2021-01-31T23:20:00,231,FortyFiveDown
2021-01-31T23:25:00,218,SingleDown
2021-01-31T23:30:01,211,FortyFiveDown
2021-01-31T23:35:01,193,DoubleDown
2021-01-31T23:40:00,180,SingleDown
2021-01-31T23:45:00,175,FortyFiveDown
2021-01-31T23:50:00,161,SingleDown
2021-01-31T23:55:00,153,FortyFiveDown
2021-02-01T00:00:00,145,FortyFiveDown
2021-02-01T00:05:01,137,FortyFiveDown
2021-02-01T00:10:01,134,Flat
2021-02-01T00:15:01,131,Flat
2021-02-01T00:20:01,129,Flat
2021-02-01T00:25:00,129,Flat
2021-02-01T00:30:01,131,Flat
2021-02-01T00:35:01,136,FortyFiveUp
2021-02-01T00:40:01,134,Flat
2021-02-01T00:45:00,136,Flat
2021-02-01T00:50:01,165,DoubleUp
2021-02-01T00:55:00,186,DoubleUp
2021-02-01T01:00:00,195,FortyFiveUp
2021-02-01T01:05:01,204,FortyFiveUp
2021-02-01T01:10:01,208,Flat
2021-02-01T01:15:01,240,DoubleUp
2021-02-01T01:20:00,267,DoubleUp
2021-02-01T01:25:00,278,SingleUp
2021-02-01T01:30:01,294,DoubleUp
2021-02-01T01:35:00,303,FortyFiveUp
2021-02-01T01:40:00,315,SingleUp
2021-02-01T01:45:00,338,DoubleUp
2021-02-01T01:50:01,341,Flat
2021-02-01T01:55:01,346,FortyFiveUp
2021-02-01T02:00:01,358,SingleUp
2021-02-01T02:05:00,359,Flat
2021-02-01T02:10:01,376,DoubleUp
2021-02-01T02:15:01,379,Flat
2021-02-01T02:20:01,361,DoubleDown
2021-02-01T02:25:01,350,SingleDown
2021-02-01T02:30:01,340,SingleDown
2021-02-01T02:35:01,342,Flat
2021-02-01T02:40:00,340,Flat
2021-02-01T02:45:00,336,Flat
2021-02-01T02:50:00,324,SingleDown
2021-02-01T02:55:01,311,SingleDown
2021-02-01T03:00:00,305,FortyFiveDown
2021-02-01T03:05:01,298,FortyFiveDown
2021-02-01T03:10:01,291,FortyFiveDown
2021-02-01T03:15:01,287,Flat
2021-02-01T03:20:01,277,SingleDown
2021-02-01T03:25:01,269,FortyFiveDown
2021-02-01T03:30:01,264,FortyFiveDown
2021-02-01T03:35:01,265,Flat
2021-02-01T03:40:01,265,Flat
2021-02-01T03:45:01,257,FortyFiveDown
2021-02-01T03:50:00,251,FortyFiveDown
2021-02-01T03:55:01,246,Flat
2021-02-01T04:00:01,241,FortyFiveDown
2021-02-01T04:05:01,242,Flat
2021-02-01T04:10:01,246,Flat
2021-02-01T04:15:01,243,Flat
2021-02-01T04:20:00,237,FortyFiveDown
2021-02-01T04:25:01,233,Flat
2021-02-01T04:30:01,232,Flat
2021-02-01T04:35:01,229,Flat
2021-02-01T04:40:00,229,Flat
2021-02-01T04:45:01,228,Flat
2021-02-01T04:50:01,224,Flat
2021-02-01T04:55:01,216,FortyFiveDown
2021-02-01T05:00:01,215,Flat
2021-02-01T05:05:00,214,Flat
2021-02-01T05:10:00,215,Flat
2021-02-01T05:15:00,209,FortyFiveDown
2021-02-01T05:20:01,202,FortyFiveDown
2021-02-01T05:25:01,206,Flat
2021-02-01T05:30:01,209,Flat
2021-02-01T05:35:01,218,FortyFiveUp
2021-02-01T05:40:01,221,Flat
2021-02-01T05:45:01,217,Flat
2021-02-01T05:50:01,215,Flat
2021-02-01T05:55:01,225,SingleUp
2021-02-01T06:00:01,234,FortyFiveUp
2021-02-01T06:05:01,240,FortyFiveUp
2021-02-01T06:10:01,243,Flat
2021-02-01T06:15:01,240,Flat
2021-02-01T06:20:01,239,Flat
2021-02-01T06:25:01,243,Flat
2021-02-01T06:30:01,244,Flat
2021-02-01T06:35:01,245,Flat
2021-02-01T06:40:01,247,Flat
2021-02-01T06:45:01,243,Flat
2021-02-01T06:50:01,244,Flat
2021-02-01T06:55:01,242,Flat
2021-02-01T07:00:01,244,Flat
2021-02-01T07:05:01,247,Flat
2021-02-01T07:10:01,247,Flat
2021-02-01T07:15:01,249,Flat
2021-02-01T07:20:01,250,Flat
2021-02-01T07:25:01,251,Flat
2021-02-01T07:30:01,251,Flat
2021-02-01T07:35:01,255,Flat
2021-02-01T07:40:01,246,FortyFiveDown
2021-02-01T07:45:01,246,Flat
2021-02-01T07:50:01,255,FortyFiveUp
2021-02-01T07:55:01,274,DoubleUp
2021-02-01T08:00:01,281,FortyFiveUp
2021-02-01T08:05:01,290,FortyFiveUp
2021-02-01T08:10:01,312,DoubleUp
2021-02-01T08:15:01,358,DoubleUp
2021-02-01T08:20:01,387,DoubleUp
2021-02-01T08:25:01,401,SingleUp
2021-02-01T08:30:01,401,Flat
2021-02-01T08:35:01,392,FortyFiveDown
2021-02-01T08:40:01,370,DoubleDown
2021-02-01T08:45:01,344,DoubleDown
2021-02-01T08:50:01,319,DoubleDown
2021-02-01T08:55:01,297,DoubleDown
2021-02-01T09:00:01,271,DoubleDown
2021-02-01T09:05:01,246,DoubleDown
2021-02-01T09:10:01,228,DoubleDown
2021-02-01T09:15:01,217,SingleDown
2021-02-01T09:20:01,216,Flat
2021-02-01T09:25:01,208,FortyFiveDown
2021-02-01T09:30:02,192,DoubleDown
2021-02-01T09:35:01,160,DoubleDown
2021-02-01T09:40:01,143,DoubleDown
2021-02-01T09:45:01,133,SingleDown
2021-02-01T09:50:01,122,SingleDown
2021-02-01T09:55:01,108,SingleDown
2021-02-01T10:00:02,97,SingleDown
2021-02-01T10:05:01,87,SingleDown
2021-02-01T10:10:01,82,FortyFiveDown
2021-02-01T10:15:01,83,Flat
2021-02-01T10:20:01,77,FortyFiveDown
2021-02-01T10:25:01,87,SingleUp
2021-02-01T10:30:01,85,Flat
2021-02-01T10:35:02,89,Flat
2021-02-01T10:40:01,86,Flat
2021-02-01T10:45:01,94,FortyFiveUp
2021-02-01T10:50:02,101,FortyFiveUp
2021-02-01T10:55:01,102,Flat
2021-02-01T11:00:02,103,Flat
2021-02-01T11:05:01,103,Flat
2021-02-01T11:10:01,98,FortyFiveDown
2021-02-01T11:15:01,96,Flat
2021-02-01T11:20:01,91,FortyFiveDown
2021-02-01T11:25:01,90,Flat
2021-02-01T11:30:02,93,Flat
2021-02-01T11:35:01,96,Flat
2021-02-01T11:40:01,99,Flat
2021-02-01T11:45:01,97,Flat
2021-02-01T11:50:02,97,Flat
2021-02-01T11:55:02,103,FortyFiveUp
2021-02-01T12:00:01,99,Flat
2021-02-01T12:05:01,103,Flat
2021-02-01T12:10:02,98,Flat
2021-02-01T12:15:01,97,Flat
2021-02-01T12:20:01,98,Flat
2021-02-01T12:25:01,100,Flat
2021-02-01T12:30:01,104,Flat
2021-02-01T12:35:02,99,Flat
2021-02-01T12:40:02,101,Flat
2021-02-01T12:45:02,100,Flat
2021-02-01T12:50:01,106,FortyFiveUp
2021-02-01T12:55:02,109,Flat
2021-02-01T13:00:01,111,Flat
2021-02-01T13:05:02,115,Flat
2021-02-01T13:10:02,122,FortyFiveUp
2021-02-01T13:15:01,124,Flat
2021-02-01T13:20:02,128,Flat
2021-02-01T13:25:01,133,FortyFiveUp
2021-02-01T13:30:01,134,Flat
2021-02-01T13:35:01,132,Flat
2021-02-01T13:40:02,131,Flat
2021-02-01T13:45:01,119,SingleDown
2021-02-01T13:50:02,130,SingleUp
2021-02-01T13:55:01,135,FortyFiveUp
2021-02-01T14:00:01,142,FortyFiveUp
2021-02-01T14:05:02,187,DoubleUp
2021-02-01T14:10:02,243,DoubleUp
2021-02-01T14:15:01,284,DoubleUp
2021-02-01T14:20:02,286,Flat
2021-02-01T14:25:01,280,FortyFiveDown
2021-02-01T14:30:01,264,DoubleDown
2021-02-01T14:35:02,248,DoubleDown
2021-02-01T14:40:01,233,DoubleDown
2021-02-01T14:45:02,231,Flat
2021-02-01T14:50:02,216,DoubleDown
2021-02-01T14:55:02,225,FortyFiveUp
2021-02-01T15:00:01,253,DoubleUp
2021-02-01T15:05:02,269,DoubleUp
2021-02-01T15:10:02,262,FortyFiveDown
2021-02-01T15:15:01,257,FortyFiveDown
2021-02-01T15:20:01,257,Flat
2021-02-01T15:25:02,256,Flat
2021-02-01T15:30:02,255,Flat
2021-02-01T15:35:02,252,Flat
2021-02-01T15:40:01,255,Flat
2021-02-01T15:45:01,257,Flat
2021-02-01T15:50:02,261,Flat
2021-02-01T15:55:02,260,Flat
2021-02-01T16:00:01,263,Flat
2021-02-01T16:05:02,257,FortyFiveDown
2021-02-01T16:10:02,260,Flat
2021-02-01T16:15:02,271,SingleUp
2021-02-01T16:20:02,276,FortyFiveUp
2021-02-01T16:25:01,279,Flat
2021-02-01T16:30:02,264,SingleDown
2021-02-01T16:35:02,257,FortyFiveDown
2021-02-01T16:40:01,243,SingleDown
2021-02-01T16:45:02,228,SingleDown
2021-02-01T16:50:02,226,Flat
2021-02-01T16:55:02,220,FortyFiveDown
2021-02-01T17:00:02,204,DoubleDown
2021-02-01T17:05:02,187,DoubleDown
2021-02-01T17:10:02,196,FortyFiveUp
2021-02-01T17:15:02,194,Flat
2021-02-01T17:20:02,192,Flat
2021-02-01T17:25:02,204,SingleUp
2021-02-01T17:30:01,190,SingleDown
2021-02-01T17:35:01,171,DoubleDown
2021-02-01T17:40:02,142,DoubleDown
2021-02-01T17:45:02,127,DoubleDown
2021-02-01T17:50:01,116,SingleDown
2021-02-01T17:55:01,106,SingleDown
2021-02-01T18:00:01,103,Flat
2021-02-01T18:05:02,104,Flat
2021-02-01T18:10:02,102,Flat
2021-02-01T18:15:02,98,Flat
2021-02-01T18:20:01,98,Flat
2021-02-01T18:25:02,95,Flat
2021-02-01T18:30:02,94,Flat
2021-02-01T18:35:02,96,Flat
2021-02-01T18:40:02,93,Flat
2021-02-01T18:45:02,96,Flat
2021-02-01T18:50:02,95,Flat
2021-02-01T18:55:01,99,Flat
2021-02-01T19:00:01,110,SingleUp
2021-02-01T19:05:01,110,Flat
2021-02-01T19:10:02,112,Flat
2021-02-01T19:15:02,124,SingleUp
2021-02-01T19:20:01,132,FortyFiveUp
2021-02-01T19:25:02,136,Flat
2021-02-01T19:30:02,142,FortyFiveUp
2021-02-01T19:35:02,145,Flat
2021-02-01T19:40:01,138,FortyFiveDown
2021-02-01T19:45:02,127,SingleDown
2021-02-01T19:50:02,128,Flat
2021-02-01T19:55:02,125,Flat
2021-02-01T20:00:02,124,Flat
2021-02-01T20:05:02,118,FortyFiveDown
2021-02-01T20:10:02,119,Flat
2021-02-01T20:15:01,121,Flat
2021-02-01T20:20:01,123,Flat
2021-02-01T20:25:02,125,Flat
2021-02-01T20:30:01,140,DoubleUp
2021-02-01T20:35:02,148,FortyFiveUp
2021-02-01T20:40:02,149,Flat
2021-02-01T20:45:02,159,SingleUp
2021-02-01T20:50:02,162,Flat
2021-02-01T20:55:02,165,Flat
2021-02-01T21:00:02,166,Flat
2021-02-01T21:05:02,176,SingleUp
2021-02-01T21:10:02,180,Flat
2021-02-01T21:15:02,182,Flat
2021-02-01T21:20:02,178,Flat
2021-02-01T21:25:02,172,FortyFiveDown
2021-02-01T21:30:02,180,FortyFiveUp
2021-02-01T21:35:02,193,SingleUp
2021-02-01T21:40:02,203,SingleUp
2021-02-01T21:45:02,196,FortyFiveDown
2021-02-01T21:50:02,198,Flat
2021-02-01T21:55:02,217,DoubleUp
2021-02-01T22:00:02,220,Flat
2021-02-01T22:05:02,214,FortyFiveDown
2021-02-01T22:10:02,219,FortyFiveUp
2021-02-01T22:15:02,238,DoubleUp
2021-02-01T22:20:02,241,Flat
2021-02-01T22:25:02,225,DoubleDown
2021-02-01T22:30:02,217,FortyFiveDown
2021-02-01T22:35:02,224,FortyFiveUp
2021-02-01T22:40:02,205,DoubleDown
2021-02-01T22:45:02,202,Flat
2021-02-01T22:50:02,195,FortyFiveDown
2021-02-01T22:55:02,179,DoubleDown
2021-02-01T23:00:02,171,FortyFiveDown
2021-02-01T23:05:02,168,Flat
2021-02-01T23:10:02,159,FortyFiveDown
2021-02-01T23:15:02,149,SingleDown
2021-02-01T23:20:02,141,FortyFiveDown
2021-02-01T23:25:02,139,Flat
2021-02-01T23:30:02,147,FortyFiveUp
2021-02-01T23:35:02,159,SingleUp
2021-02-01T23:40:02,142,DoubleDown
2021-02-01T23:45:02,132,SingleDown
2021-02-01T23:50:02,138,FortyFiveUp
2021-02-01T23:55:02,153,DoubleUp
2021-02-02T00:00:02,158,FortyFiveUp
2021-02-02T00:05:03,164,FortyFiveUp
2021-02-02T00:10:02,163,Flat
2021-02-02T00:15:02,160,Flat
2021-02-02T00:20:02,154,FortyFiveDown
2021-02-02T00:25:02,145,FortyFiveDown
2021-02-02T00:30:02,156,SingleUp
2021-02-02T00:35:02,174,DoubleUp
2021-02-02T00:40:02,182,FortyFiveUp
2021-02-02T00:45:02,184,Flat
2021-02-02T00:50:03,187,Flat
2021-02-02T00:55:03,196,FortyFiveUp
2021-02-02T01:00:02,203,FortyFiveUp
2021-02-02T01:05:02,213,SingleUp
2021-02-02T01:10:02,217,Flat
2021-02-02T01:15:02,224,FortyFiveUp
2021-02-02T01:20:02,231,FortyFiveUp
2021-02-02T01:25:02,235,Flat
2021-02-02T01:30:02,233,Flat
2021-02-02T01:35:02,232,Flat
2021-02-02T01:40:02,236,Flat
2021-02-02T01:45:02,232,Flat
2021-02-02T01:50:02,231,Flat
2021-02-02T01:55:02,226,FortyFiveDown
2021-02-02T02:00:03,225,Flat
2021-02-02T02:05:02,224,Flat
2021-02-02T02:10:02,227,Flat
2021-02-02T02:15:02,223,Flat
2021-02-02T02:20:02,227,Flat
2021-02-02T02:25:02,227,Flat
2021-02-02T02:30:02,230,Flat
2021-02-02T02:35:02,230,Flat
2021-02-02T02:40:02,233,Flat
2021-02-02T02:45:03,234,Flat
2021-02-02T02:50:02,233,Flat
2021-02-02T02:55:02,225,FortyFiveDown
2021-02-02T03:00:02,232,FortyFiveUp
2021-02-02T03:05:03,242,FortyFiveUp
2021-02-02T03:10:03,246,Flat
2021-02-02T03:15:02,248,Flat
2021-02-02T03:20:02,249,Flat
2021-02-02T03:25:02,248,Flat
2021-02-02T03:30:02,247,Flat
2021-02-02T03:35:02,242,FortyFiveDown
2021-02-02T03:40:02,252,SingleUp
2021-02-02T03:45:02,267,DoubleUp
2021-02-02T03:50:02,270,Flat
2021-02-02T03:55:02,270,Flat
2021-02-02T04:00:02,261,FortyFiveDown
2021-02-02T04:05:02,272,SingleUp
2021-02-02T04:10:02,278,FortyFiveUp
2021-02-02T04:15:02,277,Flat
2021-02-02T04:20:02,268,FortyFiveDown
2021-02-02T04:25:02,262,FortyFiveDown
2021-02-02T04:30:03,266,Flat
2021-02-02T04:35:02,270,Flat
2021-02-02T04:40:02,284,SingleUp
2021-02-02T04:45:02,285,Flat
2021-02-02T04:50:02,281,Flat
2021-02-02T04:55:02,280,Flat
2021-02-02T05:00:02,281,Flat
2021-02-02T05:05:02,280,Flat
2021-02-02T05:10:03,281,Flat
2021-02-02T05:15:02,283,Flat
2021-02-02T05:20:03,286,Flat
2021-02-02T05:25:03,285,Flat
2021-02-02T05:30:03,283,Flat
2021-02-02T05:35:02,283,Flat
2021-02-02T05:40:03,284,Flat
2021-02-02T05:45:02,284,Flat
2021-02-02T05:50:03,280,Flat
2021-02-02T05:55:03,276,Flat
2021-02-02T06:00:03,275,Flat
2021-02-02T06:05:03,277,Flat
2021-02-02T06:10:02,275,Flat
2021-02-02T06:15:02,276,Flat
2021-02-02T06:20:03,275,Flat
2021-02-02T06:25:03,273,Flat
2021-02-02T06:30:03,272,Flat
2021-02-02T06:35:03,271,Flat
2021-02-02T06:40:02,267,Flat
2021-02-02T06:45:03,265,Flat
2021-02-02T06:50:03,267,Flat
2021-02-02T06:55:02,263,Flat
2021-02-02T07:00:03,264,Flat
2021-02-02T07:05:02,259,FortyFiveDown
2021-02-02T07:10:02,263,Flat
2021-02-02T07:15:02,266,Flat
2021-02-02T07:20:03,269,Flat
2021-02-02T07:25:02,269,Flat
2021-02-02T07:30:03,263,FortyFiveDown
2021-02-02T07:35:03,264,Flat
2021-02-02T07:40:03,261,Flat
2021-02-02T07:45:03,256,FortyFiveDown
2021-02-02T07:50:02,260,Flat
2021-02-02T07:55:02,262,Flat
2021-02-02T08:00:02,263,Flat
2021-02-02T08:05:03,265,Flat
2021-02-02T08:10:03,265,Flat
2021-02-02T08:15:03,263,Flat
2021-02-02T08:20:03,264,Flat
2021-02-02T08:25:02,266,Flat
2021-02-02T08:30:03,263,Flat
2021-02-02T08:35:03,262,Flat
2021-02-02T08:40:03,251,SingleDown
2021-02-02T08:45:03,239,SingleDown
2021-02-02T08:50:02,235,Flat
2021-02-02T08:55:03,243,FortyFiveUp
2021-02-02T09:00:03,260,DoubleUp
2021-02-02T09:05:02,266,FortyFiveUp
2021-02-02T09:10:03,268,Flat
2021-02-02T09:15:03,277,FortyFiveUp
2021-02-02T09:20:02,278,Flat
2021-02-02T09:25:03,284,FortyFiveUp
2021-02-02T09:30:03,296,SingleUp
2021-02-02T09:35:03,295,Flat
2021-02-02T09:40:03,294,Flat
2021-02-02T09:45:03,288,FortyFiveDown
2021-02-02T09:50:03,284,Flat
2021-02-02T09:55:03,275,FortyFiveDown
2021-02-02T10:00:03,262,SingleDown
2021-02-02T10:05:03,268,FortyFiveUp
2021-02-02T10:10:03,275,FortyFiveUp
2021-02-02T10:15:03,281,FortyFiveUp
2021-02-02T10:20:03,285,Flat
2021-02-02T10:25:03,293,FortyFiveUp
2021-02-02T10:30:02,286,FortyFiveDown
2021-02-02T10:35:03,288,Flat
2021-02-02T10:40:03,289,Flat
2021-02-02T10:45:03,288,Flat
2021-02-02T10:50:03,286,Flat
2021-02-02T10:55:03,288,Flat
2021-02-02T11:00:03,291,Flat
2021-02-02T11:05:03,286,FortyFiveDown
2021-02-02T11:10:03,287,Flat
2021-02-02T11:15:03,283,Flat
2021-02-02T11:20:03,285,Flat
2021-02-02T11:25:03,295,SingleUp
2021-02-02T11:30:03,326,DoubleUp
2021-02-02T11:35:03,318,FortyFiveDown
2021-02-02T11:40:03,283,DoubleDown
2021-02-02T11:45:03,255,DoubleDown
2021-02-02T11:50:03,234,DoubleDown
2021-02-02T11:55:03,234,Flat
2021-02-02T12:00:03,236,Flat
2021-02-02T12:05:03,227,FortyFiveDown
2021-02-02T12:10:03,219,FortyFiveDown
2021-02-02T12:15:03,214,FortyFiveDown
2021-02-02T12:20:03,207,FortyFiveDown
2021-02-02T12:25:03,209,Flat
2021-02-02T12:30:03,206,Flat
2021-02-02T12:35:03,216,SingleUp
2021-02-02T12:40:03,233,DoubleUp
2021-02-02T12:45:03,224,FortyFiveDown
2021-02-02T12:50:03,212,SingleDown
2021-02-02T12:55:03,197,DoubleDown
2021-02-02T13:00:03,178,DoubleDown
2021-02-02T13:05:03,176,Flat
2021-02-02T13:10:04,172,Flat
2021-02-02T13:15:03,169,Flat
2021-02-02T13:20:03,174,FortyFiveUp
2021-02-02T13:25:03,170,Flat
2021-02-02T13:30:03,165,FortyFiveDown
2021-02-02T13:35:03,155,SingleDown
2021-02-02T13:40:03,146,FortyFiveDown
2021-02-02T13:45:04,149,Flat
2021-02-02T13:50:04,150,Flat
2021-02-02T13:55:03,148,Flat
2021-02-02T14:00:03,135,SingleDown
2021-02-02T14:05:03,119,DoubleDown
2021-02-02T14:10:03,109,SingleDown
2021-02-02T14:15:03,105,Flat
2021-02-02T14:20:03,99,FortyFiveDown
2021-02-02T14:25:03,100,Flat
2021-02-02T14:30:03,94,FortyFiveDown
2021-02-02T14:35:03,86,FortyFiveDown
2021-02-02T14:40:04,78,FortyFiveDown
2021-02-02T14:45:03,78,Flat
2021-02-02T14:50:04,90,SingleUp
2021-02-02T14:55:03,135,DoubleUp
2021-02-02T15:00:03,177,DoubleUp
2021-02-02T15:05:03,232,DoubleUp
2021-02-02T15:10:04,261,DoubleUp
2021-02-02T15:15:03,254,FortyFiveDown
2021-02-02T15:20:03,212,DoubleDown
2021-02-02T15:25:03,151,DoubleDown
2021-02-02T15:30:03,105,DoubleDown
2021-02-02T15:35:03,71,DoubleDown
2021-02-02T15:40:03,64,FortyFiveDown
2021-02-02T15:50:03,110,DoubleUp
2021-02-02T15:55:04,153,DoubleUp
2021-02-02T16:00:03,164,SingleUp
2021-02-02T16:05:03,139,DoubleDown
2021-02-02T16:10:04,125,SingleDown
2021-02-02T16:15:03,130,FortyFiveUp
2021-02-02T16:20:03,136,FortyFiveUp
2021-02-02T16:25:03,148,SingleUp
2021-02-02T16:30:03,158,SingleUp
2021-02-02T16:35:03,165,FortyFiveUp
2021-02-02T16:40:03,173,FortyFiveUp
2021-02-02T16:45:03,173,Flat
2021-02-02T16:50:03,204,DoubleUp
2021-02-02T16:55:03,240,DoubleUp
2021-02-02T17:00:03,249,FortyFiveUp
2021-02-02T17:05:03,261,SingleUp
2021-02-02T17:10:03,273,SingleUp
2021-02-02T17:15:04,265,FortyFiveDown
2021-02-02T17:20:04,261,Flat
2021-02-02T17:25:04,256,FortyFiveDown
2021-02-02T17:30:04,262,FortyFiveUp
2021-02-02T17:35:03,272,SingleUp
2021-02-02T17:40:03,285,SingleUp
2021-02-02T17:45:03,307,DoubleUp
2021-02-02T17:50:04,324,DoubleUp
2021-02-02T17:55:04,325,Flat
2021-02-02T18:00:04,327,Flat
2021-02-02T18:05:04,316,SingleDown
2021-02-02T18:10:04,301,DoubleDown
2021-02-02T18:15:04,268,DoubleDown
2021-02-02T18:20:04,231,DoubleDown
2021-02-02T18:25:04,192,DoubleDown
2021-02-02T18:30:03,163,DoubleDown
2021-02-02T18:35:03,136,DoubleDown
2021-02-02T18:40:04,113,DoubleDown
2021-02-02T18:45:03,102,SingleDown
2021-02-02T18:50:03,96,FortyFiveDown
2021-02-02T18:55:04,86,FortyFiveDown
2021-02-02T19:00:04,83,Flat
2021-02-02T19:05:03,77,FortyFiveDown
2021-02-02T19:10:03,74,Flat
2021-02-02T19:15:03,74,Flat
2021-02-02T19:20:04,78,Flat
2021-02-02T19:25:03,105,DoubleUp
2021-02-02T19:30:03,139,DoubleUp
2021-02-02T19:35:04,152,SingleUp
2021-02-02T19:40:04,154,Flat
2021-02-02T19:45:04,161,FortyFiveUp
2021-02-02T19:50:03,164,Flat
2021-02-02T19:55:03,156,FortyFiveDown
2021-02-02T20:00:04,145,SingleDown
2021-02-02T20:05:03,122,DoubleDown
2021-02-02T20:10:03,123,Flat
2021-02-02T20:15:04,137,SingleUp
2021-02-02T20:20:03,148,SingleUp
2021-02-02T20:25:03,148,Flat
2021-02-02T20:30:03,158,SingleUp
2021-02-02T20:35:04,163,Flat
2021-02-02T20:40:03,165,Flat
2021-02-02T20:45:03,166,Flat
2021-02-02T20:50:03,154,SingleDown
2021-02-02T20:55:04,140,SingleDown
2021-02-02T21:00:04,128,SingleDown
2021-02-02T21:05:04,117,SingleDown
2021-02-02T21:10:04,127,SingleUp
2021-02-02T21:15:04,132,FortyFiveUp
2021-02-02T21:20:03,137,FortyFiveUp
2021-02-02T21:25:04,128,FortyFiveDown
2021-02-02T21:30:04,114,SingleDown
2021-02-02T21:35:04,105,FortyFiveDown
2021-02-02T21:40:03,106,Flat
2021-02-02T21:45:04,112,FortyFiveUp
2021-02-02T21:50:04,117,FortyFiveUp
2021-02-02T21:55:04,134,DoubleUp
2021-02-02T22:00:03,139,FortyFiveUp
2021-02-02T22:05:04,146,FortyFiveUp
2021-02-02T22:10:03,149,Flat
2021-02-02T22:15:04,137,SingleDown
2021-02-02T22:20:04,140,Flat
2021-02-02T22:25:04,136,Flat
2021-02-02T22:30:04,103,DoubleDown
2021-02-02T22:35:04,87,DoubleDown
2021-02-02T22:40:04,98,SingleUp
2021-02-02T22:45:04,97,Flat
2021-02-02T22:50:04,89,FortyFiveDown
2021-02-02T22:55:04,80,FortyFiveDown
2021-02-02T23:00:03,73,FortyFiveDown
2021-02-02T23:05:04,69,Flat
2021-02-02T23:10:04,67,Flat
2021-02-02T23:15:03,78,SingleUp
2021-02-02T23:20:04,75,Flat
2021-02-02T23:25:04,77,Flat
2021-02-02T23:30:04,77,Flat
2021-02-02T23:35:03,87,SingleUp
2021-02-02T23:40:04,94,FortyFiveUp
2021-02-02T23:45:04,106,SingleUp
2021-02-02T23:50:04,116,SingleUp
2021-02-02T23:55:04,119,Flat
2021-02-03T00:00:04,122,Flat
2021-02-03T00:05:04,117,FortyFiveDown
2021-02-03T00:10:04,105,SingleDown
2021-02-03T00:15:04,128,DoubleUp
2021-02-03T00:20:04,143,DoubleUp
2021-02-03T00:25:04,151,FortyFiveUp
2021-02-03T00:30:04,164,SingleUp
2021-02-03T00:35:04,166,Flat
2021-02-03T00:40:04,167,Flat
2021-02-03T00:45:04,170,Flat
2021-02-03T00:50:04,166,Flat
2021-02-03T00:55:04,161,FortyFiveDown
2021-02-03T01:00:04,159,Flat
2021-02-03T01:05:04,156,Flat
2021-02-03T01:10:04,157,Flat
2021-02-03T01:15:04,156,Flat
2021-02-03T01:20:04,154,Flat
2021-02-03T01:25:04,157,Flat
2021-02-03T01:30:04,164,FortyFiveUp
2021-02-03T01:35:04,165,Flat
2021-02-03T01:40:04,168,Flat
2021-02-03T01:45:04,180,SingleUp
2021-02-03T01:50:04,183,Flat
2021-02-03T01:55:04,188,FortyFiveUp
2021-02-03T02:00:04,188,Flat
2021-02-03T02:05:04,193,FortyFiveUp
2021-02-03T02:10:04,206,SingleUp
2021-02-03T02:15:04,218,SingleUp
2021-02-03T02:20:04,229,SingleUp
2021-02-03T02:25:04,231,Flat
2021-02-03T02:30:04,230,Flat
2021-02-03T02:35:04,240,SingleUp
2021-02-03T02:40:04,254,SingleUp
2021-02-03T02:45:04,256,Flat
2021-02-03T02:50:04,259,Flat
2021-02-03T02:55:04,261,Flat
2021-02-03T03:00:04,263,Flat
2021-02-03T03:05:04,262,Flat
2021-02-03T03:10:04,259,Flat
2021-02-03T03:15:04,258,Flat
2021-02-03T03:20:04,254,Flat
2021-02-03T03:25:04,250,Flat
2021-02-03T03:30:04,259,FortyFiveUp
2021-02-03T03:35:04,255,Flat
2021-02-03T03:40:04,251,Flat
2021-02-03T03:45:04,251,Flat
2021-02-03T03:50:05,258,FortyFiveUp
2021-02-03T03:55:04,260,Flat
2021-02-03T04:00:05,255,Flat
2021-02-03T04:05:04,260,FortyFiveUp
2021-02-03T04:10:04,263,Flat
2021-02-03T04:15:04,263,Flat
2021-02-03T04:20:04,263,Flat
2021-02-03T04:25:04,262,Flat
2021-02-03T04:30:04,264,Flat
2021-02-03T04:35:04,265,Flat
2021-02-03T04:40:04,267,Flat
2021-02-03T04:45:04,270,Flat
2021-02-03T04:50:04,268,Flat
2021-02-03T04:55:04,266,Flat
2021-02-03T05:00:04,261,FortyFiveDown
2021-02-03T05:05:04,261,Flat
2021-02-03T05:10:05,269,FortyFiveUp
2021-02-03T05:15:04,273,Flat
2021-02-03T05:20:04,276,Flat
2021-02-03T05:25:05,287,SingleUp
2021-02-03T05:30:04,284,Flat
2021-02-03T05:35:05,286,Flat
2021-02-03T05:40:04,284,Flat
2021-02-03T05:45:04,274,SingleDown
2021-02-03T05:50:05,272,Flat
2021-02-03T05:55:04,280,FortyFiveUp
2021-02-03T06:00:04,281,Flat
2021-02-03T06:05:05,289,FortyFiveUp
2021-02-03T06:10:04,288,Flat
2021-02-03T06:15:04,289,Flat
2021-02-03T06:20:05,299,FortyFiveUp
2021-02-03T06:25:04,305,FortyFiveUp
2021-02-03T06:30:04,306,Flat
2021-02-03T06:35:04,305,Flat
2021-02-03T06:40:04,298,FortyFiveDown
2021-02-03T06:45:04,307,FortyFiveUp
2021-02-03T06:50:04,312,FortyFiveUp
2021-02-03T06:55:04,313,Flat
2021-02-03T07:00:04,302,SingleDown
2021-02-03T07:05:05,302,Flat
2021-02-03T07:10:04,301,Flat
2021-02-03T07:15:04,303,Flat
2021-02-03T07:20:05,297,FortyFiveDown
2021-02-03T07:25:05,290,FortyFiveDown
2021-02-03T07:30:05,299,FortyFiveUp
2021-02-03T07:35:04,307,FortyFiveUp
2021-02-03T07:40:04,294,SingleDown
2021-02-03T07:45:05,281,SingleDown
2021-02-03T07:50:05,280,Flat
2021-02-03T07:55:04,283,Flat
2021-02-03T08:00:04,289,FortyFiveUp
2021-02-03T08:05:05,298,FortyFiveUp
2021-02-03T08:10:05,302,Flat
2021-02-03T08:15:04,298,Flat
2021-02-03T08:20:04,289,FortyFiveDown
2021-02-03T08:25:05,291,Flat
2021-02-03T08:30:04,289,Flat
2021-02-03T08:35:04,284,FortyFiveDown
2021-02-03T08:40:04,264,DoubleDown
2021-02-03T08:45:04,242,DoubleDown
2021-02-03T08:50:04,237,FortyFiveDown
2021-02-03T08:55:05,225,SingleDown
2021-02-03T09:00:05,213,SingleDown
2021-02-03T09:05:05,202,SingleDown
2021-02-03T09:10:05,190,SingleDown
2021-02-03T09:15:04,177,SingleDown
2021-02-03T09:20:05,169,FortyFiveDown
2021-02-03T09:25:04,158,SingleDown
2021-02-03T09:30:05,148,FortyFiveDown
2021-02-03T09:35:05,143,FortyFiveDown
2021-02-03T09:40:04,139,Flat
2021-02-03T09:45:04,138,Flat
2021-02-03T09:50:05,126,SingleDown
2021-02-03T09:55:05,118,FortyFiveDown
2021-02-03T10:00:04,115,Flat
2021-02-03T10:05:04,116,Flat
2021-02-03T10:10:05,116,Flat
2021-02-03T10:15:04,117,Flat
2021-02-03T10:20:05,116,Flat
2021-02-03T10:25:05,113,Flat
2021-02-03T10:30:05,107,FortyFiveDown
2021-02-03T10:35:05,108,Flat
2021-02-03T10:40:05,104,Flat
2021-02-03T10:45:05,105,Flat
2021-02-03T10:50:05,101,Flat
2021-02-03T10:55:05,114,SingleUp
2021-02-03T11:00:05,134,DoubleUp
2021-02-03T11:05:04,146,SingleUp
2021-02-03T11:10:04,140,FortyFiveDown
2021-02-03T11:15:05,139,Flat
2021-02-03T11:20:05,143,Flat
2021-02-03T11:25:05,168,DoubleUp
2021-02-03T11:30:04,187,DoubleUp
2021-02-03T11:35:05,190,Flat
2021-02-03T11:40:05,176,SingleDown
2021-02-03T11:45:04,166,SingleDown
2021-02-03T11:50:05,130,DoubleDown
2021-02-03T11:55:05,100,DoubleDown
2021-02-03T12:00:05,92,FortyFiveDown
2021-02-03T12:05:04,92,Flat
2021-02-03T12:10:05,93,Flat
2021-02-03T12:15:05,95,Flat
2021-02-03T12:20:05,96,Flat
2021-02-03T12:25:05,96,Flat
2021-02-03T12:30:05,89,FortyFiveDown
2021-02-03T12:35:05,86,Flat
2021-02-03T12:40:05,81,FortyFiveDown
2021-02-03T12:45:05,85,Flat
2021-02-03T12:50:04,89,Flat
2021-02-03T12:55:04,92,Flat
2021-02-03T13:00:04,95,Flat
2021-02-03T13:05:05,95,Flat
2021-02-03T13:10:05,99,Flat
2021-02-03T13:15:05,99,Flat
2021-02-03T13:20:04,103,Flat
2021-02-03T13:25:05,110,FortyFiveUp
2021-02-03T13:30:05,100,SingleDown
2021-02-03T13:35:05,91,FortyFiveDown
2021-02-03T13:40:05,86,FortyFiveDown
2021-02-03T13:45:05,79,FortyFiveDown
2021-02-03T13:50:04,81,Flat
2021-02-03T13:55:05,85,Flat
2021-02-03T14:00:05,93,FortyFiveUp
2021-02-03T14:05:05,102,FortyFiveUp
2021-02-03T14:10:05,102,Flat
2021-02-03T14:15:05,111,FortyFiveUp
2021-02-03T14:20:04,133,DoubleUp
2021-02-03T14:25:05,154,DoubleUp
2021-02-03T14:30:05,193,DoubleUp
2021-02-03T14:35:05,208,DoubleUp
2021-02-03T14:40:05,199,FortyFiveDown
2021-02-03T14:45:04,180,DoubleDown
2021-02-03T14:50:05,195,SingleUp
2021-02-03T14:55:05,216,DoubleUp
2021-02-03T15:00:05,221,FortyFiveUp
2021-02-03T15:05:05,212,FortyFiveDown
2021-02-03T15:10:05,187,DoubleDown
2021-02-03T15:15:05,181,FortyFiveDown
2021-02-03T15:20:05,172,FortyFiveDown
2021-02-03T15:25:05,172,Flat
2021-02-03T15:30:05,173,Flat
2021-02-03T15:35:05,176,Flat
2021-02-03T15:40:05,186,SingleUp
2021-02-03T15:45:05,190,Flat
2021-02-03T15:50:05,198,FortyFiveUp
2021-02-03T15:55:05,205,FortyFiveUp
2021-02-03T16:00:05,209,Flat
2021-02-03T16:05:05,216,FortyFiveUp
2021-02-03T16:10:05,230,SingleUp
2021-02-03T16:15:05,240,SingleUp
2021-02-03T16:20:05,254,SingleUp
2021-02-03T16:25:05,276,DoubleUp
2021-02-03T16:30:05,274,Flat
2021-02-03T16:35:05,279,FortyFiveUp
2021-02-03T16:40:05,288,FortyFiveUp
2021-02-03T16:45:05,274,SingleDown
2021-02-03T16:50:05,264,SingleDown
2021-02-03T16:55:05,252,SingleDown
2021-02-03T17:00:05,221,DoubleDown
2021-02-03T17:05:05,198,DoubleDown
2021-02-03T17:10:05,179,DoubleDown
2021-02-03T17:15:05,165,SingleDown
2021-02-03T17:20:05,148,DoubleDown
2021-02-03T17:25:05,137,SingleDown
2021-02-03T17:30:05,133,Flat
2021-02-03T17:35:05,135,Flat
2021-02-03T17:40:05,140,FortyFiveUp
2021-02-03T17:45:05,134,FortyFiveDown
2021-02-03T17:50:05,129,FortyFiveDown
2021-02-03T17:55:05,121,FortyFiveDown
2021-02-03T18:00:05,123,Flat
2021-02-03T18:05:05,123,Flat
2021-02-03T18:10:05,125,Flat
2021-02-03T18:15:05,123,Flat
2021-02-03T18:20:05,135,SingleUp
2021-02-03T18:25:05,138,Flat
2021-02-03T18:30:06,133,Flat
2021-02-03T18:35:05,124,FortyFiveDown
2021-02-03T18:40:05,102,DoubleDown
2021-02-03T18:45:05,95,FortyFiveDown
2021-02-03T18:50:05,90,FortyFiveDown
2021-02-03T18:55:05,83,FortyFiveDown
2021-02-03T19:00:06,78,Flat
2021-02-03T19:05:05,76,Flat
2021-02-03T19:10:05,86,SingleUp
2021-02-03T19:15:05,118,DoubleUp
2021-02-03T19:20:05,125,FortyFiveUp
2021-02-03T19:25:05,125,Flat
2021-02-03T19:30:05,151,DoubleUp
2021-02-03T19:35:05,150,Flat
2021-02-03T19:40:05,154,Flat
2021-02-03T19:45:06,178,DoubleUp
2021-02-03T19:50:05,195,DoubleUp
2021-02-03T19:55:05,205,SingleUp
2021-02-03T20:00:05,207,Flat
2021-02-03T20:05:05,188,DoubleDown
2021-02-03T20:10:05,162,DoubleDown
2021-02-03T20:15:05,156,FortyFiveDown
2021-02-03T20:20:05,150,FortyFiveDown
2021-02-03T20:25:05,154,Flat
2021-02-03T20:30:06,153,Flat
2021-02-03T20:35:06,162,FortyFiveUp
2021-02-03T20:40:05,160,Flat
2021-02-03T20:45:05,169,FortyFiveUp
2021-02-03T20:50:05,167,Flat
2021-02-03T20:55:06,157,FortyFiveDown
2021-02-03T21:00:06,145,SingleDown
2021-02-03T21:05:06,151,FortyFiveUp
2021-02-03T21:10:05,157,FortyFiveUp
2021-02-03T21:15:05,152,FortyFiveDown
2021-02-03T21:20:05,154,Flat
2021-02-03T21:25:05,189,DoubleUp
2021-02-03T21:30:05,223,DoubleUp
2021-02-03T21:35:05,254,DoubleUp
2021-02-03T21:40:05,252,Flat
2021-02-03T21:45:05,248,Flat
2021-02-03T21:50:06,261,SingleUp
2021-02-03T21:55:06,264,Flat
2021-02-03T22:00:05,239,DoubleDown
2021-02-03T22:05:06,218,DoubleDown
2021-02-03T22:10:06,188,DoubleDown
2021-02-03T22:15:06,168,DoubleDown
2021-02-03T22:20:06,155,SingleDown
2021-02-03T22:25:05,152,Flat
2021-02-03T22:30:05,134,DoubleDown
2021-02-03T22:35:05,133,Flat
2021-02-03T22:40:05,146,SingleUp
2021-02-03T22:45:06,150,Flat
2021-02-03T22:50:06,152,Flat
2021-02-03T22:55:06,148,Flat
2021-02-03T23:00:05,146,Flat
2021-02-03T23:05:06,151,Flat
2021-02-03T23:10:05,145,FortyFiveDown
2021-02-03T23:15:05,144,Flat
2021-02-03T23:20:05,135,FortyFiveDown
2021-02-03T23:25:06,130,Flat
2021-02-03T23:30:05,131,Flat
2021-02-03T23:35:06,133,Flat
2021-02-03T23:40:06,135,Flat
2021-02-03T23:45:05,134,Flat
2021-02-03T23:50:05,124,SingleDown
2021-02-03T23:55:06,102,DoubleDown
2021-02-04T00:00:06,107,FortyFiveUp
2021-02-04T00:05:06,115,FortyFiveUp
2021-02-04T00:10:06,132,DoubleUp
2021-02-04T00:15:05,134,Flat
2021-02-04T00:20:05,129,FortyFiveDown
2021-02-04T00:25:06,130,Flat
2021-02-04T00:30:05,129,Flat
2021-02-04T00:35:05,124,FortyFiveDown
2021-02-04T00:40:05,129,FortyFiveUp
2021-02-04T00:45:05,135,FortyFiveUp
2021-02-04T00:50:06,140,Flat
2021-02-04T00:55:06,140,Flat
2021-02-04T01:00:06,142,Flat
2021-02-04T01:05:06,147,FortyFiveUp
2021-02-04T01:10:05,151,Flat
2021-02-04T01:15:05,147,Flat
2021-02-04T01:20:06,157,FortyFiveUp
2021-02-04T01:25:06,170,SingleUp
2021-02-04T01:30:06,171,Flat
2021-02-04T01:35:05,178,FortyFiveUp
2021-02-04T01:40:05,178,Flat
2021-02-04T01:45:06,178,Flat
2021-02-04T01:50:05,179,Flat
2021-02-04T01:55:05,175,Flat
2021-02-04T02:00:06,178,Flat
2021-02-04T02:05:05,180,Flat
2021-02-04T02:10:05,188,FortyFiveUp
2021-02-04T02:15:06,193,Flat
2021-02-04T02:20:06,198,FortyFiveUp
2021-02-04T02:25:06,198,Flat
2021-02-04T02:30:06,201,Flat
2021-02-04T02:35:06,204,Flat
2021-02-04T02:40:06,208,Flat
2021-02-04T02:45:06,210,Flat
2021-02-04T02:50:06,212,Flat
2021-02-04T02:55:05,214,Flat
2021-02-04T03:00:06,216,Flat
2021-02-04T03:05:06,218,Flat
2021-02-04T03:10:06,217,Flat
2021-02-04T03:15:05,214,Flat
2021-02-04T03:20:05,218,Flat
2021-02-04T03:25:05,228,SingleUp
2021-02-04T03:30:06,228,Flat
2021-02-04T03:35:06,230,Flat
2021-02-04T03:40:06,233,Flat
2021-02-04T03:45:06,236,Flat
2021-02-04T03:50:05,236,Flat
2021-02-04T03:55:06,232,Flat
2021-02-04T04:00:06,207,DoubleDown
2021-02-04T04:05:05,219,SingleUp
2021-02-04T04:10:06,237,DoubleUp
2021-02-04T04:15:06,241,Flat
2021-02-04T04:20:06,241,Flat
2021-02-04T04:25:06,241,Flat
2021-02-04T04:30:06,242,Flat
2021-02-04T04:35:06,242,Flat
2021-02-04T04:40:06,246,Flat
2021-02-04T04:45:06,242,Flat
2021-02-04T04:50:06,237,FortyFiveDown
2021-02-04T04:55:06,234,Flat
2021-02-04T05:00:06,233,Flat
2021-02-04T05:05:06,232,Flat
2021-02-04T05:10:06,217,DoubleDown
2021-02-04T05:15:06,215,Flat
2021-02-04T05:20:06,225,SingleUp
2021-02-04T05:25:06,232,FortyFiveUp
2021-02-04T05:30:06,239,FortyFiveUp
2021-02-04T05:35:06,243,Flat
2021-02-04T05:40:06,249,FortyFiveUp
2021-02-04T05:45:06,255,FortyFiveUp
2021-02-04T05:50:06,255,Flat
2021-02-04T05:55:06,259,Flat
2021-02-04T06:00:06,260,Flat
2021-02-04T06:05:06,261,Flat
2021-02-04T06:10:06,262,Flat
2021-02-04T06:15:06,264,Flat
2021-02-04T06:20:06,266,Flat
2021-02-04T06:25:06,266,Flat
2021-02-04T06:30:07,266,Flat
2021-02-04T06:35:06,267,Flat
2021-02-04T06:40:06,270,Flat
2021-02-04T06:45:06,266,Flat
2021-02-04T06:50:06,265,Flat
2021-02-04T06:55:06,262,Flat
2021-02-04T07:00:06,263,Flat
2021-02-04T07:05:06,261,Flat
2021-02-04T07:10:06,264,Flat
2021-02-04T07:15:06,259,FortyFiveDown
2021-02-04T07:20:06,266,FortyFiveUp
2021-02-04T07:25:06,261,FortyFiveDown
2021-02-04T07:30:06,260,Flat
2021-02-04T07:35:07,261,Flat
2021-02-04T07:40:06,258,Flat
2021-02-04T07:45:06,242,DoubleDown
2021-02-04T07:50:06,242,Flat
2021-02-04T07:55:06,244,Flat
2021-02-04T08:00:06,259,DoubleUp
2021-02-04T08:05:06,273,SingleUp
2021-02-04T08:10:06,286,SingleUp
2021-02-04T08:15:06,284,Flat
2021-02-04T08:20:06,292,FortyFiveUp
2021-02-04T08:25:06,291,Flat
2021-02-04T08:30:06,291,Flat
2021-02-04T08:35:07,296,Flat
2021-02-04T08:40:06,298,Flat
2021-02-04T08:45:06,304,FortyFiveUp
2021-02-04T08:50:06,313,FortyFiveUp
2021-02-04T08:55:06,307,FortyFiveDown
2021-02-04T09:00:06,295,SingleDown
2021-02-04T09:05:06,285,SingleDown
2021-02-04T09:10:07,282,Flat
2021-02-04T09:15:06,287,FortyFiveUp
2021-02-04T09:20:06,288,Flat
2021-02-04T09:25:06,285,Flat
2021-02-04T09:30:06,291,FortyFiveUp
2021-02-04T09:35:06,291,Flat
2021-02-04T09:40:06,286,FortyFiveDown
2021-02-04T09:45:07,282,Flat
2021-02-04T09:50:06,279,Flat
2021-02-04T09:55:06,268,SingleDown
2021-02-04T10:00:07,262,FortyFiveDown
2021-02-04T10:05:07,255,FortyFiveDown
2021-02-04T10:10:06,247,FortyFiveDown
2021-02-04T10:15:07,243,Flat
2021-02-04T10:20:06,241,Flat
2021-02-04T10:25:06,233,FortyFiveDown
2021-02-04T10:30:07,232,Flat
2021-02-04T10:35:06,222,SingleDown
2021-02-04T10:40:06,214,FortyFiveDown
2021-02-04T10:45:07,229,SingleUp
2021-02-04T10:50:07,250,DoubleUp
2021-02-04T10:55:06,276,DoubleUp
2021-02-04T11:00:06,305,DoubleUp
2021-02-04T11:05:06,318,SingleUp
2021-02-04T11:10:07,330,SingleUp
2021-02-04T11:15:06,330,Flat
2021-02-04T11:20:07,304,DoubleDown
2021-02-04T11:25:06,283,DoubleDown
2021-02-04T11:30:07,273,FortyFiveDown
2021-02-04T11:35:07,261,SingleDown
2021-02-04T11:40:06,247,SingleDown
2021-02-04T11:45:07,231,DoubleDown
2021-02-04T11:50:07,219,SingleDown
2021-02-04T11:55:07,203,DoubleDown
2021-02-04T12:00:06,186,DoubleDown
2021-02-04T12:05:06,181,FortyFiveDown
2021-02-04T12:10:07,167,SingleDown
2021-02-04T12:15:07,165,Flat
2021-02-04T12:20:07,167,Flat
2021-02-04T12:25:06,155,SingleDown
2021-02-04T12:30:06,154,Flat
2021-02-04T12:35:07,151,Flat
2021-02-04T12:40:06,151,Flat
2021-02-04T12:45:07,145,FortyFiveDown
2021-02-04T12:50:07,137,FortyFiveDown
2021-02-04T12:55:06,129,FortyFiveDown
2021-02-04T13:00:07,127,Flat
2021-02-04T13:05:06,127,Flat
2021-02-04T13:10:06,137,SingleUp
2021-02-04T13:15:06,133,Flat
2021-02-04T13:20:07,127,FortyFiveDown
2021-02-04T13:25:07,139,SingleUp
2021-02-04T13:30:07,140,Flat
2021-02-04T13:35:07,113,DoubleDown
2021-02-04T13:40:06,107,FortyFiveDown
2021-02-04T13:45:07,113,FortyFiveUp
2021-02-04T13:50:07,98,DoubleDown
2021-02-04T13:55:07,95,Flat
2021-02-04T14:00:06,96,Flat
2021-02-04T14:05:07,89,FortyFiveDown
2021-02-04T14:10:06,105,DoubleUp
2021-02-04T14:15:06,124,DoubleUp
2021-02-04T14:20:07,130,FortyFiveUp
2021-02-04T14:25:07,139,FortyFiveUp
2021-02-04T14:30:07,135,Flat
2021-02-04T14:35:07,130,FortyFiveDown
2021-02-04T14:40:06,137,FortyFiveUp
2021-02-04T14:45:07,140,Flat
2021-02-04T14:50:07,136,Flat
2021-02-04T14:55:06,152,DoubleUp
2021-02-04T15:00:07,164,SingleUp
2021-02-04T15:05:07,183,DoubleUp
2021-02-04T15:10:07,180,Flat
2021-02-04T15:15:07,181,Flat
2021-02-04T15:20:07,192,SingleUp
2021-02-04T15:25:07,191,Flat
2021-02-04T15:30:07,193,Flat
2021-02-04T15:35:07,191,Flat
2021-02-04T15:40:06,193,Flat
2021-02-04T15:45:06,198,FortyFiveUp
2021-02-04T15:50:07,204,FortyFiveUp
2021-02-04T15:55:06,207,Flat
2021-02-04T16:00:07,211,Flat
2021-02-04T16:05:07,221,SingleUp
2021-02-04T16:10:06,228,FortyFiveUp
2021-02-04T16:15:07,240,SingleUp
2021-02-04T16:20:07,246,FortyFiveUp
2021-02-04T16:25:07,240,FortyFiveDown
2021-02-04T16:30:07,242,Flat
2021-02-04T16:35:07,235,FortyFiveDown
2021-02-04T16:40:07,219,DoubleDown
2021-02-04T16:45:07,206,SingleDown
2021-02-04T16:50:06,185,DoubleDown
2021-02-04T16:55:07,167,DoubleDown
2021-02-04T17:00:07,147,DoubleDown
2021-02-04T17:05:07,126,DoubleDown
2021-02-04T17:10:06,112,SingleDown
2021-02-04T17:15:07,108,Flat
2021-02-04T17:20:07,105,Flat
2021-02-04T17:25:07,97,FortyFiveDown
2021-02-04T17:30:06,91,FortyFiveDown
2021-02-04T17:35:07,96,Flat
2021-02-04T17:40:07,97,Flat
2021-02-04T17:45:07,92,FortyFiveDown
2021-02-04T17:50:07,80,SingleDown
2021-02-04T17:55:07,76,Flat
2021-02-04T18:00:07,74,Flat
2021-02-04T18:05:07,90,DoubleUp
2021-02-04T18:10:07,128,DoubleUp
2021-02-04T18:15:07,152,DoubleUp
2021-02-04T18:20:07,149,Flat
2021-02-04T18:25:07,140,FortyFiveDown
2021-02-04T18:30:07,129,SingleDown
2021-02-04T18:35:07,116,SingleDown
2021-02-04T18:40:07,103,SingleDown
2021-02-04T18:45:07,92,SingleDown
2021-02-04T18:50:07,81,SingleDown
2021-02-04T18:55:07,80,Flat
2021-02-04T19:00:07,78,Flat
2021-02-04T19:05:07,74,Flat
2021-02-04T19:10:07,73,Flat
2021-02-04T19:15:07,94,DoubleUp
2021-02-04T19:20:07,123,DoubleUp
2021-02-04T19:25:07,113,SingleDown
2021-02-04T19:30:07,100,SingleDown
2021-02-04T19:35:07,90,SingleDown
2021-02-04T19:40:08,108,DoubleUp
2021-02-04T19:45:07,154,DoubleUp
2021-02-04T19:50:07,195,DoubleUp
2021-02-04T19:55:07,220,DoubleUp
2021-02-04T20:00:08,241,DoubleUp
2021-02-04T20:05:07,251,SingleUp
2021-02-04T20:10:07,258,FortyFiveUp
2021-02-04T20:15:07,260,Flat
2021-02-04T20:20:07,264,Flat
2021-02-04T20:25:07,273,FortyFiveUp
2021-02-04T20:30:07,271,Flat
2021-02-04T20:35:07,250,DoubleDown
2021-02-04T20:40:07,236,SingleDown
2021-02-04T20:45:07,234,Flat
2021-02-04T20:50:07,222,SingleDown
2021-02-04T20:55:07,229,FortyFiveUp
2021-02-04T21:00:07,247,DoubleUp
2021-02-04T21:05:07,243,Flat
2021-02-04T21:10:07,236,FortyFiveDown
2021-02-04T21:15:07,227,FortyFiveDown
2021-02-04T21:20:08,219,FortyFiveDown
2021-02-04T21:25:07,218,Flat
2021-02-04T21:30:07,228,SingleUp
2021-02-04T21:35:08,225,Flat
2021-02-04T21:40:07,217,FortyFiveDown
2021-02-04T21:45:07,216,Flat
2021-02-04T21:50:08,214,Flat
2021-02-04T21:55:07,227,SingleUp
2021-02-04T22:00:07,220,FortyFiveDown
2021-02-04T22:05:07,222,Flat
2021-02-04T22:10:07,218,Flat
2021-02-04T22:15:07,206,SingleDown
2021-02-04T22:20:07,216,SingleUp
2021-02-04T22:25:07,218,Flat
2021-02-04T22:30:07,216,Flat
2021-02-04T22:35:08,212,Flat
2021-02-04T22:40:07,211,Flat
2021-02-04T22:45:07,213,Flat
2021-02-04T22:50:07,218,FortyFiveUp
2021-02-04T22:55:07,228,SingleUp
2021-02-04T23:00:07,228,Flat
2021-02-04T23:05:07,239,SingleUp
2021-02-04T23:10:08,243,Flat
2021-02-04T23:15:07,240,Flat
2021-02-04T23:20:07,246,FortyFiveUp
2021-02-04T23:25:07,253,FortyFiveUp
2021-02-04T23:30:08,255,Flat
2021-02-04T23:35:07,262,FortyFiveUp
2021-02-04T23:40:07,282,DoubleUp
2021-02-04T23:45:07,280,Flat
2021-02-04T23:50:07,265,DoubleDown
2021-02-04T23:55:08,261,Flat
2021-02-05T00:00:08,260,Flat
2021-02-05T00:05:08,263,Flat
2021-02-05T00:10:07,260,Flat
2021-02-05T00:15:07,238,DoubleDown
2021-02-05T00:20:07,217,DoubleDown
2021-02-05T00:25:08,207,FortyFiveDown
2021-02-05T00:30:07,207,Flat
2021-02-05T00:35:07,208,Flat
2021-02-05T00:40:07,222,SingleUp
2021-02-05T00:45:07,217,FortyFiveDown
2021-02-05T00:50:08,209,FortyFiveDown
2021-02-05T00:55:07,196,SingleDown
2021-02-05T01:00:07,176,DoubleDown
2021-02-05T01:05:08,172,Flat
2021-02-05T01:10:08,167,FortyFiveDown
2021-02-05T01:15:07,168,Flat
2021-02-05T01:20:07,154,SingleDown
2021-02-05T01:25:07,142,SingleDown
2021-02-05T01:30:07,144,Flat
2021-02-05T01:35:07,146,Flat
2021-02-05T01:40:07,163,DoubleUp
2021-02-05T01:45:08,172,FortyFiveUp
2021-02-05T01:50:07,181,FortyFiveUp
2021-02-05T01:55:07,189,FortyFiveUp
2021-02-05T02:00:08,201,SingleUp
2021-02-05T02:05:07,202,Flat
2021-02-05T02:10:08,207,Flat
2021-02-05T02:15:08,212,FortyFiveUp
2021-02-05T02:20:08,215,Flat
2021-02-05T02:25:07,216,Flat
2021-02-05T02:30:08,220,Flat
2021-02-05T02:35:08,225,FortyFiveUp
2021-02-05T02:40:07,229,Flat
2021-02-05T02:45:08,236,FortyFiveUp
2021-02-05T02:50:08,232,Flat
2021-02-05T02:55:08,228,Flat
2021-02-05T03:00:08,242,SingleUp
2021-02-05T03:05:07,259,DoubleUp
2021-02-05T03:10:07,256,Flat
2021-02-05T03:15:08,253,Flat
2021-02-05T03:20:07,256,Flat
2021-02-05T03:25:08,266,FortyFiveUp
2021-02-05T03:30:07,268,Flat
2021-02-05T03:35:08,269,Flat
2021-02-05T03:40:08,273,Flat
2021-02-05T03:45:07,277,Flat
2021-02-05T03:50:08,279,Flat
2021-02-05T03:55:07,278,Flat
2021-02-05T04:00:07,279,Flat
2021-02-05T04:05:07,280,Flat
2021-02-05T04:10:07,286,FortyFiveUp
2021-02-05T04:15:08,277,FortyFiveDown
2021-02-05T04:20:07,278,Flat
2021-02-05T04:25:08,294,DoubleUp
2021-02-05T04:30:07,301,FortyFiveUp
2021-02-05T04:35:07,318,DoubleUp
2021-02-05T04:40:07,312,FortyFiveDown
2021-02-05T04:45:07,305,FortyFiveDown
2021-02-05T04:50:07,296,FortyFiveDown
2021-02-05T04:55:08,290,FortyFiveDown
2021-02-05T05:00:07,295,FortyFiveUp
2021-02-05T05:05:08,285,FortyFiveDown
2021-02-05T05:10:08,270,DoubleDown
2021-02-05T05:15:08,271,Flat
2021-02-05T05:20:07,274,Flat
2021-02-05T05:25:07,279,FortyFiveUp
2021-02-05T05:30:07,286,FortyFiveUp
2021-02-05T05:35:07,294,FortyFiveUp
2021-02-05T05:40:08,304,FortyFiveUp
2021-02-05T05:45:07,306,Flat
2021-02-05T05:50:08,302,Flat
2021-02-05T05:55:08,299,Flat
2021-02-05T06:00:07,293,FortyFiveDown
2021-02-05T06:05:08,292,Flat
2021-02-05T06:10:08,291,Flat
2021-02-05T06:15:07,291,Flat
2021-02-05T06:20:08,293,Flat
2021-02-05T06:25:08,299,FortyFiveUp
2021-02-05T06:30:07,300,Flat
2021-02-05T06:35:08,293,FortyFiveDown
2021-02-05T06:40:07,295,Flat
2021-02-05T06:45:07,297,Flat
2021-02-05T06:50:08,295,Flat
2021-02-05T06:55:08,294,Flat
2021-02-05T07:00:07,294,Flat
2021-02-05T07:05:08,290,Flat
2021-02-05T07:10:08,290,Flat
2021-02-05T07:15:08,287,Flat
2021-02-05T07:20:08,286,Flat
2021-02-05T07:25:08,278,FortyFiveDown
2021-02-05T07:30:08,273,FortyFiveDown
2021-02-05T07:35:08,281,FortyFiveUp
2021-02-05T07:40:08,282,Flat
2021-02-05T07:45:08,277,FortyFiveDown
2021-02-05T07:50:08,274,Flat
2021-02-05T07:55:07,266,FortyFiveDown
2021-02-05T08:00:08,266,Flat
2021-02-05T08:05:08,268,Flat
2021-02-05T08:10:08,266,Flat
2021-02-05T08:15:08,257,FortyFiveDown
2021-02-05T08:20:08,251,FortyFiveDown
2021-02-05T08:25:08,251,Flat
2021-02-05T08:30:08,241,SingleDown
2021-02-05T08:35:08,245,Flat
2021-02-05T08:40:08,251,FortyFiveUp
2021-02-05T08:45:08,249,Flat
2021-02-05T08:50:08,244,FortyFiveDown
2021-02-05T08:55:08,247,Flat
2021-02-05T09:00:08,247,Flat
2021-02-05T09:05:08,250,Flat
2021-02-05T09:10:08,243,FortyFiveDown
2021-02-05T09:15:08,244,Flat
2021-02-05T09:20:08,248,Flat
2021-02-05T09:25:08,243,FortyFiveDown
2021-02-05T09:30:08,232,SingleDown
2021-02-05T09:35:08,236,Flat
2021-02-05T09:40:08,240,Flat
2021-02-05T09:45:08,236,Flat
2021-02-05T09:50:08,231,FortyFiveDown
2021-02-05T09:55:08,233,Flat
2021-02-05T10:00:09,238,Flat
2021-02-05T10:05:08,238,Flat
2021-02-05T10:10:08,233,FortyFiveDown
2021-02-05T10:15:08,228,FortyFiveDown
2021-02-05T10:20:08,230,Flat
2021-02-05T10:25:09,225,Flat
2021-02-05T10:30:08,225,Flat
2021-02-05T10:35:08,221,Flat
2021-02-05T10:40:08,219,Flat
2021-02-05T10:45:09,211,FortyFiveDown
2021-02-05T10:50:08,217,FortyFiveUp
2021-02-05T10:55:08,231,SingleUp
2021-02-05T11:00:08,223,FortyFiveDown
2021-02-05T11:05:08,213,SingleDown
2021-02-05T11:10:08,221,FortyFiveUp
2021-02-05T11:15:08,235,SingleUp
2021-02-05T11:20:08,237,Flat
2021-02-05T11:25:08,226,SingleDown
2021-02-05T11:30:08,229,Flat
2021-02-05T11:35:08,238,FortyFiveUp
2021-02-05T11:40:08,249,SingleUp
2021-02-05T11:45:08,259,SingleUp
2021-02-05T11:50:08,256,Flat
2021-02-05T11:55:08,254,Flat
2021-02-05T12:00:08,251,Flat
2021-02-05T12:05:08,249,Flat
2021-02-05T12:10:08,247,Flat
2021-02-05T12:15:08,244,Flat
2021-02-05T12:20:08,243,Flat
2021-02-05T12:25:08,243,Flat
2021-02-05T12:30:09,243,Flat
2021-02-05T12:35:08,242,Flat
2021-02-05T12:40:09,247,Flat
2021-02-05T12:45:08,249,Flat
2021-02-05T12:50:09,251,Flat
2021-02-05T12:55:08,250,Flat
2021-02-05T13:00:08,251,Flat
2021-02-05T13:05:08,259,FortyFiveUp
2021-02-05T13:10:09,263,Flat
2021-02-05T13:15:08,261,Flat
2021-02-05T13:20:08,251,SingleDown
2021-02-05T13:25:09,249,Flat
2021-02-05T13:30:08,256,FortyFiveUp
2021-02-05T13:35:08,254,Flat
2021-02-05T13:40:08,248,FortyFiveDown
2021-02-05T13:45:09,253,Flat
2021-02-05T13:50:08,265,SingleUp
2021-02-05T13:55:08,272,FortyFiveUp
2021-02-05T14:00:08,280,FortyFiveUp
2021-02-05T14:05:08,279,Flat
2021-02-05T14:10:08,279,Flat
2021-02-05T14:15:09,277,Flat
2021-02-05T14:20:08,273,Flat
2021-02-05T14:25:08,271,Flat
2021-02-05T14:30:08,271,Flat
2021-02-05T14:35:09,272,Flat
2021-02-05T14:40:09,272,Flat
2021-02-05T14:45:09,266,FortyFiveDown
2021-02-05T14:50:08,260,FortyFiveDown
2021-02-05T14:55:09,255,Flat
2021-02-05T15:00:08,254,Flat
2021-02-05T15:05:08,245,FortyFiveDown
2021-02-05T15:10:09,246,Flat
2021-02-05T15:15:09,231,DoubleDown
2021-02-05T15:20:08,225,FortyFiveDown
2021-02-05T15:25:09,214,SingleDown
2021-02-05T15:30:08,209,FortyFiveDown
2021-02-05T15:35:08,205,Flat
2021-02-05T15:40:09,198,FortyFiveDown
2021-02-05T15:45:08,190,FortyFiveDown
2021-02-05T15:50:08,194,Flat
2021-02-05T15:55:09,209,SingleUp
2021-02-05T16:00:09,213,Flat
2021-02-05T16:05:08,222,FortyFiveUp
2021-02-05T16:10:08,227,FortyFiveUp
2021-02-05T16:15:09,238,SingleUp
2021-02-05T16:20:09,249,SingleUp
2021-02-05T16:25:09,248,Flat
2021-02-05T16:30:08,257,FortyFiveUp
2021-02-05T16:35:09,262,Flat
2021-02-05T16:40:09,270,FortyFiveUp
2021-02-05T16:45:09,278,FortyFiveUp
2021-02-05T16:50:08,281,Flat
2021-02-05T16:55:09,275,FortyFiveDown
2021-02-05T17:00:09,260,DoubleDown
2021-02-05T17:05:08,255,FortyFiveDown
2021-02-05T17:10:09,252,Flat
2021-02-05T17:15:08,238,SingleDown
2021-02-05T17:20:09,236,Flat
2021-02-05T17:25:09,230,FortyFiveDown
2021-02-05T17:30:08,232,Flat
2021-02-05T17:35:08,229,Flat
2021-02-05T17:40:09,233,Flat
2021-02-05T17:45:08,233,Flat
2021-02-05T17:50:08,223,SingleDown
2021-02-05T17:55:08,223,Flat
2021-02-05T18:00:09,228,Flat
2021-02-05T18:05:09,221,FortyFiveDown
2021-02-05T18:10:08,221,Flat
2021-02-05T18:15:09,221,Flat
2021-02-05T18:20:08,209,SingleDown
2021-02-05T18:25:08,200,FortyFiveDown
2021-02-05T18:30:08,200,Flat
2021-02-05T18:35:09,203,Flat
2021-02-05T18:40:09,206,Flat
2021-02-05T18:45:09,190,DoubleDown
2021-02-05T18:50:09,196,FortyFiveUp
2021-02-05T18:55:09,200,Flat
2021-02-05T19:00:09,201,Flat
2021-02-05T19:05:09,198,Flat
2021-02-05T19:10:09,192,FortyFiveDown
2021-02-05T19:15:09,193,Flat
2021-02-05T19:20:09,191,Flat
2021-02-05T19:25:08,188,Flat
2021-02-05T19:30:08,180,FortyFiveDown
2021-02-05T19:35:09,181,Flat
2021-02-05T19:40:08,180,Flat
2021-02-05T23:12:07,164,Flat
2021-02-05T23:17:07,162,Flat
2021-02-05T23:22:08,158,Flat
2021-02-05T23:27:08,155,Flat
2021-02-05T23:32:08,153,Flat
2021-02-05T23:37:08,153,Flat
2021-02-05T23:42:07,163,SingleUp
2021-02-05T23:47:08,160,Flat
2021-02-05T23:52:07,145,DoubleDown
2021-02-05T23:57:07,157,SingleUp
2021-02-06T00:02:08,157,Flat
2021-02-06T00:07:07,157,Flat
2021-02-06T00:12:07,151,FortyFiveDown
2021-02-06T00:17:07,153,Flat
2021-02-06T00:22:07,150,Flat
2021-02-06T00:27:07,136,SingleDown
2021-02-06T00:32:07,134,Flat
2021-02-06T00:37:07,127,FortyFiveDown
2021-02-06T00:42:07,117,SingleDown
2021-02-06T00:47:08,106,SingleDown
2021-02-06T00:52:07,111,FortyFiveUp
2021-02-06T00:57:07,118,FortyFiveUp
2021-02-06T01:02:07,125,FortyFiveUp
2021-02-06T01:07:07,117,FortyFiveDown
2021-02-06T01:12:08,121,Flat
2021-02-06T01:17:08,139,DoubleUp
2021-02-06T01:22:08,144,FortyFiveUp
2021-02-06T01:27:08,126,DoubleDown
2021-02-06T01:32:07,111,DoubleDown
2021-02-06T01:37:07,109,Flat
2021-02-06T01:42:08,110,Flat
2021-02-06T01:47:07,102,FortyFiveDown
2021-02-06T01:52:07,108,FortyFiveUp
2021-02-06T01:57:08,104,Flat
2021-02-06T02:02:08,107,Flat
2021-02-06T02:07:08,129,DoubleUp
2021-02-06T02:12:07,129,Flat
2021-02-06T02:17:08,120,FortyFiveDown
2021-02-06T02:22:08,114,FortyFiveDown
2021-02-06T02:27:07,110,Flat
2021-02-06T02:32:08,113,Flat
2021-02-06T02:37:08,117,Flat
2021-02-06T02:42:07,123,FortyFiveUp
2021-02-06T02:47:07,128,FortyFiveUp
2021-02-06T02:52:08,139,SingleUp
2021-02-06T02:57:07,149,SingleUp
2021-02-06T03:02:08,162,SingleUp
2021-02-06T03:07:08,168,FortyFiveUp
2021-02-06T03:12:07,173,FortyFiveUp
2021-02-06T03:17:08,177,Flat
2021-02-06T03:22:08,174,Flat
2021-02-06T03:27:08,166,FortyFiveDown
2021-02-06T03:32:07,166,Flat
2021-02-06T03:37:08,180,SingleUp
2021-02-06T03:42:08,186,FortyFiveUp
2021-02-06T03:47:07,195,FortyFiveUp
2021-02-06T03:52:08,207,SingleUp
2021-02-06T03:57:08,221,SingleUp
2021-02-06T04:02:07,239,DoubleUp
2021-02-06T04:07:08,255,DoubleUp
2021-02-06T04:12:07,268,SingleUp
2021-02-06T04:17:08,281,SingleUp
2021-02-06T04:22:08,287,FortyFiveUp
2021-02-06T04:27:08,298,SingleUp
2021-02-06T04:32:08,310,SingleUp
2021-02-06T04:37:08,298,SingleDown
2021-02-06T04:42:07,300,Flat
2021-02-06T04:47:08,311,SingleUp
2021-02-06T04:52:08,310,Flat
2021-02-06T04:57:08,312,Flat
2021-02-06T05:02:08,324,SingleUp
2021-02-06T05:07:08,329,FortyFiveUp
2021-02-06T05:12:07,334,FortyFiveUp
2021-02-06T05:17:08,337,Flat
2021-02-06T05:22:08,339,Flat
2021-02-06T05:27:08,340,Flat
2021-02-06T05:32:08,349,FortyFiveUp
2021-02-06T05:37:08,352,Flat
2021-02-06T05:42:08,356,Flat
2021-02-06T05:47:08,352,Flat
2021-02-06T05:52:08,356,Flat
2021-02-06T05:57:08,360,Flat
2021-02-06T06:02:08,353,FortyFiveDown
2021-02-06T06:07:08,364,SingleUp
2021-02-06T06:12:08,362,Flat
2021-02-06T06:17:08,348,SingleDown
2021-02-06T06:22:08,338,SingleDown
2021-02-06T06:27:08,330,FortyFiveDown
2021-02-06T06:32:09,318,SingleDown
2021-02-06T06:37:08,316,Flat
2021-02-06T06:42:08,313,Flat
2021-02-06T06:47:08,302,SingleDown
2021-02-06T06:52:08,295,FortyFiveDown
2021-02-06T06:57:08,290,FortyFiveDown
2021-02-06T07:02:08,284,FortyFiveDown
2021-02-06T07:07:09,278,FortyFiveDown
2021-02-06T07:12:09,272,FortyFiveDown
2021-02-06T07:17:08,268,Flat
2021-02-06T07:22:08,260,FortyFiveDown
2021-02-06T07:27:08,257,Flat
2021-02-06T07:32:09,257,Flat
2021-02-06T07:37:08,257,Flat
2021-02-06T07:42:08,256,Flat
2021-02-06T07:47:08,252,Flat
2021-02-06T07:52:09,251,Flat
2021-02-06T07:57:08,252,Flat
2021-02-06T08:02:08,249,Flat
2021-02-06T08:07:08,247,Flat
2021-02-06T08:12:08,247,Flat
2021-02-06T08:17:08,251,Flat
2021-02-06T08:22:09,244,FortyFiveDown
2021-02-06T08:27:08,235,FortyFiveDown
2021-02-06T08:32:08,236,Flat
2021-02-06T08:37:09,233,Flat
2021-02-06T08:42:08,226,FortyFiveDown
2021-02-06T08:47:08,237,SingleUp
2021-02-06T08:52:09,239,Flat
2021-02-06T08:57:08,245,FortyFiveUp
2021-02-06T09:02:08,255,SingleUp
2021-02-06T09:07:08,255,Flat
2021-02-06T09:12:08,258,Flat
2021-02-06T09:17:09,256,Flat
2021-02-06T09:22:08,256,Flat
2021-02-06T09:27:09,250,FortyFiveDown
2021-02-06T09:32:08,252,Flat
2021-02-06T09:37:09,254,Flat
2021-02-06T09:42:08,255,Flat
2021-02-06T09:47:08,252,Flat
2021-02-06T09:52:08,248,Flat
2021-02-06T09:57:09,254,FortyFiveUp
2021-02-06T10:02:08,256,Flat
2021-02-06T10:07:09,251,Flat
2021-02-06T10:12:09,254,Flat
2021-02-06T10:17:09,250,Flat
2021-02-06T10:22:09,249,Flat
2021-02-06T10:27:08,251,Flat
2021-02-06T10:32:09,246,Flat
2021-02-06T10:37:08,247,Flat
2021-02-06T10:42:09,245,Flat
2021-02-06T10:47:09,243,Flat
2021-02-06T10:52:09,245,Flat
2021-02-06T10:57:09,246,Flat
2021-02-06T11:02:08,240,FortyFiveDown
2021-02-06T11:07:08,242,Flat
2021-02-06T11:12:08,247,FortyFiveUp
2021-02-06T11:17:09,246,Flat
2021-02-06T11:22:09,246,Flat
2021-02-06T11:27:09,248,Flat
2021-02-06T11:32:09,246,Flat
2021-02-06T11:37:09,243,Flat
2021-02-06T11:42:08,248,FortyFiveUp
2021-02-06T11:47:08,248,Flat
2021-02-06T11:52:09,244,Flat
2021-02-06T11:57:09,242,Flat
2021-02-06T12:02:09,248,FortyFiveUp
2021-02-06T12:07:09,249,Flat
2021-02-06T12:12:09,245,Flat
2021-02-06T12:17:09,240,FortyFiveDown
2021-02-06T12:22:09,248,FortyFiveUp
2021-02-06T12:27:09,252,Flat
2021-02-06T12:32:09,252,Flat
2021-02-06T12:37:09,248,Flat
2021-02-06T12:42:09,245,Flat
2021-02-06T12:47:09,241,Flat
2021-02-06T12:52:09,233,FortyFiveDown
2021-02-06T12:57:09,245,SingleUp
2021-02-06T13:02:09,252,FortyFiveUp
2021-02-06T13:07:09,255,Flat
2021-02-06T13:12:09,254,Flat
2021-02-06T13:17:09,254,Flat
2021-02-06T13:22:09,259,FortyFiveUp
2021-02-06T13:27:09,251,FortyFiveDown
2021-02-06T13:32:09,244,FortyFiveDown
2021-02-06T13:37:09,244,Flat
2021-02-06T13:42:09,240,Flat
2021-02-06T13:47:09,237,Flat
2021-02-06T13:52:09,230,FortyFiveDown
2021-02-06T13:57:09,226,Flat
2021-02-06T14:02:09,231,FortyFiveUp
2021-02-06T14:07:09,232,Flat
2021-02-06T14:12:09,230,Flat
2021-02-06T14:17:09,233,Flat
2021-02-06T14:22:09,228,FortyFiveDown
2021-02-06T14:27:10,225,Flat
2021-02-06T14:32:09,229,Flat
2021-02-06T14:37:09,229,Flat
2021-02-06T14:42:09,228,Flat
2021-02-06T14:47:09,229,Flat
2021-02-06T14:52:09,220,FortyFiveDown
2021-02-06T14:57:09,214,FortyFiveDown
2021-02-06T15:02:09,225,SingleUp
2021-02-06T15:07:09,212,SingleDown
2021-02-06T15:12:09,205,FortyFiveDown
2021-02-06T15:17:09,225,DoubleUp
2021-02-06T15:22:09,223,Flat
2021-02-06T15:27:09,226,Flat
2021-02-06T15:32:09,231,FortyFiveUp
2021-02-06T15:37:09,218,SingleDown
2021-02-06T15:42:09,217,Flat
2021-02-06T15:47:10,215,Flat
2021-02-06T15:52:09,216,Flat
2021-02-06T15:57:09,213,Flat
2021-02-06T16:02:09,207,FortyFiveDown
2021-02-06T16:07:09,204,Flat
2021-02-06T16:12:10,204,Flat
2021-02-06T16:17:09,202,Flat
2021-02-06T16:22:09,202,Flat
2021-02-06T16:27:09,200,Flat
2021-02-06T16:32:10,200,Flat
2021-02-06T16:37:09,200,Flat
2021-02-06T16:42:10,196,Flat
2021-02-06T16:47:09,196,Flat
2021-02-06T16:52:09,190,FortyFiveDown
2021-02-06T16:57:09,198,FortyFiveUp
2021-02-06T17:02:09,196,Flat
2021-02-06T17:07:09,194,Flat
2021-02-06T17:12:09,194,Flat
2021-02-06T17:17:09,189,FortyFiveDown
2021-02-06T17:22:10,188,Flat
2021-02-06T17:27:09,193,FortyFiveUp
2021-02-06T17:32:10,191,Flat
2021-02-06T17:37:09,191,Flat
2021-02-06T17:42:10,188,Flat
2021-02-06T17:47:09,184,Flat
2021-02-06T17:52:10,184,Flat
2021-02-06T17:57:10,183,Flat
2021-02-06T18:02:10,180,Flat
2021-02-06T18:07:09,180,Flat
2021-02-06T18:12:09,184,Flat
2021-02-06T18:17:09,178,FortyFiveDown
2021-02-06T18:22:09,176,Flat
2021-02-06T18:27:10,180,Flat
2021-02-06T18:32:10,190,SingleUp
2021-02-06T18:37:10,193,Flat
2021-02-06T18:42:09,191,Flat
2021-02-06T18:47:09,192,Flat
2021-02-06T18:52:10,196,Flat
2021-02-06T18:57:10,195,Flat
2021-02-06T19:02:09,192,Flat
2021-02-06T19:07:10,194,Flat
2021-02-06T19:12:10,199,FortyFiveUp
2021-02-06T19:17:10,197,Flat
2021-02-06T19:22:09,198,Flat
2021-02-06T19:27:09,197,Flat
2021-02-06T19:32:10,191,FortyFiveDown
2021-02-06T19:37:09,191,Flat
2021-02-06T19:42:10,193,Flat
2021-02-06T19:47:09,190,Flat
2021-02-06T19:52:09,187,Flat
2021-02-06T19:57:09,193,FortyFiveUp
2021-02-06T20:02:10,191,Flat
2021-02-06T20:07:10,189,Flat
2021-02-06T20:12:10,190,Flat
2021-02-06T20:17:10,187,Flat
2021-02-06T20:22:10,187,Flat
2021-02-06T20:27:10,191,Flat
2021-02-06T20:32:10,190,Flat
2021-02-06T20:37:10,192,Flat
2021-02-06T20:42:09,192,Flat
2021-02-06T20:47:10,194,Flat
2021-02-06T20:52:10,192,Flat
2021-02-06T20:57:10,193,Flat
2021-02-06T21:02:10,193,Flat
2021-02-06T21:07:10,195,Flat
2021-02-06T21:12:10,195,Flat
2021-02-06T21:17:10,196,Flat
2021-02-06T21:22:10,196,Flat
2021-02-06T21:27:10,199,Flat
2021-02-06T21:32:10,198,Flat
2021-02-06T21:37:10,196,Flat
2021-02-06T21:42:10,197,Flat
2021-02-06T21:47:10,199,Flat
2021-02-06T21:52:10,199,Flat
2021-02-06T21:57:10,197,Flat
2021-02-06T22:02:10,196,Flat
2021-02-06T22:07:10,199,Flat
2021-02-06T22:12:10,195,Flat
2021-02-06T22:17:10,195,Flat
2021-02-06T22:22:10,207,SingleUp
2021-02-06T22:27:10,206,Flat
2021-02-06T22:32:10,205,Flat
2021-02-06T22:37:10,208,Flat
2021-02-06T22:42:10,210,Flat
2021-02-06T22:47:10,210,Flat
2021-02-06T22:52:10,208,Flat
2021-02-06T22:57:10,202,FortyFiveDown
2021-02-06T23:02:11,206,Flat
2021-02-06T23:07:10,210,Flat
2021-02-06T23:12:10,204,FortyFiveDown
2021-02-06T23:17:10,200,Flat
2021-02-06T23:22:11,201,Flat
2021-02-06T23:27:10,197,Flat
2021-02-06T23:32:10,200,Flat
2021-02-06T23:37:10,203,Flat
2021-02-06T23:42:10,201,Flat
2021-02-06T23:47:10,197,Flat
2021-02-06T23:52:11,195,Flat
2021-02-06T23:57:10,196,Flat
2021-02-07T00:02:10,195,Flat
2021-02-07T00:07:10,189,FortyFiveDown
2021-02-07T00:12:10,190,Flat
2021-02-07T00:17:10,190,Flat
2021-02-07T00:22:11,189,Flat
2021-02-07T00:27:11,188,Flat
2021-02-07T00:32:10,186,Flat
2021-02-07T00:37:10,184,Flat
2021-02-07T00:42:11,186,Flat
2021-02-07T00:47:11,185,Flat
2021-02-07T00:52:10,185,Flat
2021-02-07T00:57:11,183,Flat
2021-02-07T01:02:11,182,Flat
2021-02-07T01:07:10,183,Flat
2021-02-07T01:12:11,183,Flat
2021-02-07T01:17:11,183,Flat
2021-02-07T01:22:11,179,Flat
2021-02-07T01:27:11,181,Flat
2021-02-07T01:32:10,181,Flat
2021-02-07T01:37:11,180,Flat
2021-02-07T01:42:11,176,Flat
2021-02-07T01:47:11,178,Flat
2021-02-07T01:52:10,177,Flat
2021-02-07T01:57:10,176,Flat
2021-02-07T02:02:11,178,Flat
2021-02-07T02:07:11,179,Flat
2021-02-07T02:12:11,177,Flat
2021-02-07T02:17:11,177,Flat
2021-02-07T02:22:10,178,Flat
2021-02-07T02:27:11,176,Flat
2021-02-07T02:32:11,176,Flat
2021-02-07T02:37:11,177,Flat
2021-02-07T02:42:11,177,Flat
2021-02-07T02:47:10,176,Flat
2021-02-07T02:52:10,176,Flat
2021-02-07T02:57:11,174,Flat
2021-02-07T03:02:11,171,Flat
2021-02-07T03:07:11,174,Flat
2021-02-07T03:12:11,171,Flat
2021-02-07T03:17:11,171,Flat
2021-02-07T03:22:11,171,Flat
2021-02-07T03:27:10,173,Flat
2021-02-07T03:32:11,173,Flat
2021-02-07T03:37:11,175,Flat
2021-02-07T03:42:10,174,Flat
2021-02-07T03:47:11,169,Flat
2021-02-07T03:52:10,172,Flat
2021-02-07T03:57:11,177,Flat
2021-02-07T04:02:11,175,Flat
2021-02-07T04:07:11,174,Flat
2021-02-07T04:12:11,171,Flat
2021-02-07T04:17:11,175,Flat
2021-02-07T04:22:11,176,Flat
2021-02-07T04:27:11,180,Flat
2021-02-07T04:32:11,178,Flat
2021-02-07T04:37:11,178,Flat
2021-02-07T04:42:11,177,Flat
2021-02-07T04:47:11,176,Flat
2021-02-07T04:52:11,176,Flat
2021-02-07T04:57:11,174,Flat
2021-02-07T05:02:11,175,Flat
2021-02-07T05:07:11,174,Flat
2021-02-07T05:12:11,174,Flat
2021-02-07T05:17:11,175,Flat
2021-02-07T05:22:11,169,FortyFiveDown
2021-02-07T05:27:11,172,Flat
2021-02-07T05:32:11,174,Flat
2021-02-07T05:37:11,174,Flat
2021-02-07T05:42:11,173,Flat
2021-02-07T05:47:11,174,Flat
2021-02-07T05:52:11,175,Flat
2021-02-07T05:57:12,176,Flat
2021-02-07T06:02:11,179,Flat
2021-02-07T06:07:11,177,Flat
2021-02-07T06:12:11,173,Flat
2021-02-07T06:17:11,176,Flat
2021-02-07T06:22:11,181,FortyFiveUp
2021-02-07T06:27:11,179,Flat
2021-02-07T06:32:11,181,Flat
2021-02-07T06:37:11,182,Flat
2021-02-07T06:42:12,182,Flat
2021-02-07T06:47:12,185,Flat
2021-02-07T06:52:11,184,Flat
2021-02-07T06:57:11,184,Flat
2021-02-07T07:02:12,182,Flat
2021-02-07T07:07:11,183,Flat
2021-02-07T07:12:11,183,Flat
2021-02-07T07:17:11,184,Flat
2021-02-07T07:22:12,182,Flat
2021-02-07T07:27:12,187,FortyFiveUp
2021-02-07T07:32:11,189,Flat
2021-02-07T07:37:11,189,Flat
2021-02-07T07:42:11,190,Flat
2021-02-07T07:47:11,188,Flat
2021-02-07T07:52:11,188,Flat
2021-02-07T07:57:11,190,Flat
2021-02-07T08:02:12,192,Flat
2021-02-07T08:07:12,191,Flat
2021-02-07T08:12:11,193,Flat
2021-02-07T08:17:12,197,Flat
2021-02-07T08:22:12,196,Flat
2021-02-07T08:27:11,193,Flat
2021-02-07T08:32:11,194,Flat
2021-02-07T08:37:11,194,Flat
2021-02-07T08:42:12,193,Flat
2021-02-07T08:47:12,188,FortyFiveDown
2021-02-07T08:52:12,191,Flat
2021-02-07T08:57:12,194,Flat
2021-02-07T09:02:12,192,Flat
2021-02-07T09:07:11,189,Flat
2021-02-07T09:12:11,193,Flat
2021-02-07T09:17:11,189,Flat
2021-02-07T09:22:12,181,FortyFiveDown
2021-02-07T09:27:12,187,FortyFiveUp
2021-02-07T09:32:12,190,Flat
2021-02-07T09:37:12,190,Flat
2021-02-07T09:42:12,181,FortyFiveDown
2021-02-07T09:47:12,200,DoubleUp
2021-02-07T09:52:12,211,SingleUp
2021-02-07T09:57:12,199,SingleDown
2021-02-07T10:02:12,182,DoubleDown
2021-02-07T10:07:12,196,SingleUp
2021-02-07T10:12:12,216,DoubleUp
2021-02-07T10:17:12,195,DoubleDown
2021-02-07T10:22:12,176,DoubleDown
2021-02-07T10:27:11,191,DoubleUp
2021-02-07T10:32:12,202,SingleUp
2021-02-07T10:37:12,200,Flat
2021-02-07T10:42:11,203,Flat
2021-02-07T10:47:12,209,FortyFiveUp
2021-02-07T10:52:12,215,FortyFiveUp
2021-02-07T10:57:12,215,Flat
2021-02-07T11:02:11,214,Flat
2021-02-07T11:07:12,205,FortyFiveDown
2021-02-07T11:12:12,217,SingleUp
2021-02-07T11:17:12,221,Flat
2021-02-07T11:22:12,219,Flat
2021-02-07T11:27:12,215,Flat
2021-02-07T11:32:12,209,FortyFiveDown
2021-02-07T11:37:12,201,FortyFiveDown
2021-02-07T11:42:12,206,FortyFiveUp
2021-02-07T11:47:12,211,FortyFiveUp
2021-02-07T11:52:12,219,FortyFiveUp
2021-02-07T11:57:12,219,Flat
2021-02-07T12:02:12,217,Flat
2021-02-07T12:07:12,215,Flat
2021-02-07T12:12:12,213,Flat
2021-02-07T12:17:12,209,Flat
2021-02-07T12:22:12,208,Flat
2021-02-07T12:27:12,204,Flat
2021-02-07T12:32:12,206,Flat
2021-02-07T12:37:13,205,Flat
2021-02-07T12:42:12,204,Flat
2021-02-07T12:47:12,197,FortyFiveDown
2021-02-07T12:52:13,193,Flat
2021-02-07T12:57:12,201,FortyFiveUp
2021-02-07T13:02:12,203,Flat
2021-02-07T13:07:12,197,FortyFiveDown
2021-02-07T13:12:12,197,Flat
2021-02-07T13:17:12,211,SingleUp
2021-02-07T13:22:12,208,Flat
2021-02-07T13:27:12,207,Flat
2021-02-07T13:32:13,206,Flat
2021-02-07T13:37:13,203,Flat
2021-02-07T13:42:12,201,Flat
2021-02-07T13:47:12,197,Flat
2021-02-07T13:52:13,195,Flat
2021-02-07T13:57:12,197,Flat
2021-02-07T14:02:12,196,Flat
2021-02-07T14:07:12,193,Flat
2021-02-07T14:12:12,191,Flat
2021-02-07T14:17:13,188,Flat
2021-02-07T14:22:12,184,Flat
2021-02-07T14:27:12,176,FortyFiveDown
2021-02-07T14:32:12,180,Flat
2021-02-07T14:37:12,190,SingleUp
2021-02-07T14:42:12,190,Flat
2021-02-07T14:47:12,186,Flat
2021-02-07T14:52:12,180,FortyFiveDown
2021-02-07T14:57:12,181,Flat
2021-02-07T15:02:13,181,Flat
2021-02-07T15:07:12,185,Flat
2021-02-07T15:12:12,180,FortyFiveDown
2021-02-07T15:17:13,182,Flat
2021-02-07T15:22:12,183,Flat
2021-02-07T15:27:13,182,Flat
2021-02-07T15:32:13,178,Flat
2021-02-07T15:37:13,186,FortyFiveUp
2021-02-07T15:42:13,186,Flat
2021-02-07T15:47:12,175,SingleDown
2021-02-07T15:52:12,183,FortyFiveUp
2021-02-07T15:57:12,186,Flat
2021-02-07T16:02:13,182,Flat
2021-02-07T16:07:13,178,Flat
2021-02-07T16:12:12,174,Flat
2021-02-07T16:17:13,172,Flat
2021-02-07T16:22:13,171,Flat
2021-02-07T16:27:13,167,Flat
2021-02-07T16:32:13,168,Flat
2021-02-07T16:37:13,169,Flat
2021-02-07T16:42:13,166,Flat
2021-02-07T16:47:12,161,FortyFiveDown
2021-02-07T16:52:12,160,Flat
2021-02-07T16:57:13,170,FortyFiveUp
2021-02-07T17:02:13,169,Flat
2021-02-07T17:07:12,166,Flat
2021-02-07T17:12:13,165,Flat
2021-02-07T17:17:13,163,Flat
2021-02-07T17:22:13,165,Flat
2021-02-07T17:27:13,162,Flat
2021-02-07T17:32:12,154,FortyFiveDown
2021-02-07T17:37:13,162,FortyFiveUp
2021-02-07T17:42:13,164,Flat
2021-02-07T17:47:13,162,Flat
2021-02-07T17:52:13,157,FortyFiveDown
2021-02-07T17:57:13,155,Flat
2021-02-07T18:02:13,156,Flat
2021-02-07T18:07:13,151,FortyFiveDown
2021-02-07T18:12:13,154,Flat
2021-02-07T18:17:13,158,Flat
2021-02-07T18:22:12,158,Flat
2021-02-07T18:27:13,155,Flat
2021-02-07T18:32:13,148,FortyFiveDown
2021-02-07T18:37:13,151,Flat
2021-02-07T18:42:13,145,FortyFiveDown
2021-02-07T18:47:13,141,Flat
2021-02-07T18:52:13,152,SingleUp
2021-02-07T18:57:13,156,Flat
2021-02-07T19:02:13,155,Flat
2021-02-07T19:07:13,153,Flat
2021-02-07T19:12:13,155,Flat
2021-02-07T19:17:13,152,Flat
2021-02-07T19:22:13,154,Flat
2021-02-07T19:27:13,154,Flat
2021-02-07T19:32:13,153,Flat
2021-02-07T19:37:13,151,Flat
2021-02-07T19:42:13,148,Flat
2021-02-07T19:47:13,152,Flat
2021-02-07T19:52:13,153,Flat
2021-02-07T19:57:13,150,Flat
2021-02-07T20:02:14,154,Flat
2021-02-07T20:07:13,150,Flat
2021-02-07T20:12:13,148,Flat
2021-02-07T20:17:13,148,Flat
2021-02-07T20:22:13,146,Flat
2021-02-07T20:27:14,145,Flat
2021-02-07T20:32:13,142,Flat
2021-02-07T20:37:13,142,Flat
2021-02-07T20:42:13,147,FortyFiveUp
2021-02-07T20:47:13,142,FortyFiveDown
2021-02-07T20:52:13,140,Flat
2021-02-07T20:57:13,139,Flat
2021-02-07T21:02:13,139,Flat
2021-02-07T21:07:13,141,Flat
2021-02-07T21:12:13,142,Flat
2021-02-07T21:17:13,139,Flat
2021-02-07T21:22:13,135,Flat
2021-02-07T21:27:13,135,Flat
2021-02-07T21:32:13,137,Flat
2021-02-07T21:37:14,133,Flat
2021-02-07T21:42:14,141,FortyFiveUp
2021-02-07T21:47:13,142,Flat
2021-02-07T21:52:13,139,Flat
2021-02-07T21:57:14,138,Flat
2021-02-07T22:02:13,137,Flat
2021-02-07T22:07:13,136,Flat
2021-02-07T22:12:14,134,Flat
2021-02-07T22:17:14,135,Flat
2021-02-07T22:22:14,134,Flat
2021-02-07T22:27:14,133,Flat
2021-02-07T22:32:13,130,Flat
2021-02-07T22:37:14,130,Flat
2021-02-07T22:42:14,129,Flat
2021-02-07T22:47:14,128,Flat
2021-02-07T22:52:14,127,Flat
2021-02-07T22:57:14,126,Flat
2021-02-07T23:02:14,125,Flat
2021-02-07T23:07:14,125,Flat
2021-02-07T23:12:13,124,Flat
2021-02-07T23:17:14,123,Flat
2021-02-07T23:22:14,121,Flat
2021-02-07T23:27:14,120,Flat
2021-02-07T23:32:14,121,Flat
2021-02-07T23:37:14,120,Flat
2021-02-07T23:42:13,119,Flat
2021-02-07T23:47:14,118,Flat
2021-02-07T23:52:14,118,Flat
2021-02-07T23:57:14,117,Flat
2021-02-08T00:02:14,119,Flat
2021-02-08T00:07:14,118,Flat
2021-02-08T00:12:13,117,Flat
2021-02-08T00:17:14,116,Flat
2021-02-08T00:22:14,116,Flat
2021-02-08T00:27:14,117,Flat
2021-02-08T00:32:14,117,Flat
2021-02-08T00:37:14,116,Flat
2021-02-08T00:42:14,115,Flat
2021-02-08T00:47:14,113,Flat
2021-02-08T00:52:14,112,Flat
2021-02-08T00:57:14,114,Flat
2021-02-08T01:02:14,114,Flat
2021-02-08T01:07:14,113,Flat
2021-02-08T01:12:14,110,Flat
2021-02-08T01:17:14,111,Flat
2021-02-08T01:22:14,111,Flat
2021-02-08T01:27:14,111,Flat
2021-02-08T01:32:14,113,Flat
2021-02-08T01:37:14,113,Flat
2021-02-08T01:42:14,112,Flat
2021-02-08T01:47:14,112,Flat
2021-02-08T01:52:14,112,Flat
2021-02-08T01:57:14,112,Flat
2021-02-08T02:02:14,108,Flat
2021-02-08T02:07:14,110,Flat
2021-02-08T02:12:14,111,Flat
2021-02-08T02:17:14,111,Flat
2021-02-08T02:22:14,109,Flat
2021-02-08T02:27:14,108,Flat
2021-02-08T02:32:14,109,Flat
2021-02-08T02:37:14,108,Flat
2021-02-08T02:42:14,109,Flat
2021-02-08T02:47:14,110,Flat
2021-02-08T02:52:15,108,Flat
2021-02-08T02:57:14,107,Flat
2021-02-08T03:02:15,107,Flat
2021-02-08T03:07:14,108,Flat
2021-02-08T03:12:14,109,Flat
2021-02-08T03:17:15,106,Flat
2021-02-08T03:22:15,106,Flat
2021-02-08T03:27:14,107,Flat
2021-02-08T03:32:14,108,Flat
2021-02-08T03:37:15,108,Flat
2021-02-08T03:42:14,107,Flat
2021-02-08T03:47:14,107,Flat
2021-02-08T03:52:14,106,Flat
2021-02-08T03:57:15,106,Flat
2021-02-08T04:02:15,106,Flat
2021-02-08T04:07:14,106,Flat
2021-02-08T04:12:15,105,Flat
2021-02-08T04:17:14,105,Flat
2021-02-08T04:22:15,104,Flat
2021-02-08T04:27:14,103,Flat
2021-02-08T04:32:14,105,Flat
2021-02-08T04:37:14,105,Flat
2021-02-08T04:42:15,104,Flat
2021-02-08T04:47:15,103,Flat
2021-02-08T04:52:14,103,Flat
2021-02-08T04:57:15,102,Flat
2021-02-08T05:02:14,103,Flat
2021-02-08T05:07:15,100,Flat
2021-02-08T05:12:15,101,Flat
2021-02-08T05:17:14,102,Flat
2021-02-08T05:22:14,100,Flat
2021-02-08T05:27:15,101,Flat
2021-02-08T05:32:15,100,Flat
2021-02-08T05:37:15,99,Flat
2021-02-08T05:42:14,101,Flat
2021-02-08T05:47:14,100,Flat
2021-02-08T05:52:14,100,Flat
2021-02-08T05:57:15,102,Flat
2021-02-08T06:02:15,101,Flat
2021-02-08T06:07:15,100,Flat
2021-02-08T06:12:14,97,Flat
2021-02-08T06:17:15,98,Flat
2021-02-08T06:22:15,98,Flat
2021-02-08T06:27:14,99,Flat
2021-02-08T06:32:15,98,Flat
2021-02-08T06:37:15,98,Flat
2021-02-08T06:42:15,98,Flat
2021-02-08T06:47:14,99,Flat
2021-02-08T06:52:15,99,Flat
2021-02-08T06:57:15,97,Flat
2021-02-08T07:02:15,98,Flat
2021-02-08T07:07:15,96,Flat
2021-02-08T07:12:15,96,Flat
2021-02-08T07:17:15,96,Flat
2021-02-08T07:22:15,89,FortyFiveDown
2021-02-08T07:27:15,91,Flat
2021-02-08T07:32:15,90,Flat
2021-02-08T07:37:14,89,Flat
2021-02-08T07:42:15,97,FortyFiveUp
2021-02-08T07:47:15,105,FortyFiveUp
2021-02-08T07:52:15,100,FortyFiveDown
2021-02-08T07:57:15,92,FortyFiveDown
2021-02-08T08:02:15,98,FortyFiveUp
2021-02-08T08:07:15,107,FortyFiveUp
2021-02-08T08:12:15,108,Flat
2021-02-08T08:17:15,108,Flat
2021-02-08T08:22:15,105,Flat
2021-02-08T08:27:15,105,Flat
2021-02-08T08:32:15,111,FortyFiveUp
2021-02-08T08:37:15,116,FortyFiveUp
2021-02-08T08:42:15,113,Flat
2021-02-08T08:47:15,111,Flat
2021-02-08T08:52:16,110,Flat
2021-02-08T08:57:15,110,Flat
2021-02-08T09:02:15,110,Flat
2021-02-08T09:07:16,111,Flat
2021-02-08T09:12:15,106,FortyFiveDown
2021-02-08T09:17:15,99,FortyFiveDown
2021-02-08T09:22:15,107,FortyFiveUp
2021-02-08T09:27:15,125,DoubleUp
2021-02-08T09:32:15,128,Flat
2021-02-08T09:37:15,130,Flat
2021-02-08T09:42:15,123,FortyFiveDown
2021-02-08T09:47:16,128,Flat
2021-02-08T09:52:15,124,Flat
2021-02-08T09:57:15,118,FortyFiveDown
2021-02-08T10:02:15,111,FortyFiveDown
2021-02-08T10:07:16,104,FortyFiveDown
2021-02-08T10:12:15,118,SingleUp
2021-02-08T10:17:15,138,DoubleUp
2021-02-08T10:22:15,138,Flat
2021-02-08T10:27:15,135,Flat
2021-02-08T10:32:15,131,Flat
2021-02-08T10:37:15,138,FortyFiveUp
2021-02-08T10:42:16,139,Flat
2021-02-08T10:47:16,128,SingleDown
2021-02-08T10:52:15,131,Flat
2021-02-08T10:57:15,130,Flat
2021-02-08T11:02:16,129,Flat
2021-02-08T11:07:16,129,Flat
2021-02-08T11:12:15,128,Flat
2021-02-08T11:17:15,132,Flat
2021-02-08T11:22:16,127,Flat
2021-02-08T11:27:16,116,SingleDown
2021-02-08T11:32:16,123,FortyFiveUp
2021-02-08T11:37:16,123,Flat
2021-02-08T11:42:15,119,Flat
2021-02-08T11:47:15,120,Flat
2021-02-08T11:52:15,136,DoubleUp
2021-02-08T11:57:15,140,Flat
2021-02-08T12:02:16,137,Flat
2021-02-08T12:07:15,131,FortyFiveDown
2021-02-08T12:12:15,133,Flat
2021-02-08T12:17:15,131,Flat
2021-02-08T12:22:15,132,Flat
2021-02-08T12:27:15,129,Flat
2021-02-08T12:32:16,128,Flat
2021-02-08T12:37:16,126,Flat
2021-02-08T12:42:15,123,Flat
2021-02-08T12:47:15,119,Flat
2021-02-08T12:52:16,121,Flat
2021-02-08T12:57:16,122,Flat
2021-02-08T13:02:16,122,Flat
2021-02-08T13:07:16,118,Flat
2021-02-08T13:12:16,117,Flat
2021-02-08T13:17:16,116,Flat
2021-02-08T13:22:16,115,Flat
2021-02-08T13:27:16,113,Flat
2021-02-08T13:32:15,113,Flat
2021-02-08T13:37:16,107,FortyFiveDown
2021-02-08T13:42:16,119,SingleUp
2021-02-08T13:47:16,123,Flat
2021-02-08T13:52:16,123,Flat
2021-02-08T13:57:16,123,Flat
2021-02-08T14:02:16,121,Flat
2021-02-08T14:07:16,120,Flat
2021-02-08T14:12:16,119,Flat
2021-02-08T14:17:16,118,Flat
2021-02-08T14:22:16,116,Flat
2021-02-08T14:27:16,123,FortyFiveUp
2021-02-08T14:32:15,120,Flat
2021-02-08T14:37:16,118,Flat
2021-02-08T14:42:16,116,Flat
2021-02-08T14:47:16,114,Flat
2021-02-08T14:52:16,114,Flat
2021-02-08T14:57:16,113,Flat
2021-02-08T15:02:16,112,Flat
2021-02-08T15:07:15,109,Flat
2021-02-08T15:12:16,107,Flat
2021-02-08T15:17:16,106,Flat
2021-02-08T15:22:16,105,Flat
2021-02-08T15:27:16,103,Flat
2021-02-08T15:32:16,104,Flat
2021-02-08T15:37:16,104,Flat
2021-02-08T15:42:16,102,Flat
2021-02-08T15:47:16,102,Flat
2021-02-08T15:52:16,100,Flat
2021-02-08T15:57:16,97,Flat
2021-02-08T16:02:16,97,Flat
2021-02-08T16:07:16,96,Flat
2021-02-08T16:12:16,95,Flat
2021-02-08T16:17:16,94,Flat
2021-02-08T16:22:16,93,Flat
2021-02-08T16:27:16,93,Flat
2021-02-08T16:32:16,93,Flat
2021-02-08T16:37:17,93,Flat
2021-02-08T16:42:16,90,Flat
2021-02-08T16:47:16,86,Flat
2021-02-08T16:52:16,85,Flat
2021-02-08T16:57:16,87,Flat
2021-02-08T17:02:16,89,Flat
2021-02-08T17:07:16,94,FortyFiveUp
2021-02-08T17:12:17,98,Flat
2021-02-08T17:17:16,100,Flat
2021-02-08T17:22:16,96,Flat
2021-02-08T17:27:16,99,Flat
2021-02-08T17:32:16,95,Flat
2021-02-08T17:37:16,98,Flat
2021-02-08T17:42:16,93,FortyFiveDown
2021-02-08T17:47:17,94,Flat
2021-02-08T17:52:16,94,Flat
2021-02-08T17:57:16,97,Flat
2021-02-08T18:02:17,99,Flat
2021-02-08T18:07:16,98,Flat
2021-02-08T18:12:16,96,Flat
2021-02-08T18:17:17,103,FortyFiveUp
2021-02-08T18:22:17,105,Flat
2021-02-08T18:27:16,104,Flat
2021-02-08T18:32:16,104,Flat
2021-02-08T18:37:17,104,Flat
2021-02-08T18:42:17,104,Flat
2021-02-08T18:47:17,103,Flat
2021-02-08T18:52:16,104,Flat
2021-02-08T18:57:17,101,Flat
2021-02-08T19:02:17,103,Flat
2021-02-08T19:07:17,103,Flat
2021-02-08T19:12:16,100,Flat
2021-02-08T19:17:16,100,Flat
2021-02-08T19:22:16,100,Flat
2021-02-08T19:27:17,100,Flat
2021-02-08T19:32:17,98,Flat
2021-02-08T19:37:17,95,Flat
2021-02-08T19:42:16,97,Flat
2021-02-08T19:47:17,96,Flat
2021-02-08T19:52:17,96,Flat
2021-02-08T19:57:17,90,FortyFiveDown
2021-02-08T20:02:17,96,FortyFiveUp
2021-02-08T20:07:17,94,Flat
2021-02-08T20:12:17,92,Flat
2021-02-08T20:17:16,90,Flat
2021-02-08T20:22:17,93,Flat
2021-02-08T20:27:17,93,Flat
2021-02-08T20:32:17,91,Flat
2021-02-08T20:37:17,94,Flat
2021-02-08T20:42:17,93,Flat
2021-02-08T20:47:17,89,Flat
2021-02-08T20:52:17,89,Flat
2021-02-08T20:57:17,89,Flat
2021-02-08T21:02:16,94,FortyFiveUp
2021-02-08T21:07:17,93,Flat
2021-02-08T21:12:17,93,Flat
2021-02-08T21:17:17,92,Flat
2021-02-08T21:22:17,93,Flat
2021-02-08T21:27:17,93,Flat
2021-02-08T21:32:16,92,Flat
2021-02-08T21:37:17,92,Flat
2021-02-08T21:42:17,94,Flat
2021-02-08T21:47:17,93,Flat
2021-02-08T21:52:17,91,Flat
2021-02-08T21:57:17,89,Flat
2021-02-08T22:02:17,88,Flat
2021-02-08T22:07:17,87,Flat
2021-02-08T22:12:17,84,Flat
2021-02-08T22:17:17,86,Flat
2021-02-08T22:22:17,89,Flat
2021-02-08T22:27:17,88,Flat
2021-02-08T22:32:17,87,Flat
2021-02-08T22:37:17,86,Flat
2021-02-08T22:42:17,85,Flat
2021-02-08T22:47:17,85,Flat
2021-02-08T22:52:17,84,Flat
2021-02-08T22:57:17,83,Flat
2021-02-08T23:02:17,82,Flat
2021-02-08T23:07:17,81,Flat
2021-02-08T23:12:17,80,Flat
2021-02-08T23:17:17,79,Flat
2021-02-08T23:22:17,79,Flat
2021-02-08T23:27:17,78,Flat
2021-02-08T23:32:17,78,Flat
2021-02-08T23:37:17,73,FortyFiveDown
2021-02-08T23:42:17,73,Flat
2021-02-08T23:47:18,73,Flat
2021-02-08T23:52:17,74,Flat
2021-02-08T23:57:17,71,Flat
2021-02-09T00:02:17,70,Flat
2021-02-09T00:07:17,70,Flat
2021-02-09T00:12:17,70,Flat
2021-02-09T00:17:17,69,Flat
2021-02-09T00:22:17,75,FortyFiveUp
2021-02-09T00:27:17,79,Flat
2021-02-09T00:32:17,85,FortyFiveUp
2021-02-09T00:37:17,94,FortyFiveUp
2021-02-09T00:42:17,105,SingleUp
2021-02-09T00:47:18,110,Flat
2021-02-09T00:52:17,117,FortyFiveUp
2021-02-09T00:57:17,122,FortyFiveUp
2021-02-09T01:02:18,127,Flat
2021-02-09T01:07:18,130,Flat
2021-02-09T01:12:17,134,Flat
2021-02-09T01:17:17,138,Flat
2021-02-09T01:22:17,139,Flat
2021-02-09T01:27:17,135,Flat
2021-02-09T01:32:17,137,Flat
2021-02-09T01:37:17,137,Flat
2021-02-09T01:42:17,137,Flat
2021-02-09T01:47:17,134,Flat
2021-02-09T01:52:17,132,Flat
2021-02-09T01:57:18,127,Flat
2021-02-09T02:02:17,128,Flat
2021-02-09T02:07:17,128,Flat
2021-02-09T02:12:18,129,Flat
2021-02-09T02:17:17,129,Flat
2021-02-09T02:22:18,127,Flat
2021-02-09T02:27:18,126,Flat
2021-02-09T02:32:18,126,Flat
2021-02-09T02:37:18,122,Flat
2021-02-09T02:42:18,122,Flat
2021-02-09T02:47:18,122,Flat
2021-02-09T02:52:18,125,Flat
2021-02-09T02:57:18,124,Flat
2021-02-09T03:02:17,124,Flat
2021-02-09T03:07:18,122,Flat
2021-02-09T03:12:18,118,Flat
2021-02-09T03:17:18,121,Flat
2021-02-09T03:22:18,120,Flat
2021-02-09T03:27:18,118,Flat
2021-02-09T03:32:18,117,Flat
2021-02-09T03:37:18,116,Flat
2021-02-09T03:42:17,113,Flat
2021-02-09T03:47:18,117,Flat
2021-02-09T03:52:18,113,Flat
2021-02-09T03:57:18,112,Flat
2021-02-09T04:02:18,113,Flat
2021-02-09T04:07:18,113,Flat
2021-02-09T04:12:18,113,Flat
2021-02-09T04:17:18,113,Flat
2021-02-09T04:22:18,113,Flat
2021-02-09T04:27:18,113,Flat
2021-02-09T04:32:17,112,Flat
2021-02-09T04:37:18,110,Flat
2021-02-09T04:42:18,106,Flat
2021-02-09T04:47:18,109,Flat
2021-02-09T04:52:18,108,Flat
2021-02-09T04:57:17,107,Flat
2021-02-09T05:02:18,109,Flat
2021-02-09T05:07:18,107,Flat
2021-02-09T05:12:18,105,Flat
2021-02-09T05:17:18,107,Flat
2021-02-09T05:22:18,111,Flat
2021-02-09T05:27:18,110,Flat
2021-02-09T05:32:18,109,Flat
2021-02-09T05:37:18,111,Flat
2021-02-09T05:42:18,109,Flat
2021-02-09T05:47:18,107,Flat
2021-02-09T05:52:18,109,Flat
2021-02-09T05:57:18,106,Flat
2021-02-09T06:02:18,106,Flat
2021-02-09T06:07:18,105,Flat
2021-02-09T06:12:18,99,FortyFiveDown
2021-02-09T06:17:18,106,FortyFiveUp
2021-02-09T06:22:18,106,Flat
2021-02-09T06:27:18,105,Flat
2021-02-09T06:32:18,105,Flat
2021-02-09T06:37:18,105,Flat
2021-02-09T06:42:18,105,Flat
2021-02-09T06:47:18,103,Flat
2021-02-09T06:52:19,101,Flat
2021-02-09T06:57:18,101,Flat
2021-02-09T07:02:18,101,Flat
2021-02-09T07:07:19,98,Flat
2021-02-09T07:12:18,102,Flat
2021-02-09T07:17:18,98,Flat
2021-02-09T07:22:18,97,Flat
2021-02-09T07:27:18,98,Flat
2021-02-09T07:32:19,98,Flat
2021-02-09T07:37:18,99,Flat
2021-02-09T07:42:18,97,Flat
2021-02-09T07:47:19,98,Flat
2021-02-09T07:52:19,96,Flat
2021-02-09T07:57:18,99,Flat
2021-02-09T08:02:18,96,Flat
2021-02-09T08:07:18,95,Flat
2021-02-09T08:12:18,94,Flat
2021-02-09T08:17:18,94,Flat
2021-02-09T08:22:18,93,Flat
2021-02-09T08:27:18,91,Flat
2021-02-09T08:32:18,92,Flat
2021-02-09T08:37:19,91,Flat
2021-02-09T08:42:18,92,Flat
2021-02-09T08:47:18,90,Flat
2021-02-09T08:52:18,91,Flat
2021-02-09T08:57:18,91,Flat
2021-02-09T09:02:19,91,Flat
2021-02-09T09:07:18,90,Flat
2021-02-09T09:12:19,85,Flat
2021-02-09T09:17:19,86,Flat
2021-02-09T09:22:19,89,Flat
2021-02-09T09:27:19,84,FortyFiveDown
2021-02-09T09:32:19,88,Flat
2021-02-09T09:37:19,97,FortyFiveUp
2021-02-09T09:42:18,99,Flat
2021-02-09T09:47:18,87,SingleDown
2021-02-09T09:52:18,90,Flat
2021-02-09T09:57:19,96,FortyFiveUp
2021-02-09T10:02:18,96,Flat
2021-02-09T10:07:19,101,Flat
2021-02-09T10:12:19,102,Flat
2021-02-09T10:17:18,104,Flat
2021-02-09T10:22:18,104,Flat
2021-02-09T10:27:19,102,Flat
2021-02-09T10:32:19,98,Flat
2021-02-09T10:37:19,95,Flat
2021-02-09T10:42:19,102,FortyFiveUp
2021-02-09T10:47:19,105,Flat
2021-02-09T10:52:19,105,Flat
2021-02-09T10:57:19,98,FortyFiveDown
2021-02-09T11:02:19,99,Flat
2021-02-09T11:07:19,104,FortyFiveUp
2021-02-09T11:12:19,105,Flat
2021-02-09T11:17:19,101,Flat
2021-02-09T11:22:19,99,Flat
2021-02-09T11:27:19,95,Flat
2021-02-09T11:32:19,92,Flat
2021-02-09T11:37:19,98,FortyFiveUp
2021-02-09T11:42:19,101,Flat
2021-02-09T11:47:19,102,Flat
2021-02-09T11:52:19,109,FortyFiveUp
2021-02-09T11:57:19,120,SingleUp
2021-02-09T12:02:19,112,FortyFiveDown
2021-02-09T12:07:19,126,SingleUp
2021-02-09T12:12:19,140,SingleUp
2021-02-09T12:17:19,147,FortyFiveUp
2021-02-09T12:22:19,149,Flat
2021-02-09T12:27:19,139,SingleDown
2021-02-09T12:32:19,122,DoubleDown
2021-02-09T12:37:19,144,DoubleUp
2021-02-09T12:42:20,156,SingleUp
2021-02-09T12:47:19,152,Flat
2021-02-09T12:52:19,147,FortyFiveDown
2021-02-09T12:57:19,146,Flat
2021-02-09T13:02:19,149,Flat
2021-02-09T13:07:19,149,Flat
2021-02-09T13:12:19,147,Flat
2021-02-09T13:17:19,146,Flat
2021-02-09T13:22:19,147,Flat
2021-02-09T13:27:19,145,Flat
2021-02-09T13:32:19,143,Flat
2021-02-09T13:37:19,141,Flat
2021-02-09T13:42:19,139,Flat
2021-02-09T13:47:19,137,Flat
2021-02-09T13:52:20,138,Flat
2021-02-09T13:57:19,139,Flat
2021-02-09T14:02:19,137,Flat
2021-02-09T14:07:19,136,Flat
2021-02-09T14:12:19,136,Flat
2021-02-09T14:17:19,137,Flat
2021-02-09T14:22:20,130,FortyFiveDown
2021-02-09T14:27:19,121,FortyFiveDown
2021-02-09T14:32:19,136,DoubleUp
2021-02-09T14:37:19,139,Flat
2021-02-09T14:42:19,135,Flat
2021-02-09T14:47:20,133,Flat
2021-02-09T14:52:19,126,FortyFiveDown
2021-02-09T14:57:19,126,Flat
2021-02-09T15:02:19,128,Flat
2021-02-09T15:07:20,128,Flat
2021-02-09T15:12:19,129,Flat
2021-02-09T15:17:20,127,Flat
2021-02-09T15:22:20,125,Flat
2021-02-09T15:27:19,127,Flat
2021-02-09T15:32:19,127,Flat
2021-02-09T15:37:19,125,Flat
2021-02-09T15:42:20,128,Flat
2021-02-09T15:47:20,129,Flat
2021-02-09T15:52:20,126,Flat
2021-02-09T15:57:20,124,Flat
2021-02-09T16:02:20,126,Flat
2021-02-09T16:07:20,125,Flat
2021-02-09T16:12:19,122,Flat
2021-02-09T16:17:19,123,Flat
2021-02-09T16:22:19,121,Flat
2021-02-09T16:27:19,127,FortyFiveUp
2021-02-09T16:32:20,126,Flat
2021-02-09T16:37:19,124,Flat
2021-02-09T16:42:20,119,Flat
2021-02-09T16:47:20,118,Flat
2021-02-09T16:52:19,118,Flat
2021-02-09T16:57:19,122,Flat
2021-02-09T17:02:20,124,Flat
2021-02-09T17:07:20,118,FortyFiveDown
2021-02-09T17:12:20,121,Flat
2021-02-09T17:17:20,124,Flat
2021-02-09T17:22:20,123,Flat
2021-02-09T17:27:19,118,FortyFiveDown
2021-02-09T17:32:20,119,Flat
2021-02-09T17:37:20,120,Flat
2021-02-09T17:42:20,118,Flat
2021-02-09T17:47:20,117,Flat
2021-02-09T17:52:20,117,Flat
2021-02-09T17:57:20,115,Flat
2021-02-09T18:02:20,112,Flat
2021-02-09T18:07:20,110,Flat
2021-02-09T18:12:20,108,Flat
2021-02-09T18:17:20,107,Flat
2021-02-09T18:22:20,111,Flat
2021-02-09T18:27:20,107,Flat
2021-02-09T18:32:20,107,Flat
2021-02-09T18:37:20,106,Flat
2021-02-09T18:42:20,104,Flat
2021-02-09T18:47:20,109,FortyFiveUp
2021-02-09T18:52:20,117,FortyFiveUp
2021-02-09T18:57:20,120,Flat
2021-02-09T19:02:20,154,DoubleUp
2021-02-09T19:07:20,175,DoubleUp
2021-02-09T19:12:20,189,SingleUp
2021-02-09T19:17:20,193,Flat
2021-02-09T19:22:20,198,FortyFiveUp
2021-02-09T19:27:20,209,SingleUp
2021-02-09T19:32:20,208,Flat
2021-02-09T19:37:20,212,Flat
2021-02-09T19:42:21,218,FortyFiveUp
2021-02-09T19:47:20,205,SingleDown
2021-02-09T19:52:20,199,FortyFiveDown
2021-02-09T19:57:20,196,Flat
2021-02-09T20:02:20,195,Flat
2021-02-09T20:07:20,193,Flat
2021-02-09T20:12:20,194,Flat
2021-02-09T20:17:20,201,FortyFiveUp
2021-02-09T20:22:20,211,SingleUp
2021-02-09T20:27:20,216,FortyFiveUp
2021-02-09T20:32:20,219,Flat
2021-02-09T20:37:20,217,Flat
2021-02-09T20:42:20,216,Flat
2021-02-09T20:47:20,218,Flat
2021-02-09T20:52:20,216,Flat
2021-02-09T20:57:21,218,Flat
2021-02-09T21:02:20,215,Flat
2021-02-09T21:07:20,207,FortyFiveDown
2021-02-09T21:12:21,211,Flat
2021-02-09T21:17:20,217,FortyFiveUp
2021-02-09T21:22:20,217,Flat
2021-02-09T21:27:21,213,Flat
2021-02-09T21:32:21,222,FortyFiveUp
2021-02-09T21:37:20,226,Flat
2021-02-09T21:42:20,229,Flat
2021-02-09T21:47:20,232,Flat
2021-02-09T21:52:21,240,FortyFiveUp
2021-02-09T21:57:21,243,Flat
2021-02-09T22:02:20,251,FortyFiveUp
2021-02-09T22:07:20,250,Flat
2021-02-09T22:12:21,255,Flat
2021-02-09T22:17:21,255,Flat
2021-02-09T22:22:21,256,Flat
2021-02-09T22:27:21,255,Flat
2021-02-09T22:32:21,264,FortyFiveUp
2021-02-09T22:37:20,267,Flat
2021-02-09T22:42:21,268,Flat
2021-02-09T22:47:20,269,Flat
2021-02-09T22:52:20,266,Flat
2021-02-09T22:57:21,261,Flat
2021-02-09T23:02:21,264,Flat
2021-02-09T23:07:21,259,FortyFiveDown
2021-02-09T23:12:21,244,DoubleDown
2021-02-09T23:17:21,238,FortyFiveDown
2021-02-09T23:22:20,236,Flat
2021-02-09T23:27:21,230,FortyFiveDown
2021-02-09T23:32:21,230,Flat
2021-02-09T23:37:21,221,FortyFiveDown
2021-02-09T23:42:21,213,FortyFiveDown
2021-02-09T23:47:20,214,Flat
2021-02-09T23:52:21,209,Flat
2021-02-09T23:57:21,199,SingleDown
2021-02-10T00:02:21,199,Flat
2021-02-10T00:07:21,200,Flat
2021-02-10T00:12:20,199,Flat
2021-02-10T00:17:21,198,Flat
2021-02-10T00:22:21,193,FortyFiveDown
2021-02-10T00:27:21,192,Flat
2021-02-10T00:32:21,190,Flat
2021-02-10T00:37:20,188,Flat
2021-02-10T00:42:21,187,Flat
2021-02-10T00:47:20,186,Flat
2021-02-10T00:52:21,184,Flat
2021-02-10T00:57:21,181,Flat
2021-02-10T01:02:21,178,Flat
2021-02-10T01:07:21,176,Flat
2021-02-10T01:12:21,175,Flat
2021-02-10T01:17:20,174,Flat
2021-02-10T01:22:21,175,Flat
2021-02-10T01:27:20,175,Flat
2021-02-10T01:32:21,174,Flat
2021-02-10T01:37:21,172,Flat
2021-02-10T01:42:21,171,Flat
2021-02-10T01:47:21,173,Flat
2021-02-10T01:52:21,173,Flat
2021-02-10T01:57:21,173,Flat
2021-02-10T02:02:21,173,Flat
2021-02-10T02:07:21,173,Flat
2021-02-10T02:12:21,172,Flat
2021-02-10T02:17:21,170,Flat
2021-02-10T02:22:21,171,Flat
2021-02-10T02:27:21,173,Flat
2021-02-10T02:32:21,174,Flat
2021-02-10T02:37:21,175,Flat
2021-02-10T02:42:21,175,Flat
2021-02-10T02:47:21,175,Flat
2021-02-10T02:52:21,172,Flat
2021-02-10T02:57:22,174,Flat
2021-02-10T03:02:21,177,Flat
2021-02-10T03:07:22,179,Flat
2021-02-10T03:12:21,181,Flat
2021-02-10T03:17:21,181,Flat
2021-02-10T03:22:21,183,Flat
2021-02-10T03:27:21,184,Flat
2021-02-10T03:32:21,185,Flat
2021-02-10T03:37:21,184,Flat
2021-02-10T03:42:21,186,Flat
2021-02-10T03:47:21,188,Flat
2021-02-10T03:52:21,189,Flat
2021-02-10T03:57:21,190,Flat
2021-02-10T04:02:21,193,Flat
2021-02-10T04:07:22,195,Flat
2021-02-10T04:12:21,195,Flat
2021-02-10T04:17:21,193,Flat
2021-02-10T04:22:21,194,Flat
2021-02-10T04:27:21,197,Flat
2021-02-10T04:32:21,199,Flat
2021-02-10T04:37:22,199,Flat
2021-02-10T04:42:21,197,Flat
2021-02-10T04:47:22,201,Flat
2021-02-10T04:52:22,205,Flat
2021-02-10T04:57:22,206,Flat
2021-02-10T05:02:21,206,Flat
2021-02-10T05:07:22,207,Flat
2021-02-10T05:12:22,205,Flat
2021-02-10T05:17:21,206,Flat
2021-02-10T05:22:21,207,Flat
2021-02-10T05:27:22,207,Flat
2021-02-10T05:32:22,210,Flat
2021-02-10T05:37:22,210,Flat
2021-02-10T05:42:21,209,Flat
2021-02-10T05:47:21,210,Flat
2021-02-10T05:52:22,209,Flat
2021-02-10T05:57:22,209,Flat
2021-02-10T06:02:22,209,Flat
2021-02-10T06:07:22,209,Flat
2021-02-10T06:12:22,210,Flat
2021-02-10T06:17:22,208,Flat
2021-02-10T06:22:22,206,Flat
2021-02-10T06:27:22,210,Flat
2021-02-10T06:32:22,210,Flat
2021-02-10T06:37:22,212,Flat
2021-02-10T06:42:22,212,Flat
2021-02-10T06:47:22,213,Flat
2021-02-10T06:52:22,211,Flat
2021-02-10T06:57:21,208,Flat
2021-02-10T07:02:21,209,Flat
2021-02-10T07:07:22,209,Flat
2021-02-10T07:12:22,210,Flat
2021-02-10T07:17:21,210,Flat
2021-02-10T07:22:22,210,Flat
2021-02-10T07:27:22,211,Flat
2021-02-10T07:32:22,210,Flat
2021-02-10T07:37:22,209,Flat
2021-02-10T07:42:22,208,Flat
2021-02-10T07:47:22,208,Flat
2021-02-10T07:52:22,205,Flat
2021-02-10T07:57:22,206,Flat
2021-02-10T08:02:21,207,Flat
2021-02-10T08:07:22,207,Flat
2021-02-10T08:12:21,205,Flat
2021-02-10T08:17:22,202,Flat
2021-02-10T08:22:22,202,Flat
2021-02-10T08:27:22,191,SingleDown
2021-02-10T08:32:22,195,Flat
2021-02-10T08:37:22,202,FortyFiveUp
2021-02-10T08:42:22,195,FortyFiveDown
2021-02-10T08:47:21,188,FortyFiveDown
2021-02-10T08:52:22,194,FortyFiveUp
2021-02-10T08:57:22,213,DoubleUp
2021-02-10T09:02:22,210,Flat
2021-02-10T09:07:22,201,FortyFiveDown
2021-02-10T09:12:22,205,Flat
2021-02-10T09:17:22,208,Flat
2021-02-10T09:22:22,210,Flat
2021-02-10T09:27:22,209,Flat
2021-02-10T09:32:22,212,Flat
2021-02-10T09:37:23,221,FortyFiveUp
2021-02-10T09:42:22,231,SingleUp
2021-02-10T09:47:22,240,FortyFiveUp
2021-02-10T09:52:22,244,Flat
2021-02-10T09:57:22,237,FortyFiveDown
2021-02-10T10:02:22,234,Flat
2021-02-10T10:07:22,228,FortyFiveDown
2021-02-10T10:12:22,253,DoubleUp
2021-02-10T10:17:22,255,Flat
2021-02-10T10:22:22,254,Flat
2021-02-10T10:27:22,263,FortyFiveUp
2021-02-10T10:32:23,264,Flat
2021-02-10T10:37:23,265,Flat
2021-02-10T10:42:23,259,FortyFiveDown
2021-02-10T10:47:22,237,DoubleDown
2021-02-10T10:52:22,244,FortyFiveUp
2021-02-10T10:57:22,242,Flat
2021-02-10T11:02:22,249,FortyFiveUp
2021-02-10T11:07:22,247,Flat
2021-02-10T11:12:22,244,Flat
2021-02-10T11:17:22,239,FortyFiveDown
2021-02-10T11:22:22,234,FortyFiveDown
2021-02-10T11:27:22,232,Flat
2021-02-10T11:32:23,226,FortyFiveDown
2021-02-10T11:37:22,221,FortyFiveDown
2021-02-10T11:42:22,217,Flat
2021-02-10T11:47:23,215,Flat
2021-02-10T11:52:23,213,Flat
2021-02-10T11:57:22,208,FortyFiveDown
2021-02-10T12:02:23,208,Flat
2021-02-10T12:07:22,210,Flat
2021-02-10T12:12:23,206,Flat
2021-02-10T12:17:23,203,Flat
2021-02-10T12:22:22,208,FortyFiveUp
2021-02-10T12:27:23,211,Flat
2021-02-10T12:32:23,211,Flat
2021-02-10T12:37:23,213,Flat
2021-02-10T12:42:23,222,FortyFiveUp
2021-02-10T12:47:23,232,SingleUp
2021-02-10T12:52:22,227,FortyFiveDown
2021-02-10T12:57:23,234,FortyFiveUp
2021-02-10T13:02:22,233,Flat
2021-02-10T13:07:22,238,FortyFiveUp
2021-02-10T13:12:23,239,Flat
2021-02-10T13:17:22,246,FortyFiveUp
2021-02-10T13:22:22,251,FortyFiveUp
2021-02-10T13:27:23,254,Flat
2021-02-10T13:32:23,255,Flat
2021-02-10T13:37:23,254,Flat
2021-02-10T13:42:23,254,Flat
2021-02-10T13:47:23,272,DoubleUp
2021-02-10T13:52:23,277,FortyFiveUp
2021-02-10T13:57:23,265,SingleDown
2021-02-10T14:02:23,273,FortyFiveUp
2021-02-10T14:07:23,286,SingleUp
2021-02-10T14:12:23,294,FortyFiveUp
2021-02-10T14:17:23,294,Flat
2021-02-10T14:22:23,292,Flat
2021-02-10T14:27:22,287,FortyFiveDown
2021-02-10T14:32:23,282,Flat
2021-02-10T14:37:22,278,Flat
2021-02-10T14:42:22,273,FortyFiveDown
2021-02-10T14:47:23,274,Flat
2021-02-10T14:52:23,275,Flat
2021-02-10T14:57:23,272,Flat
2021-02-10T15:02:23,274,Flat
2021-02-10T15:07:23,285,SingleUp
2021-02-10T15:12:23,284,Flat
2021-02-10T15:17:23,279,FortyFiveDown
2021-02-10T15:22:23,276,Flat
2021-02-10T15:27:23,277,Flat
2021-02-10T15:32:23,267,SingleDown
2021-02-10T15:37:23,262,FortyFiveDown
2021-02-10T15:42:23,255,FortyFiveDown
2021-02-10T15:47:23,249,FortyFiveDown
2021-02-10T15:52:23,246,Flat
2021-02-10T15:57:23,241,FortyFiveDown
2021-02-10T16:02:23,233,FortyFiveDown
2021-02-10T16:07:23,227,FortyFiveDown
2021-02-10T16:12:23,223,Flat
2021-02-10T16:17:23,205,DoubleDown
2021-02-10T16:22:23,209,Flat
2021-02-10T16:27:23,199,SingleDown
2021-02-10T16:32:23,171,DoubleDown
2021-02-10T16:37:23,162,FortyFiveDown
2021-02-10T16:42:23,177,DoubleUp
2021-02-10T16:47:23,192,DoubleUp
2021-02-10T16:52:23,203,SingleUp
2021-02-10T16:57:24,198,Flat
2021-02-10T17:02:23,198,Flat
2021-02-10T17:07:23,210,SingleUp
2021-02-10T17:12:23,231,DoubleUp
2021-02-10T17:17:24,249,DoubleUp
2021-02-10T17:22:23,260,SingleUp
2021-02-10T17:27:23,256,Flat
2021-02-10T17:32:23,248,FortyFiveDown
2021-02-10T17:37:23,252,Flat
2021-02-10T17:42:23,253,Flat
2021-02-10T17:47:23,250,Flat
2021-02-10T17:52:23,246,Flat
2021-02-10T17:57:23,243,Flat
2021-02-10T18:02:23,244,Flat
2021-02-10T18:07:23,243,Flat
2021-02-10T18:12:24,237,FortyFiveDown
2021-02-10T18:17:23,241,Flat
2021-02-10T18:22:23,237,Flat
2021-02-10T18:27:23,231,FortyFiveDown
2021-02-10T18:32:23,230,Flat
2021-02-10T18:37:23,232,Flat
2021-02-10T18:42:23,234,Flat
2021-02-10T18:47:23,232,Flat
2021-02-10T18:52:24,230,Flat
2021-02-10T18:57:24,233,Flat
2021-02-10T19:02:24,230,Flat
2021-02-10T19:07:24,225,FortyFiveDown
2021-02-10T19:12:23,227,Flat
2021-02-10T19:17:23,227,Flat
2021-02-10T19:22:23,225,Flat
2021-02-10T19:27:24,227,Flat
2021-02-10T19:32:23,227,Flat
2021-02-10T19:37:23,223,Flat
2021-02-10T19:42:24,224,Flat
2021-02-10T19:47:24,228,Flat
2021-02-10T19:52:24,231,Flat
2021-02-10T19:57:23,235,Flat
2021-02-10T20:02:24,234,Flat
2021-02-10T20:07:24,233,Flat
2021-02-10T20:12:23,232,Flat
2021-02-10T20:17:24,234,Flat
2021-02-10T20:22:24,233,Flat
2021-02-10T20:27:24,236,Flat
2021-02-10T20:32:24,239,Flat
2021-02-10T20:37:24,242,Flat
2021-02-10T20:42:24,241,Flat
2021-02-10T20:47:24,247,FortyFiveUp
2021-02-10T20:52:23,251,Flat
2021-02-10T20:57:23,252,Flat
2021-02-10T21:02:24,257,Flat
2021-02-10T21:07:23,255,Flat
2021-02-10T21:12:24,248,FortyFiveDown
2021-02-10T21:17:24,241,FortyFiveDown
2021-02-10T21:22:24,226,DoubleDown
2021-02-10T21:27:24,207,DoubleDown
2021-02-10T21:32:24,187,DoubleDown
2021-02-10T21:37:24,173,SingleDown
2021-02-10T21:42:24,148,DoubleDown
2021-02-10T21:47:24,143,FortyFiveDown
2021-02-10T21:52:24,138,FortyFiveDown
2021-02-10T21:57:24,127,SingleDown
2021-02-10T22:02:24,121,FortyFiveDown
2021-02-10T22:07:24,114,FortyFiveDown
2021-02-10T22:12:24,113,Flat
2021-02-10T22:17:23,105,FortyFiveDown
2021-02-10T22:22:24,109,Flat
2021-02-10T22:27:24,116,FortyFiveUp
2021-02-10T22:32:24,117,Flat
2021-02-10T22:37:24,118,Flat
2021-02-10T22:42:24,117,Flat
2021-02-10T22:47:24,117,Flat
2021-02-10T22:52:24,116,Flat
2021-02-10T22:57:24,116,Flat
2021-02-10T23:02:24,132,DoubleUp
2021-02-10T23:07:24,142,SingleUp
2021-02-10T23:12:24,150,FortyFiveUp
2021-02-10T23:17:24,156,FortyFiveUp
2021-02-10T23:22:24,161,FortyFiveUp
2021-02-10T23:27:24,166,FortyFiveUp
2021-02-10T23:32:24,166,Flat
2021-02-10T23:37:24,179,SingleUp
2021-02-10T23:42:24,197,DoubleUp
2021-02-10T23:47:24,208,SingleUp
2021-02-10T23:52:24,219,SingleUp
2021-02-10T23:57:24,229,SingleUp
2021-02-11T00:02:24,235,FortyFiveUp
2021-02-11T00:07:24,244,FortyFiveUp
2021-02-11T00:12:24,255,SingleUp
2021-02-11T00:17:24,258,Flat
2021-02-11T00:22:24,253,FortyFiveDown
2021-02-11T00:27:24,246,FortyFiveDown
2021-02-11T00:32:24,268,DoubleUp
2021-02-11T00:37:24,271,Flat
2021-02-11T00:42:24,268,Flat
2021-02-11T00:47:24,270,Flat
2021-02-11T00:52:24,267,Flat
2021-02-11T00:57:24,265,Flat
2021-02-11T01:02:24,263,Flat
2021-02-11T01:07:24,259,Flat
2021-02-11T01:12:24,255,Flat
2021-02-11T01:17:24,251,Flat
2021-02-11T01:22:25,250,Flat
2021-02-11T01:27:25,247,Flat
2021-02-11T01:32:24,242,FortyFiveDown
2021-02-11T01:37:25,238,Flat
2021-02-11T01:42:25,234,Flat
2021-02-11T01:47:25,230,Flat
2021-02-11T01:52:24,226,Flat
2021-02-11T01:57:24,224,Flat
2021-02-11T02:02:25,224,Flat
2021-02-11T02:07:25,221,Flat
2021-02-11T02:12:25,219,Flat
2021-02-11T02:17:25,214,FortyFiveDown
2021-02-11T02:22:24,213,Flat
2021-02-11T02:27:24,212,Flat
2021-02-11T02:32:24,213,Flat
2021-02-11T02:37:24,213,Flat
2021-02-11T02:42:25,213,Flat
2021-02-11T02:47:25,214,Flat
2021-02-11T02:52:24,213,Flat
2021-02-11T02:57:24,212,Flat
2021-02-11T03:02:25,206,FortyFiveDown
2021-02-11T03:07:24,211,FortyFiveUp
2021-02-11T03:12:25,213,Flat
2021-02-11T03:17:25,208,FortyFiveDown
2021-02-11T03:22:25,210,Flat
2021-02-11T03:27:25,207,Flat
2021-02-11T03:32:24,210,Flat
2021-02-11T03:37:24,208,Flat
2021-02-11T03:42:25,209,Flat
2021-02-11T03:47:25,209,Flat
2021-02-11T03:52:25,211,Flat
2021-02-11T03:57:25,205,FortyFiveDown
2021-02-11T04:02:24,205,Flat
2021-02-11T04:07:24,211,FortyFiveUp
2021-02-11T04:12:25,212,Flat
2021-02-11T04:17:25,214,Flat
2021-02-11T04:22:25,215,Flat
2021-02-11T04:27:25,208,FortyFiveDown
2021-02-11T04:32:25,213,FortyFiveUp
2021-02-11T04:37:25,214,Flat
2021-02-11T04:42:25,214,Flat
2021-02-11T04:47:25,214,Flat
2021-02-11T04:52:25,209,FortyFiveDown
2021-02-11T04:57:25,213,Flat
2021-02-11T05:02:25,215,Flat
2021-02-11T05:07:25,216,Flat
2021-02-11T05:12:25,209,FortyFiveDown
2021-02-11T05:17:25,212,Flat
2021-02-11T05:22:25,217,FortyFiveUp
2021-02-11T05:27:25,217,Flat
2021-02-11T05:32:25,214,Flat
2021-02-11T05:37:24,217,Flat
2021-02-11T05:42:24,216,Flat
2021-02-11T05:47:24,216,Flat
2021-02-11T05:52:25,214,Flat
2021-02-11T05:57:25,216,Flat
2021-02-11T06:02:25,216,Flat
2021-02-11T06:07:25,216,Flat
2021-02-11T06:12:25,218,Flat
2021-02-11T06:17:25,217,Flat
2021-02-11T06:22:25,221,Flat
2021-02-11T06:27:25,221,Flat
2021-02-11T06:32:25,222,Flat
2021-02-11T06:37:25,221,Flat
2021-02-11T06:42:25,221,Flat
2021-02-11T06:47:25,222,Flat
2021-02-11T06:52:26,224,Flat
2021-02-11T06:57:25,223,Flat
2021-02-11T07:02:25,224,Flat
2021-02-11T07:07:25,223,Flat
2021-02-11T07:12:25,224,Flat
2021-02-11T07:17:25,225,Flat
2021-02-11T07:22:26,223,Flat
2021-02-11T07:27:25,225,Flat
2021-02-11T07:32:26,229,Flat
2021-02-11T07:37:25,228,Flat
2021-02-11T07:42:25,230,Flat
2021-02-11T07:47:26,232,Flat
2021-02-11T07:52:26,231,Flat
2021-02-11T07:57:25,234,Flat
2021-02-11T08:02:25,235,Flat
2021-02-11T08:07:25,236,Flat
2021-02-11T08:12:26,236,Flat
2021-02-11T08:17:25,223,SingleDown
2021-02-11T08:22:26,222,Flat
2021-02-11T08:27:26,229,FortyFiveUp
2021-02-11T08:32:26,230,Flat
2021-02-11T08:37:25,235,FortyFiveUp
2021-02-11T08:42:26,231,Flat
2021-02-11T08:47:26,220,SingleDown
2021-02-11T08:52:26,243,DoubleUp
2021-02-11T08:57:26,259,DoubleUp
2021-02-11T09:02:25,254,FortyFiveDown
2021-02-11T09:07:25,247,FortyFiveDown
2021-02-11T09:12:26,248,Flat
2021-02-11T09:17:25,251,Flat
2021-02-11T09:22:25,255,Flat
2021-02-11T09:27:25,254,Flat
2021-02-11T09:32:26,252,Flat
2021-02-11T09:37:25,248,Flat
2021-02-11T09:42:25,254,FortyFiveUp
2021-02-11T09:47:25,250,Flat
2021-02-11T09:52:26,245,Flat
2021-02-11T09:57:26,246,Flat
2021-02-11T10:02:25,247,Flat
2021-02-11T10:07:25,233,SingleDown
2021-02-11T10:12:25,229,Flat
2021-02-11T10:17:25,234,FortyFiveUp
2021-02-11T10:22:26,242,FortyFiveUp
2021-02-11T10:27:26,252,SingleUp
2021-02-11T10:32:25,253,Flat
2021-02-11T10:37:26,256,Flat
2021-02-11T10:42:26,264,FortyFiveUp
2021-02-11T10:47:26,272,FortyFiveUp
2021-02-11T10:52:25,263,FortyFiveDown
2021-02-11T10:57:26,278,SingleUp
2021-02-11T11:02:26,287,FortyFiveUp
2021-02-11T11:07:26,268,DoubleDown
2021-02-11T11:12:26,276,FortyFiveUp
2021-02-11T11:17:26,287,SingleUp
2021-02-11T11:22:26,285,Flat
2021-02-11T11:27:25,261,DoubleDown
2021-02-11T11:32:26,251,FortyFiveDown
2021-02-11T11:37:26,260,FortyFiveUp
2021-02-11T11:42:26,279,DoubleUp
2021-02-11T11:47:26,286,FortyFiveUp
2021-02-11T11:52:26,293,FortyFiveUp
2021-02-11T11:57:26,297,Flat
2021-02-11T12:02:26,301,Flat
2021-02-11T12:07:26,297,Flat
2021-02-11T12:12:26,294,Flat
2021-02-11T12:17:26,290,Flat
2021-02-11T12:22:26,290,Flat
2021-02-11T12:27:26,296,FortyFiveUp
2021-02-11T12:32:26,304,FortyFiveUp
2021-02-11T12:37:25,302,Flat
2021-02-11T12:42:26,295,FortyFiveDown
2021-02-11T12:47:26,292,Flat
2021-02-11T12:52:26,286,FortyFiveDown
2021-02-11T12:57:26,278,FortyFiveDown
2021-02-11T13:02:26,272,FortyFiveDown
2021-02-11T13:07:26,255,DoubleDown
2021-02-11T13:12:26,245,SingleDown
2021-02-11T13:17:26,234,SingleDown
2021-02-11T13:22:26,221,SingleDown
2021-02-11T13:27:26,210,SingleDown
2021-02-11T13:32:26,200,SingleDown
2021-02-11T13:37:26,187,SingleDown
2021-02-11T13:42:26,173,SingleDown
2021-02-11T13:47:26,158,DoubleDown
2021-02-11T13:52:26,148,SingleDown
2021-02-11T13:57:26,138,SingleDown
2021-02-11T14:02:26,128,SingleDown
2021-02-11T14:07:26,119,FortyFiveDown
2021-02-11T14:12:26,113,FortyFiveDown
2021-02-11T14:17:26,107,FortyFiveDown
2021-02-11T14:22:26,100,FortyFiveDown
2021-02-11T14:27:26,95,FortyFiveDown
2021-02-11T14:32:26,81,SingleDown
2021-02-11T14:37:27,75,FortyFiveDown
2021-02-11T14:42:26,70,FortyFiveDown
2021-02-11T14:47:26,62,FortyFiveDown
2021-02-11T14:52:26,70,FortyFiveUp
2021-02-11T14:57:26,82,SingleUp
2021-02-11T15:02:26,94,SingleUp
2021-02-11T15:07:26,109,DoubleUp
2021-02-11T15:12:26,122,SingleUp
2021-02-11T15:17:27,144,DoubleUp
2021-02-11T15:22:26,165,DoubleUp
2021-02-11T15:27:26,157,FortyFiveDown
2021-02-11T15:32:26,158,Flat
2021-02-11T15:37:27,171,SingleUp
2021-02-11T15:42:27,170,Flat
2021-02-11T15:47:26,186,DoubleUp
2021-02-11T15:52:26,189,Flat
2021-02-11T15:57:26,192,Flat
2021-02-11T16:02:26,196,Flat
2021-02-11T16:07:26,193,Flat
2021-02-11T16:12:27,194,Flat
2021-02-11T16:17:27,193,Flat
2021-02-11T16:22:27,195,Flat
2021-02-11T16:27:26,186,FortyFiveDown
2021-02-11T16:32:27,182,Flat
2021-02-11T16:37:26,180,Flat
2021-02-11T16:42:27,183,Flat
2021-02-11T16:47:27,183,Flat
2021-02-11T16:52:26,180,Flat
2021-02-11T16:57:27,174,FortyFiveDown
2021-02-11T17:02:27,168,FortyFiveDown
2021-02-11T17:07:27,173,FortyFiveUp
2021-02-11T17:12:27,176,Flat
2021-02-11T17:17:26,176,Flat
2021-02-11T17:22:27,176,Flat
2021-02-11T17:27:26,178,Flat
2021-02-11T17:32:26,179,Flat
2021-02-11T17:37:27,178,Flat
2021-02-11T17:42:26,179,Flat
2021-02-11T17:47:27,180,Flat
2021-02-11T17:52:26,182,Flat
2021-02-11T17:57:26,186,Flat
2021-02-11T18:02:27,191,Flat
2021-02-11T18:07:26,195,Flat
2021-02-11T18:12:27,200,Flat
2021-02-11T18:17:27,207,FortyFiveUp
2021-02-11T18:22:27,212,FortyFiveUp
2021-02-11T18:27:27,208,Flat
2021-02-11T18:32:26,202,FortyFiveDown
2021-02-11T18:37:26,207,FortyFiveUp
2021-02-11T18:42:27,216,FortyFiveUp
2021-02-11T18:47:27,210,FortyFiveDown
2021-02-11T18:52:27,206,Flat
2021-02-11T18:57:27,201,FortyFiveDown
2021-02-11T19:02:27,195,FortyFiveDown
2021-02-11T19:07:27,187,FortyFiveDown
2021-02-11T19:12:27,182,FortyFiveDown
2021-02-11T19:17:27,181,Flat
2021-02-11T19:22:27,177,Flat
2021-02-11T19:27:27,169,FortyFiveDown
2021-02-11T19:32:27,170,Flat
2021-02-11T19:37:27,162,FortyFiveDown
2021-02-11T19:42:27,161,Flat
2021-02-11T19:47:27,157,Flat
2021-02-11T19:52:27,147,SingleDown
2021-02-11T19:57:26,143,Flat
2021-02-11T20:02:26,141,Flat
2021-02-11T20:07:27,148,FortyFiveUp
2021-02-11T20:12:27,154,FortyFiveUp
2021-02-11T20:17:27,160,FortyFiveUp
2021-02-11T20:22:27,167,FortyFiveUp
2021-02-11T20:27:27,176,FortyFiveUp
2021-02-11T20:32:27,183,FortyFiveUp
2021-02-11T20:37:27,187,Flat
2021-02-11T20:42:27,179,FortyFiveDown
2021-02-11T20:47:27,181,Flat
2021-02-11T20:52:27,183,Flat
2021-02-11T20:57:28,186,Flat
2021-02-11T21:02:27,187,Flat
2021-02-11T21:07:27,188,Flat
2021-02-11T21:12:27,188,Flat
2021-02-11T21:17:27,194,FortyFiveUp
2021-02-11T21:22:27,197,Flat
2021-02-11T21:27:27,198,Flat
2021-02-11T21:32:27,199,Flat
2021-02-11T21:37:27,202,Flat
2021-02-11T21:42:27,205,Flat
2021-02-11T21:47:27,212,FortyFiveUp
2021-02-11T21:52:27,217,FortyFiveUp
2021-02-11T21:57:27,219,Flat
2021-02-11T22:02:28,218,Flat
2021-02-11T22:07:27,222,Flat
2021-02-11T22:12:27,226,Flat
2021-02-11T22:17:27,227,Flat
2021-02-11T22:22:28,225,Flat
2021-02-11T22:27:27,216,FortyFiveDown
2021-02-11T22:32:27,221,FortyFiveUp
2021-02-11T22:37:27,225,Flat
2021-02-11T22:42:28,217,FortyFiveDown
2021-02-11T22:47:28,220,Flat
2021-02-11T22:52:27,223,Flat
2021-02-11T22:57:27,216,FortyFiveDown
2021-02-11T23:02:27,225,FortyFiveUp
2021-02-11T23:07:27,233,FortyFiveUp
2021-02-11T23:12:27,229,Flat
2021-02-11T23:17:28,225,Flat
2021-02-11T23:22:27,220,FortyFiveDown
2021-02-11T23:27:27,222,Flat
2021-02-11T23:32:28,221,Flat
2021-02-11T23:37:27,220,Flat
2021-02-11T23:42:27,217,Flat
2021-02-11T23:47:27,218,Flat
2021-02-11T23:52:28,216,Flat
2021-02-11T23:57:28,214,Flat
2021-02-12T00:02:28,214,Flat
2021-02-12T00:07:27,217,Flat
2021-02-12T00:12:28,217,Flat
2021-02-12T00:17:28,216,Flat
2021-02-12T00:22:27,215,Flat
2021-02-12T00:27:27,213,Flat
2021-02-12T00:32:28,214,Flat
2021-02-12T00:37:27,215,Flat
2021-02-12T00:42:27,214,Flat
2021-02-12T00:47:27,213,Flat
2021-02-12T00:52:28,212,Flat
2021-02-12T00:57:27,213,Flat
2021-02-12T01:02:28,212,Flat
2021-02-12T01:07:28,211,Flat
2021-02-12T01:12:28,210,Flat
2021-02-12T01:17:28,209,Flat
2021-02-12T01:22:27,209,Flat
2021-02-12T01:27:28,209,Flat
2021-02-12T01:32:28,209,Flat
2021-02-12T01:37:28,208,Flat
2021-02-12T01:42:28,209,Flat
2021-02-12T01:47:27,208,Flat
2021-02-12T01:52:28,206,Flat
2021-02-12T01:57:28,205,Flat
2021-02-12T02:02:28,203,Flat
2021-02-12T02:07:28,203,Flat
2021-02-12T02:12:28,202,Flat
2021-02-12T02:17:28,201,Flat
2021-02-12T02:22:28,200,Flat
2021-02-12T02:27:28,202,Flat
2021-02-12T02:32:28,201,Flat
2021-02-12T02:37:28,200,Flat
2021-02-12T02:42:28,201,Flat
2021-02-12T02:47:28,201,Flat
2021-02-12T02:52:28,200,Flat
2021-02-12T02:57:28,199,Flat
2021-02-12T03:02:28,198,Flat
2021-02-12T03:07:28,196,Flat
2021-02-12T03:12:28,197,Flat
2021-02-12T03:17:27,198,Flat
2021-02-12T03:22:28,197,Flat
2021-02-12T03:27:28,197,Flat
2021-02-12T03:32:28,197,Flat
2021-02-12T03:37:28,195,Flat
2021-02-12T03:42:28,197,Flat
2021-02-12T03:47:28,198,Flat
2021-02-12T03:52:28,197,Flat
2021-02-12T03:57:29,199,Flat
2021-02-12T04:02:28,199,Flat
2021-02-12T04:07:28,197,Flat
2021-02-12T04:12:28,198,Flat
2021-02-12T04:17:28,200,Flat
2021-02-12T04:22:28,201,Flat
2021-02-12T04:27:28,200,Flat
2021-02-12T04:32:28,202,Flat
2021-02-12T04:37:28,202,Flat
2021-02-12T04:42:29,203,Flat
2021-02-12T04:47:28,205,Flat
2021-02-12T04:52:28,205,Flat
2021-02-12T04:57:29,207,Flat
2021-02-12T05:02:28,207,Flat
2021-02-12T05:07:28,208,Flat
2021-02-12T05:12:28,210,Flat
2021-02-12T05:17:28,211,Flat
2021-02-12T05:22:28,211,Flat
2021-02-12T05:27:28,211,Flat
2021-02-12T05:32:28,211,Flat
2021-02-12T05:37:28,212,Flat
2021-02-12T05:42:29,213,Flat
2021-02-12T05:47:28,214,Flat
2021-02-12T05:52:28,212,Flat
2021-02-12T05:57:28,210,Flat
2021-02-12T06:02:28,209,Flat
2021-02-12T06:07:28,209,Flat
2021-02-12T06:12:28,210,Flat
2021-02-12T06:17:28,210,Flat
2021-02-12T06:22:28,214,Flat
2021-02-12T06:27:28,215,Flat
2021-02-12T06:32:29,213,Flat
2021-02-12T06:37:29,212,Flat
2021-02-12T06:42:28,214,Flat
2021-02-12T06:47:29,214,Flat
2021-02-12T06:52:29,216,Flat
2021-02-12T06:57:29,217,Flat
2021-02-12T07:02:29,219,Flat
2021-02-12T07:07:29,219,Flat
2021-02-12T07:12:28,218,Flat
2021-02-12T07:17:28,220,Flat
2021-02-12T07:22:29,220,Flat
2021-02-12T07:27:29,221,Flat
2021-02-12T07:32:29,223,Flat
2021-02-12T07:37:29,223,Flat
2021-02-12T07:42:29,224,Flat
2021-02-12T07:47:28,224,Flat
2021-02-12T07:52:29,224,Flat
2021-02-12T07:57:28,224,Flat
2021-02-12T08:02:28,223,Flat
2021-02-12T08:07:29,224,Flat
2021-02-12T08:12:29,222,Flat
2021-02-12T08:17:29,226,Flat
2021-02-12T08:22:29,226,Flat
2021-02-12T08:27:29,219,FortyFiveDown
2021-02-12T08:32:29,214,FortyFiveDown
2021-02-12T08:37:29,218,Flat
2021-02-12T08:42:28,219,Flat
2021-02-12T08:47:29,212,FortyFiveDown
2021-02-12T08:52:29,205,FortyFiveDown
2021-02-12T08:57:28,213,FortyFiveUp
2021-02-12T09:02:29,230,DoubleUp
2021-02-12T09:07:29,241,SingleUp
2021-02-12T09:12:28,260,DoubleUp
2021-02-12T09:17:29,262,Flat
2021-02-12T09:22:29,239,DoubleDown
2021-02-12T09:27:29,222,DoubleDown
2021-02-12T09:32:29,235,SingleUp
2021-02-12T09:37:29,253,DoubleUp
2021-02-12T09:42:29,257,Flat
2021-02-12T09:47:29,259,Flat
2021-02-12T09:52:29,261,Flat
2021-02-12T09:57:29,254,FortyFiveDown
2021-02-12T10:02:29,252,Flat
2021-02-12T10:07:29,250,Flat
2021-02-12T10:12:29,242,FortyFiveDown
2021-02-12T10:17:29,261,DoubleUp
2021-02-12T10:22:29,282,DoubleUp
2021-02-12T10:27:29,281,Flat
2021-02-12T10:32:29,286,FortyFiveUp
2021-02-12T10:37:29,304,DoubleUp
2021-02-12T10:42:29,318,SingleUp
2021-02-12T10:47:29,321,Flat
2021-02-12T10:52:29,317,Flat
2021-02-12T10:57:29,314,Flat
2021-02-12T11:02:29,303,SingleDown
2021-02-12T11:07:29,296,FortyFiveDown
2021-02-12T11:12:29,288,FortyFiveDown
2021-02-12T11:17:29,272,DoubleDown
2021-02-12T11:22:29,269,Flat
2021-02-12T11:27:29,269,Flat
2021-02-12T11:32:29,262,FortyFiveDown
2021-02-12T11:37:29,257,FortyFiveDown
2021-02-12T11:42:29,254,Flat
2021-02-12T11:47:29,245,FortyFiveDown
2021-02-12T11:52:29,239,FortyFiveDown
2021-02-12T11:57:29,236,Flat
2021-02-12T12:02:29,231,FortyFiveDown
2021-02-12T12:07:29,228,Flat
2021-02-12T12:12:29,223,FortyFiveDown
2021-02-12T12:17:29,218,FortyFiveDown
2021-02-12T12:22:29,213,FortyFiveDown
2021-02-12T12:27:30,205,FortyFiveDown
2021-02-12T12:32:30,196,FortyFiveDown
2021-02-12T12:37:29,193,Flat
2021-02-12T12:42:30,188,Flat
2021-02-12T12:47:30,183,FortyFiveDown
2021-02-12T12:52:29,178,FortyFiveDown
2021-02-12T12:57:30,176,Flat
2021-02-12T13:02:29,172,Flat
2021-02-12T13:07:30,168,Flat
2021-02-12T13:12:30,162,FortyFiveDown
2021-02-12T13:17:29,160,Flat
2021-02-12T13:22:30,157,Flat
2021-02-12T13:27:30,154,Flat
2021-02-12T13:32:30,150,Flat
2021-02-12T13:37:29,148,Flat
2021-02-12T13:42:30,143,Flat
2021-02-12T13:47:30,141,Flat
2021-02-12T13:52:30,130,SingleDown
2021-02-12T13:57:29,129,Flat
2021-02-12T14:02:30,126,Flat
2021-02-12T14:07:30,122,Flat
2021-02-12T14:12:29,120,Flat
2021-02-12T14:17:30,116,Flat
2021-02-12T14:22:30,113,Flat
2021-02-12T14:27:30,111,Flat
2021-02-12T14:32:30,106,FortyFiveDown
2021-02-12T14:37:30,102,Flat
2021-02-12T14:42:30,99,Flat
2021-02-12T14:47:30,95,Flat
2021-02-12T14:52:29,91,Flat
2021-02-12T14:57:29,81,SingleDown
2021-02-12T15:02:30,80,Flat
2021-02-12T15:07:30,82,Flat
2021-02-12T15:12:30,81,Flat
2021-02-12T15:17:30,81,Flat
2021-02-12T15:22:29,81,Flat
2021-02-12T15:27:30,83,Flat
2021-02-12T15:32:30,84,Flat
2021-02-12T15:37:29,84,Flat
2021-02-12T15:42:30,86,Flat
2021-02-12T15:47:30,81,FortyFiveDown
2021-02-12T15:52:30,87,FortyFiveUp
2021-02-12T15:57:30,91,Flat
2021-02-12T16:02:30,95,Flat
2021-02-12T16:07:29,106,SingleUp
2021-02-12T16:12:30,113,FortyFiveUp
2021-02-12T16:17:30,110,Flat
2021-02-12T16:22:30,111,Flat
2021-02-12T16:27:30,117,FortyFiveUp
2021-02-12T16:32:29,123,FortyFiveUp
2021-02-12T16:37:30,135,SingleUp
2021-02-12T16:42:30,141,FortyFiveUp
2021-02-12T16:47:30,140,Flat
2021-02-12T16:52:30,145,FortyFiveUp
2021-02-12T16:57:29,144,Flat
2021-02-12T17:02:30,140,Flat
2021-02-12T17:07:30,137,Flat
2021-02-12T17:12:30,147,SingleUp
2021-02-12T17:17:30,152,FortyFiveUp
2021-02-12T17:22:30,150,Flat
2021-02-12T17:27:30,151,Flat
2021-02-12T17:32:31,156,Flat
2021-02-12T17:37:30,159,Flat
2021-02-12T17:42:30,165,FortyFiveUp
2021-02-12T17:47:30,178,SingleUp
2021-02-12T17:52:30,191,SingleUp
2021-02-12T17:57:30,207,DoubleUp
2021-02-12T18:02:30,216,FortyFiveUp
2021-02-12T18:07:30,221,FortyFiveUp
2021-02-12T18:12:30,226,FortyFiveUp
2021-02-12T18:17:30,231,FortyFiveUp
2021-02-12T18:22:30,236,FortyFiveUp
2021-02-12T18:27:30,237,Flat
2021-02-12T18:32:30,228,FortyFiveDown
2021-02-12T18:37:30,228,Flat
2021-02-12T18:42:31,229,Flat
2021-02-12T18:47:30,233,Flat
2021-02-12T18:52:30,227,FortyFiveDown
2021-02-12T18:57:30,243,DoubleUp
2021-02-12T19:02:31,245,Flat
2021-02-12T19:07:30,254,FortyFiveUp
2021-02-12T19:12:30,262,FortyFiveUp
2021-02-12T19:17:30,259,Flat
2021-02-12T19:22:30,250,FortyFiveDown
2021-02-12T19:27:30,237,SingleDown
2021-02-12T19:32:30,236,Flat
2021-02-12T19:37:30,240,Flat
2021-02-12T19:42:30,245,FortyFiveUp
2021-02-12T19:47:30,242,Flat
2021-02-12T19:52:31,254,SingleUp
2021-02-12T19:57:30,250,Flat
2021-02-12T20:02:31,251,Flat
2021-02-12T20:07:30,257,FortyFiveUp
2021-02-12T20:12:30,255,Flat
2021-02-12T20:17:30,257,Flat
2021-02-12T20:22:31,245,SingleDown
2021-02-12T20:27:30,248,Flat
2021-02-12T20:32:30,252,Flat
2021-02-12T20:37:30,254,Flat
2021-02-12T20:42:30,254,Flat
2021-02-12T20:47:31,254,Flat
2021-02-12T20:52:30,250,Flat
2021-02-12T20:57:31,248,Flat
2021-02-12T21:02:31,244,Flat
2021-02-12T21:07:30,239,FortyFiveDown
2021-02-12T21:12:30,244,FortyFiveUp
2021-02-12T21:17:31,245,Flat
2021-02-12T21:22:31,236,FortyFiveDown
2021-02-12T21:27:31,246,SingleUp
2021-02-12T21:32:31,255,FortyFiveUp
2021-02-12T21:37:30,251,Flat
2021-02-12T21:42:31,248,Flat
2021-02-12T21:47:31,241,FortyFiveDown
2021-02-12T21:52:30,241,Flat
2021-02-12T21:57:31,242,Flat
2021-02-12T22:02:31,241,Flat
2021-02-12T22:07:31,240,Flat
2021-02-12T22:12:31,242,Flat
2021-02-12T22:17:31,241,Flat
2021-02-12T22:22:31,242,Flat
2021-02-12T22:27:31,241,Flat
2021-02-12T22:32:30,238,Flat
2021-02-12T22:37:31,241,Flat
2021-02-12T22:42:31,241,Flat
2021-02-12T22:47:31,230,SingleDown
2021-02-12T22:52:31,225,FortyFiveDown
2021-02-12T22:57:31,227,Flat
2021-02-12T23:02:31,227,Flat
2021-02-12T23:07:30,231,Flat
2021-02-12T23:12:31,228,Flat
2021-02-12T23:17:31,235,FortyFiveUp
2021-02-12T23:22:31,228,FortyFiveDown
2021-02-12T23:27:31,231,Flat
2021-02-12T23:32:31,237,FortyFiveUp
2021-02-12T23:37:31,232,FortyFiveDown
2021-02-12T23:42:31,234,Flat
2021-02-12T23:47:31,225,FortyFiveDown
2021-02-12T23:52:31,223,Flat
2021-02-12T23:57:31,228,FortyFiveUp
2021-02-13T00:02:31,228,Flat
2021-02-13T00:07:31,228,Flat
2021-02-13T00:12:31,228,Flat
2021-02-13T00:17:31,230,Flat
2021-02-13T00:22:31,226,Flat
2021-02-13T00:27:31,223,Flat
2021-02-13T00:32:31,223,Flat
2021-02-13T00:37:31,224,Flat
2021-02-13T00:42:31,223,Flat
2021-02-13T00:47:31,225,Flat
2021-02-13T00:52:31,222,Flat
2021-02-13T00:57:31,219,Flat
2021-02-13T01:02:31,220,Flat
2021-02-13T01:07:31,224,Flat
2021-02-13T01:12:31,227,Flat
2021-02-13T01:17:31,229,Flat
2021-02-13T01:22:31,233,Flat
2021-02-13T01:27:31,237,Flat
2021-02-13T01:32:31,243,FortyFiveUp
2021-02-13T01:37:31,245,Flat
2021-02-13T01:42:31,251,FortyFiveUp
2021-02-13T01:47:31,258,FortyFiveUp
2021-02-13T01:52:31,265,FortyFiveUp
2021-02-13T01:57:31,271,FortyFiveUp
2021-02-13T02:02:31,276,FortyFiveUp
2021-02-13T02:07:32,279,Flat
2021-02-13T02:12:31,285,FortyFiveUp
2021-02-13T02:17:31,286,Flat
2021-02-13T02:22:31,297,SingleUp
2021-02-13T02:27:31,306,FortyFiveUp
2021-02-13T02:32:32,317,SingleUp
2021-02-13T02:37:31,323,FortyFiveUp
2021-02-13T02:42:31,334,SingleUp
2021-02-13T02:47:32,342,FortyFiveUp
2021-02-13T02:52:31,348,FortyFiveUp
2021-02-13T02:57:31,350,Flat
2021-02-13T03:02:32,352,Flat
2021-02-13T03:07:31,354,Flat
2021-02-13T03:12:31,352,Flat
2021-02-13T03:17:32,338,SingleDown
2021-02-13T03:22:32,335,Flat
2021-02-13T03:27:32,344,FortyFiveUp
2021-02-13T03:32:31,345,Flat
2021-02-13T03:37:32,338,FortyFiveDown
2021-02-13T03:42:31,326,SingleDown
2021-02-13T03:47:32,315,SingleDown
2021-02-13T03:52:31,306,FortyFiveDown
2021-02-13T03:57:32,294,SingleDown
2021-02-13T04:02:32,283,SingleDown
2021-02-13T04:07:32,273,SingleDown
2021-02-13T04:12:32,260,SingleDown
2021-02-13T04:17:32,250,SingleDown
2021-02-13T04:22:31,240,SingleDown
2021-02-13T04:27:31,227,SingleDown
2021-02-13T04:32:32,219,FortyFiveDown
2021-02-13T04:37:32,214,FortyFiveDown
2021-02-13T04:42:32,205,FortyFiveDown
2021-02-13T04:47:32,200,FortyFiveDown
2021-02-13T04:52:32,198,Flat
2021-02-13T04:57:32,195,Flat
2021-02-13T05:02:31,191,Flat
2021-02-13T05:07:31,190,Flat
2021-02-13T05:12:32,184,FortyFiveDown
2021-02-13T05:17:32,180,Flat
2021-02-13T05:22:32,178,Flat
2021-02-13T05:27:31,177,Flat
2021-02-13T05:32:32,174,Flat
2021-02-13T05:37:32,174,Flat
2021-02-13T05:42:32,175,Flat
2021-02-13T05:47:31,176,Flat
2021-02-13T05:52:32,177,Flat
2021-02-13T05:57:32,177,Flat
2021-02-13T06:02:32,177,Flat
2021-02-13T06:07:32,177,Flat
2021-02-13T06:12:32,175,Flat
2021-02-13T06:17:32,175,Flat
2021-02-13T06:22:31,179,Flat
2021-02-13T06:27:32,180,Flat
2021-02-13T06:32:32,184,Flat
2021-02-13T06:37:32,181,Flat
2021-02-13T06:42:32,182,Flat
2021-02-13T06:47:32,183,Flat
2021-02-13T06:52:32,185,Flat
2021-02-13T06:57:32,185,Flat
2021-02-13T07:02:32,190,FortyFiveUp
2021-02-13T07:07:32,190,Flat
2021-02-13T07:12:32,192,Flat
2021-02-13T07:17:32,191,Flat
2021-02-13T07:22:32,183,FortyFiveDown
2021-02-13T07:27:32,184,Flat
2021-02-13T07:32:32,189,FortyFiveUp
2021-02-13T07:37:32,186,Flat
2021-02-13T07:42:32,177,FortyFiveDown
2021-02-13T07:47:32,188,SingleUp
2021-02-13T07:52:32,202,SingleUp
2021-02-13T07:57:33,192,FortyFiveDown
2021-02-13T08:02:32,179,SingleDown
2021-02-13T08:07:32,184,FortyFiveUp
2021-02-13T08:12:32,198,SingleUp
2021-02-13T08:17:33,200,Flat
2021-02-13T08:22:33,200,Flat
2021-02-13T08:27:32,208,FortyFiveUp
2021-02-13T08:32:32,212,Flat
2021-02-13T08:37:32,218,FortyFiveUp
2021-02-13T08:42:32,222,Flat
2021-02-13T08:47:32,226,Flat
2021-02-13T08:52:32,216,SingleDown
2021-02-13T08:57:33,212,Flat
2021-02-13T09:02:32,214,Flat
2021-02-13T09:07:33,225,SingleUp
2021-02-13T09:12:32,239,SingleUp
2021-02-13T09:17:32,244,FortyFiveUp
2021-02-13T09:22:32,245,Flat
2021-02-13T09:27:32,246,Flat
2021-02-13T09:32:32,246,Flat
2021-02-13T09:37:32,246,Flat
2021-02-13T09:42:33,247,Flat
2021-02-13T09:47:33,248,Flat
2021-02-13T09:52:32,249,Flat
2021-02-13T09:57:33,230,DoubleDown
2021-02-13T10:02:32,220,SingleDown
2021-02-13T10:07:33,219,Flat
2021-02-13T10:12:32,232,SingleUp
2021-02-13T10:17:32,244,SingleUp
2021-02-13T10:22:32,245,Flat
2021-02-13T10:27:32,246,Flat
2021-02-13T10:32:33,246,Flat
2021-02-13T10:37:32,245,Flat
2021-02-13T10:42:33,245,Flat
2021-02-13T10:47:33,240,FortyFiveDown
2021-02-13T10:52:33,245,FortyFiveUp
2021-02-13T10:57:33,244,Flat
2021-02-13T11:02:33,240,Flat
2021-02-13T11:07:32,243,Flat
2021-02-13T11:12:33,242,Flat
2021-02-13T11:17:32,239,Flat
2021-02-13T11:22:33,243,Flat
2021-02-13T11:27:33,253,SingleUp
2021-02-13T11:32:32,254,Flat
2021-02-13T11:37:32,247,FortyFiveDown
2021-02-13T11:42:33,242,Flat
2021-02-13T11:47:33,235,FortyFiveDown
2021-02-13T11:52:33,234,Flat
2021-02-13T11:57:33,236,Flat
2021-02-13T12:02:33,237,Flat
2021-02-13T12:07:32,250,SingleUp
2021-02-13T12:12:33,247,Flat
2021-02-13T12:17:33,256,FortyFiveUp
2021-02-13T12:22:33,266,SingleUp
2021-02-13T12:27:33,267,Flat
2021-02-13T12:32:33,276,FortyFiveUp
2021-02-13T12:37:33,278,Flat
2021-02-13T12:42:32,277,Flat
2021-02-13T12:47:33,280,Flat
2021-02-13T12:52:32,282,Flat
2021-02-13T12:57:33,279,Flat
2021-02-13T13:02:33,269,SingleDown
2021-02-13T13:07:33,275,FortyFiveUp
2021-02-13T13:12:33,274,Flat
2021-02-13T13:17:33,270,Flat
2021-02-13T13:22:33,271,Flat
2021-02-13T13:27:33,263,FortyFiveDown
2021-02-13T13:32:33,250,SingleDown
2021-02-13T13:37:33,253,Flat
2021-02-13T13:42:32,260,FortyFiveUp
2021-02-13T13:47:33,266,FortyFiveUp
2021-02-13T13:52:33,265,Flat
2021-02-13T13:57:33,265,Flat
2021-02-13T14:02:33,258,FortyFiveDown
2021-02-13T14:07:33,255,Flat
2021-02-13T14:12:33,251,Flat
2021-02-13T14:17:33,245,FortyFiveDown
2021-02-13T14:22:33,247,Flat
2021-02-13T14:27:33,247,Flat
2021-02-13T14:32:34,250,Flat
2021-02-13T14:37:33,249,Flat
2021-02-13T14:42:33,232,DoubleDown
2021-02-13T14:47:33,228,Flat
2021-02-13T14:52:33,232,Flat
2021-02-13T14:57:34,226,FortyFiveDown
2021-02-13T15:02:33,225,Flat
2021-02-13T15:07:33,215,SingleDown
2021-02-13T15:12:33,214,Flat
2021-02-13T15:17:33,216,Flat
2021-02-13T15:22:33,215,Flat
2021-02-13T15:27:33,207,FortyFiveDown
2021-02-13T15:32:34,201,FortyFiveDown
2021-02-13T15:37:33,196,FortyFiveDown
2021-02-13T15:42:33,191,FortyFiveDown
2021-02-13T15:47:34,186,Flat
2021-02-13T15:52:33,188,Flat
2021-02-13T15:57:33,182,FortyFiveDown
2021-02-13T16:02:33,178,Flat
2021-02-13T16:07:33,178,Flat
2021-02-13T16:12:33,178,Flat
2021-02-13T16:17:34,179,Flat
2021-02-13T16:22:34,175,Flat
2021-02-13T16:27:33,169,FortyFiveDown
2021-02-13T16:32:34,165,Flat
2021-02-13T16:37:33,166,Flat
2021-02-13T16:42:33,167,Flat
2021-02-13T16:47:33,167,Flat
2021-02-13T16:52:33,167,Flat
2021-02-13T16:57:33,167,Flat
2021-02-13T17:02:34,165,Flat
2021-02-13T17:07:33,164,Flat
2021-02-13T17:12:34,166,Flat
2021-02-13T17:17:34,165,Flat
2021-02-13T17:22:34,166,Flat
2021-02-13T17:27:33,169,Flat
2021-02-13T17:32:34,171,Flat
2021-02-13T17:37:34,182,SingleUp
2021-02-13T17:42:34,187,FortyFiveUp
2021-02-13T17:47:34,203,DoubleUp
2021-02-13T17:52:33,210,FortyFiveUp
2021-02-13T17:57:34,216,FortyFiveUp
2021-02-13T18:02:34,230,SingleUp
2021-02-13T18:07:34,239,FortyFiveUp
2021-02-13T18:12:34,242,Flat
2021-02-13T18:17:33,234,FortyFiveDown
2021-02-13T18:22:34,225,FortyFiveDown
2021-02-13T18:27:33,221,Flat
2021-02-13T18:32:34,219,Flat
2021-02-13T18:37:33,213,FortyFiveDown
2021-02-13T18:42:34,190,DoubleDown
2021-02-13T18:47:34,185,FortyFiveDown
2021-02-13T18:52:34,190,FortyFiveUp
2021-02-13T18:57:34,195,FortyFiveUp
2021-02-13T19:02:34,191,Flat
2021-02-13T19:07:34,200,FortyFiveUp
2021-02-13T19:12:34,210,SingleUp
2021-02-13T19:17:34,218,FortyFiveUp
2021-02-13T19:22:34,226,FortyFiveUp
2021-02-13T19:27:34,237,SingleUp
2021-02-13T19:32:34,238,Flat
2021-02-13T19:37:33,256,DoubleUp
2021-02-13T19:42:34,264,FortyFiveUp
2021-02-13T19:47:34,272,FortyFiveUp
2021-02-13T19:52:34,278,FortyFiveUp
2021-02-13T19:57:34,282,Flat
2021-02-13T20:02:34,287,FortyFiveUp
2021-02-13T20:07:34,293,FortyFiveUp
2021-02-13T20:12:34,289,Flat
2021-02-13T20:17:34,288,Flat
2021-02-13T20:22:34,292,Flat
2021-02-13T20:27:34,295,Flat
2021-02-13T20:32:33,300,FortyFiveUp
2021-02-13T20:37:34,302,Flat
2021-02-13T20:42:34,304,Flat
2021-02-13T20:47:34,296,FortyFiveDown
2021-02-13T20:52:33,297,Flat
2021-02-13T20:57:34,298,Flat
2021-02-13T21:02:34,300,Flat
2021-02-13T21:07:34,306,FortyFiveUp
2021-02-13T21:12:34,306,Flat
2021-02-13T21:17:34,299,FortyFiveDown
2021-02-13T21:22:34,290,FortyFiveDown
2021-02-13T21:27:34,295,FortyFiveUp
2021-02-13T21:32:34,300,FortyFiveUp
2021-02-13T21:37:34,298,Flat
2021-02-13T21:42:34,294,Flat
2021-02-13T21:47:34,295,Flat
2021-02-13T21:52:34,298,Flat
2021-02-13T21:57:34,297,Flat
2021-02-13T22:02:34,292,FortyFiveDown
2021-02-13T22:07:35,277,SingleDown
2021-02-13T22:12:34,276,Flat
2021-02-13T22:17:34,270,FortyFiveDown
2021-02-13T22:22:34,253,DoubleDown
2021-02-13T22:27:34,255,Flat
2021-02-13T22:32:35,249,FortyFiveDown
2021-02-13T22:37:34,234,DoubleDown
2021-02-13T22:42:34,217,DoubleDown
2021-02-13T22:47:34,210,FortyFiveDown
2021-02-13T22:52:34,204,FortyFiveDown
2021-02-13T22:57:34,197,FortyFiveDown
2021-02-13T23:02:34,190,FortyFiveDown
2021-02-13T23:07:34,180,SingleDown
2021-02-13T23:12:35,170,FortyFiveDown
2021-02-13T23:17:34,169,Flat
2021-02-13T23:22:34,163,FortyFiveDown
2021-02-13T23:27:34,154,FortyFiveDown
2021-02-13T23:32:34,147,FortyFiveDown
2021-02-13T23:37:35,141,FortyFiveDown
2021-02-13T23:42:34,139,Flat
2021-02-13T23:47:34,138,Flat
2021-02-13T23:52:34,148,SingleUp
2021-02-13T23:57:34,155,FortyFiveUp
2021-02-14T00:02:34,164,FortyFiveUp
2021-02-14T00:07:34,170,FortyFiveUp
2021-02-14T00:12:34,178,FortyFiveUp
2021-02-14T00:17:34,187,FortyFiveUp
2021-02-14T00:22:35,185,Flat
2021-02-14T00:27:34,186,Flat
2021-02-14T00:32:34,185,Flat
2021-02-14T00:37:35,187,Flat
2021-02-14T00:42:35,193,FortyFiveUp
2021-02-14T00:47:35,194,Flat
2021-02-14T00:52:34,194,Flat
2021-02-14T00:57:34,191,Flat
2021-02-14T01:02:35,189,Flat
2021-02-14T01:07:35,188,Flat
2021-02-14T01:12:34,187,Flat
2021-02-14T01:17:35,186,Flat
2021-02-14T01:22:35,185,Flat
2021-02-14T01:27:35,185,Flat
2021-02-14T01:32:34,184,Flat
2021-02-14T01:37:34,183,Flat
2021-02-14T01:42:35,179,Flat
2021-02-14T01:47:35,177,Flat
2021-02-14T01:52:35,186,FortyFiveUp
2021-02-14T01:57:35,185,Flat
2021-02-14T02:02:35,183,Flat
2021-02-14T02:07:35,184,Flat
2021-02-14T02:12:35,188,Flat
2021-02-14T02:17:35,188,Flat
2021-02-14T02:22:34,189,Flat
2021-02-14T02:27:35,189,Flat
2021-02-14T02:32:35,185,Flat
2021-02-14T02:37:35,185,Flat
2021-02-14T02:42:35,186,Flat
2021-02-14T02:47:35,186,Flat
2021-02-14T02:52:34,185,Flat
2021-02-14T02:57:34,184,Flat
2021-02-14T03:02:35,183,Flat
2021-02-14T03:07:35,183,Flat
2021-02-14T03:12:35,182,Flat
2021-02-14T03:17:35,180,Flat
2021-02-14T03:22:34,181,Flat
2021-02-14T03:27:34,182,Flat
2021-02-14T03:32:35,182,Flat
2021-02-14T03:37:35,181,Flat
2021-02-14T03:42:35,182,Flat
2021-02-14T03:47:35,182,Flat
2021-02-14T03:52:35,182,Flat
2021-02-14T03:57:34,182,Flat
2021-02-14T04:02:35,180,Flat
2021-02-14T04:07:35,180,Flat
2021-02-14T04:12:35,179,Flat
2021-02-14T04:17:35,179,Flat
2021-02-14T04:22:35,179,Flat
2021-02-14T04:27:35,177,Flat
2021-02-14T04:32:35,175,Flat
2021-02-14T04:37:35,173,Flat
2021-02-14T04:42:35,170,Flat
2021-02-14T04:47:35,173,Flat
2021-02-14T04:52:35,172,Flat
2021-02-14T04:57:36,171,Flat
2021-02-14T05:02:35,171,Flat
2021-02-14T05:07:35,171,Flat
2021-02-14T05:12:35,171,Flat
2021-02-14T05:17:35,172,Flat
2021-02-14T05:22:35,173,Flat
2021-02-14T05:27:35,173,Flat
2021-02-14T05:32:35,171,Flat
2021-02-14T05:37:35,172,Flat
2021-02-14T05:42:35,172,Flat
2021-02-14T05:47:36,174,Flat
2021-02-14T05:52:36,174,Flat
2021-02-14T05:57:36,173,Flat
2021-02-14T06:02:35,172,Flat
2021-02-14T06:07:35,170,Flat
2021-02-14T06:12:35,170,Flat
2021-02-14T06:17:36,170,Flat
2021-02-14T06:22:35,170,Flat
2021-02-14T06:27:35,168,Flat
2021-02-14T06:32:35,165,Flat
2021-02-14T06:37:36,167,Flat
2021-02-14T06:42:35,169,Flat
2021-02-14T06:47:35,172,Flat
2021-02-14T06:52:35,172,Flat
2021-02-14T06:57:35,173,Flat
2021-02-14T07:02:36,174,Flat
2021-02-14T07:07:35,175,Flat
2021-02-14T07:12:36,177,Flat
2021-02-14T07:17:36,177,Flat
2021-02-14T07:22:35,176,Flat
2021-02-14T07:27:36,176,Flat
2021-02-14T07:32:35,176,Flat
2021-02-14T07:37:35,177,Flat
2021-02-14T07:42:35,176,Flat
2021-02-14T07:47:35,176,Flat
2021-02-14T07:52:35,177,Flat
2021-02-14T07:57:35,177,Flat
2021-02-14T08:02:35,178,Flat
2021-02-14T08:07:35,177,Flat
2021-02-14T08:12:36,178,Flat
2021-02-14T08:17:36,180,Flat
2021-02-14T08:22:36,179,Flat
2021-02-14T08:27:35,178,Flat
2021-02-14T08:32:36,177,Flat
2021-02-14T08:37:35,173,Flat
2021-02-14T08:42:36,177,Flat
2021-02-14T08:47:36,180,Flat
2021-02-14T08:52:36,181,Flat
2021-02-14T08:57:36,180,Flat
2021-02-14T09:02:36,179,Flat
2021-02-14T09:07:36,175,Flat
2021-02-14T09:12:35,174,Flat
2021-02-14T09:17:35,166,FortyFiveDown
2021-02-14T09:22:36,171,Flat
2021-02-14T09:27:36,173,Flat
2021-02-14T09:32:36,172,Flat
2021-02-14T09:37:36,163,FortyFiveDown
2021-02-14T09:42:36,167,Flat
2021-02-14T09:47:36,180,SingleUp
2021-02-14T09:52:36,192,SingleUp
2021-02-14T09:57:36,184,FortyFiveDown
2021-02-14T10:02:36,171,SingleDown
2021-02-14T10:07:35,164,FortyFiveDown
2021-02-14T10:12:36,172,FortyFiveUp
2021-02-14T10:17:35,183,SingleUp
2021-02-14T10:22:36,192,FortyFiveUp
2021-02-14T10:27:36,203,SingleUp
2021-02-14T10:32:36,201,Flat
2021-02-14T10:37:36,211,SingleUp
2021-02-14T10:42:36,219,FortyFiveUp
2021-02-14T10:47:36,219,Flat
2021-02-14T10:52:36,230,SingleUp
2021-02-14T10:57:36,242,SingleUp
2021-02-14T11:02:36,255,SingleUp
2021-02-14T11:07:36,263,FortyFiveUp
2021-02-14T11:12:37,256,FortyFiveDown
2021-02-14T11:17:36,255,Flat
2021-02-14T11:22:36,250,FortyFiveDown
2021-02-14T11:27:36,232,DoubleDown
2021-02-14T11:32:36,214,DoubleDown
2021-02-14T11:37:37,210,Flat
2021-02-14T11:42:37,206,Flat
2021-02-14T11:47:37,194,SingleDown
2021-02-14T11:52:36,184,SingleDown
2021-02-14T11:57:36,173,SingleDown
2021-02-14T12:02:36,165,FortyFiveDown
2021-02-14T12:07:36,163,Flat
2021-02-14T12:12:36,162,Flat
2021-02-14T12:17:36,161,Flat
2021-02-14T12:22:36,152,FortyFiveDown
2021-02-14T12:27:37,160,FortyFiveUp
2021-02-14T12:32:36,162,Flat
2021-02-14T12:37:36,156,FortyFiveDown
2021-02-14T12:42:36,155,Flat
2021-02-14T12:47:36,152,Flat
2021-02-14T12:52:37,147,Flat
2021-02-14T12:57:36,140,FortyFiveDown
2021-02-14T13:02:37,137,Flat
2021-02-14T13:07:36,131,FortyFiveDown
2021-02-14T13:12:36,123,FortyFiveDown
2021-02-14T13:17:37,121,Flat
2021-02-14T13:22:36,112,FortyFiveDown
2021-02-14T13:27:36,107,FortyFiveDown
2021-02-14T13:32:36,103,Flat
2021-02-14T13:37:37,99,Flat
2021-02-14T13:42:36,97,Flat
2021-02-14T13:47:37,94,Flat
2021-02-14T13:52:36,91,Flat
2021-02-14T13:57:36,87,Flat
2021-02-14T14:02:36,82,FortyFiveDown
2021-02-14T14:07:37,79,Flat
2021-02-14T14:12:37,76,Flat
2021-02-14T14:17:36,74,Flat
2021-02-14T14:22:36,73,Flat
2021-02-14T14:27:37,82,FortyFiveUp
2021-02-14T14:32:36,98,DoubleUp
2021-02-14T14:37:36,113,DoubleUp
2021-02-14T14:42:37,119,FortyFiveUp
2021-02-14T14:47:37,121,Flat
2021-02-14T14:52:36,119,Flat
2021-02-14T14:57:37,116,Flat
2021-02-14T15:02:36,114,Flat
2021-02-14T15:07:36,111,Flat
2021-02-14T15:12:37,108,Flat
2021-02-14T15:17:37,106,Flat
2021-02-14T15:22:37,105,Flat
2021-02-14T15:27:37,104,Flat
2021-02-14T15:32:37,102,Flat
2021-02-14T15:37:37,101,Flat
2021-02-14T15:42:36,100,Flat
2021-02-14T15:47:36,99,Flat
2021-02-14T15:52:37,100,Flat
2021-02-14T15:57:37,107,FortyFiveUp
2021-02-14T16:02:37,121,SingleUp
2021-02-14T16:07:37,132,SingleUp
2021-02-14T16:12:37,139,FortyFiveUp
2021-02-14T16:17:37,161,DoubleUp
2021-02-14T16:22:37,166,FortyFiveUp
2021-02-14T16:27:37,156,SingleDown
2021-02-14T16:32:36,158,Flat
2021-02-14T16:37:36,161,Flat
2021-02-14T16:42:37,167,FortyFiveUp
2021-02-14T16:47:37,164,Flat
2021-02-14T16:52:37,157,FortyFiveDown
2021-02-14T16:57:37,146,SingleDown
2021-02-14T17:02:36,138,FortyFiveDown
2021-02-14T17:07:37,135,Flat
2021-02-14T17:12:36,134,Flat
2021-02-14T17:17:37,133,Flat
2021-02-14T17:22:37,133,Flat
2021-02-14T17:27:37,129,Flat
2021-02-14T17:32:37,121,FortyFiveDown
2021-02-14T17:37:37,124,Flat
2021-02-14T17:42:37,129,FortyFiveUp
2021-02-14T17:47:37,136,FortyFiveUp
2021-02-14T17:52:37,134,Flat
2021-02-14T17:57:37,140,FortyFiveUp
2021-02-14T18:02:37,144,Flat
2021-02-14T18:07:37,144,Flat
2021-02-14T18:12:37,148,Flat
2021-02-14T18:17:37,147,Flat
2021-02-14T18:22:37,143,Flat
2021-02-14T18:27:37,144,Flat
2021-02-14T18:32:37,147,Flat
2021-02-14T18:37:37,139,FortyFiveDown
2021-02-14T18:42:37,144,FortyFiveUp
2021-02-14T18:47:37,151,FortyFiveUp
2021-02-14T18:52:37,150,Flat
2021-02-14T18:57:37,138,SingleDown
2021-02-14T19:02:37,143,FortyFiveUp
2021-02-14T19:07:37,145,Flat
2021-02-14T19:12:37,144,Flat
2021-02-14T19:17:37,149,FortyFiveUp
2021-02-14T19:22:37,150,Flat
2021-02-14T19:27:38,157,FortyFiveUp
2021-02-14T19:32:38,177,DoubleUp
2021-02-14T19:37:38,191,SingleUp
2021-02-14T19:42:38,196,FortyFiveUp
2021-02-14T19:47:38,209,SingleUp
2021-02-14T19:52:38,216,FortyFiveUp
2021-02-14T19:57:38,229,SingleUp
2021-02-14T20:02:37,226,Flat
2021-02-14T20:07:37,236,SingleUp
2021-02-14T20:12:37,243,FortyFiveUp
2021-02-14T20:17:37,241,Flat
2021-02-14T20:22:37,242,Flat
2021-02-14T20:27:37,243,Flat
2021-02-14T20:32:37,246,Flat
2021-02-14T20:37:37,249,Flat
2021-02-14T20:42:37,253,Flat
2021-02-14T20:47:37,252,Flat
2021-02-14T20:52:37,251,Flat
2021-02-14T20:57:37,247,Flat
2021-02-14T21:02:38,252,Flat
2021-02-14T21:07:37,253,Flat
2021-02-14T21:12:37,250,Flat
2021-02-14T21:17:37,250,Flat
2021-02-14T21:22:37,245,FortyFiveDown
2021-02-14T21:27:37,247,Flat
2021-02-14T21:32:37,245,Flat
2021-02-14T21:37:37,242,Flat
2021-02-14T21:42:38,237,Flat
2021-02-14T21:47:37,235,Flat
2021-02-14T21:52:37,230,FortyFiveDown
2021-02-14T21:57:38,225,Flat
2021-02-14T22:02:37,232,FortyFiveUp
2021-02-14T22:07:38,235,Flat
2021-02-14T22:12:38,232,Flat
2021-02-14T22:17:38,233,Flat
2021-02-14T22:22:38,234,Flat
2021-02-14T22:27:38,229,FortyFiveDown
2021-02-14T22:32:37,224,FortyFiveDown
2021-02-14T22:37:38,225,Flat
2021-02-14T22:42:37,221,Flat
2021-02-14T22:47:37,218,Flat
2021-02-14T22:52:37,228,SingleUp
2021-02-14T22:57:38,235,FortyFiveUp
2021-02-14T23:02:38,230,FortyFiveDown
2021-02-14T23:07:37,225,FortyFiveDown
2021-02-14T23:12:38,218,FortyFiveDown
2021-02-14T23:17:38,218,Flat
2021-02-14T23:22:38,215,Flat
2021-02-14T23:27:38,213,Flat
2021-02-14T23:32:37,210,Flat
2021-02-14T23:37:37,208,Flat
2021-02-14T23:42:37,205,Flat
2021-02-14T23:47:38,203,Flat
2021-02-14T23:52:38,202,Flat
2021-02-14T23:57:38,201,Flat
2021-02-15T00:02:38,200,Flat
2021-02-15T00:07:38,198,Flat
2021-02-15T00:12:38,195,Flat
2021-02-15T00:17:38,192,Flat
2021-02-15T00:22:38,188,Flat
2021-02-15T00:27:37,189,Flat
2021-02-15T00:32:38,187,Flat
2021-02-15T00:37:38,185,Flat
2021-02-15T00:42:38,182,Flat
2021-02-15T00:47:38,181,Flat
2021-02-15T00:52:38,180,Flat
2021-02-15T00:57:38,178,Flat
2021-02-15T01:02:38,176,Flat
2021-02-15T01:07:38,174,Flat
2021-02-15T01:12:38,172,Flat
2021-02-15T01:17:38,169,Flat
2021-02-15T01:22:38,168,Flat
2021-02-15T01:27:38,166,Flat
2021-02-15T01:32:38,165,Flat
2021-02-15T01:37:38,165,Flat
2021-02-15T01:42:38,162,Flat
2021-02-15T01:47:38,163,Flat
2021-02-15T01:52:38,162,Flat
2021-02-15T01:57:38,162,Flat
2021-02-15T02:02:38,161,Flat
2021-02-15T02:07:38,159,Flat
2021-02-15T02:12:38,157,Flat
2021-02-15T02:17:39,157,Flat
2021-02-15T02:22:38,156,Flat
2021-02-15T02:27:38,156,Flat
2021-02-15T02:32:38,155,Flat
2021-02-15T02:37:38,154,Flat
2021-02-15T02:42:39,153,Flat
2021-02-15T02:47:38,154,Flat
2021-02-15T02:52:38,156,Flat
2021-02-15T02:57:38,158,Flat
2021-02-15T03:02:38,155,Flat
2021-02-15T03:07:38,156,Flat
2021-02-15T03:12:38,157,Flat
2021-02-15T03:17:39,157,Flat
2021-02-15T03:22:38,157,Flat
2021-02-15T03:27:38,156,Flat
2021-02-15T03:32:38,157,Flat
2021-02-15T03:37:39,158,Flat
2021-02-15T03:42:38,157,Flat
2021-02-15T03:47:38,156,Flat
2021-02-15T03:52:39,157,Flat
2021-02-15T03:57:39,158,Flat
2021-02-15T04:02:38,160,Flat
2021-02-15T04:07:38,159,Flat
2021-02-15T04:12:38,157,Flat
2021-02-15T04:17:38,156,Flat
2021-02-15T04:22:38,160,Flat
2021-02-15T04:27:38,159,Flat
2021-02-15T04:32:39,162,Flat
2021-02-15T04:37:39,162,Flat
2021-02-15T04:42:39,161,Flat
2021-02-15T04:47:38,159,Flat
2021-02-15T04:52:38,160,Flat
2021-02-15T04:57:38,161,Flat
2021-02-15T05:02:38,161,Flat
2021-02-15T05:07:39,161,Flat
2021-02-15T05:12:38,161,Flat
2021-02-15T05:17:39,162,Flat
2021-02-15T05:22:38,162,Flat
2021-02-15T05:27:38,162,Flat
2021-02-15T05:32:38,164,Flat
2021-02-15T05:37:39,164,Flat
2021-02-15T05:42:38,164,Flat
2021-02-15T05:47:39,167,Flat
2021-02-15T05:52:39,167,Flat
2021-02-15T05:57:38,168,Flat
2021-02-15T06:02:39,166,Flat
2021-02-15T06:07:39,167,Flat
2021-02-15T06:12:39,170,Flat
2021-02-15T06:17:39,169,Flat
2021-02-15T06:22:39,169,Flat
2021-02-15T06:27:39,169,Flat
2021-02-15T06:32:39,170,Flat
2021-02-15T06:37:38,171,Flat
2021-02-15T06:42:39,172,Flat
2021-02-15T06:47:39,171,Flat
2021-02-15T06:52:39,171,Flat
2021-02-15T06:57:39,171,Flat
2021-02-15T07:02:39,173,Flat
2021-02-15T07:07:39,173,Flat
2021-02-15T07:12:39,176,Flat
2021-02-15T07:17:38,178,Flat
2021-02-15T07:22:39,176,Flat
2021-02-15T07:27:39,174,Flat
2021-02-15T07:32:38,171,Flat
2021-02-15T07:37:39,168,Flat
2021-02-15T07:42:39,172,Flat
2021-02-15T07:47:39,171,Flat
2021-02-15T07:52:39,165,FortyFiveDown
2021-02-15T07:57:39,169,Flat
2021-02-15T08:02:39,178,FortyFiveUp
2021-02-15T08:07:39,181,Flat
2021-02-15T08:12:38,176,FortyFiveDown
2021-02-15T08:17:39,185,FortyFiveUp
2021-02-15T08:22:39,200,DoubleUp
2021-02-15T08:27:39,212,SingleUp
2021-02-15T08:32:39,219,FortyFiveUp
2021-02-15T08:37:39,222,Flat
2021-02-15T08:42:39,217,FortyFiveDown
2021-02-15T08:47:40,199,DoubleDown
2021-02-15T08:52:40,195,Flat
2021-02-15T08:57:39,193,Flat
2021-02-15T09:02:39,195,Flat
2021-02-15T09:07:39,186,FortyFiveDown
2021-02-15T09:12:40,176,FortyFiveDown
2021-02-15T09:17:40,170,FortyFiveDown
2021-02-15T09:22:39,164,FortyFiveDown
2021-02-15T09:27:39,154,SingleDown
2021-02-15T09:32:39,148,FortyFiveDown
2021-02-15T09:37:39,143,FortyFiveDown
2021-02-15T09:42:39,138,FortyFiveDown
2021-02-15T09:47:40,134,Flat
2021-02-15T09:52:39,129,FortyFiveDown
2021-02-15T09:57:39,121,FortyFiveDown
